PolicyKey,PolicyID,CustomerKey,ProductKey,AgentKey,ApplicationDateKey,IssueDateKey,RenewalDateKey,ApplicationDate,IssueDate,RenewalDate,PolicyStatus,PaymentFrequency,UnderwritingDecision,UnderwritingRiskBand,DaysToIssue,AnnualPremiumSGD,MonthlyEquivalentPremiumSGD,SumAssuredSGD,RenewalPremiumDueSGD,RenewalPremiumPaidSGD,RenewalPaidFlag,LapseFlag,ClaimCount,ClaimPaidAmountSGD,ClaimStatus,ClaimDate,PolicyTermYears,AcquisitionChannel,LastModifiedDateTime
1,POL000000001,568,3,25,20240719,20240725,20250725,2024-07-19,2024-07-25,2025-07-25,Active,Monthly,Approved,Standard,6,15467.7,1288.98,689000,15467.7,15467.7,1,0,0,0.0,None,,20,Agency,2025-06-20 02:25:01
2,POL000000002,246,2,17,20240117,20240201,20250131,2024-01-17,2024-02-01,2025-01-31,Lapsed,Monthly,Approved,Standard,15,2534.22,211.18,781000,2534.22,0.0,0,1,0,0.0,None,,15,Bancassurance,2025-11-19 08:27:10
3,POL000000003,516,12,18,20251101,20251117,20261117,2025-11-01,2025-11-17,2026-11-17,Claimed,Quarterly,Approved,Standard,16,34362.09,2863.51,1155000,0.0,0.0,0,0,1,391288.8,Paid,2026-08-18,10,Digital,2026-08-06 18:34:41
4,POL000000004,300,5,13,20241104,20241112,20251112,2024-11-04,2024-11-12,2025-11-12,Cancelled,Monthly,Approved,Standard,8,2587.24,215.6,102000,2587.24,0.0,0,0,0,0.0,None,,10,Broker / IFA,2025-02-22 10:00:06
5,POL000000005,69,2,16,20240625,20240703,20250703,2024-06-25,2024-07-03,2025-07-03,Active,Annual,Approved,Low,8,1729.11,144.09,631000,1729.11,1729.11,1,0,0,0.0,None,,20,Direct,2025-04-19 09:30:58
6,POL000000006,625,5,17,20241215,20250103,20260103,2024-12-15,2025-01-03,2026-01-03,Active,Monthly,Approved,Standard,19,1460.64,121.72,66000,1460.64,1460.64,1,0,0,0.0,None,,20,Bancassurance,2025-02-13 18:39:36
7,POL000000007,144,5,17,20240525,20240528,20250528,2024-05-25,2024-05-28,2025-05-28,Active,Annual,Approved,Standard,3,16142.56,1345.21,500000,16142.56,16142.56,1,0,0,0.0,None,,10,Bancassurance,2024-07-20 03:22:53
8,POL000000008,259,6,16,20230222,20230225,20240225,2023-02-22,2023-02-25,2024-02-25,Active,Monthly,Approved,Standard,3,10455.59,871.3,329000,10455.59,10455.59,1,0,0,0.0,None,,18,Direct,2026-02-01 23:25:39
9,POL000000009,498,11,22,20230201,20230206,20240206,2023-02-01,2023-02-06,2024-02-06,Active,Annual,Approved,Low,5,4326.49,360.54,191000,4326.49,4326.49,1,0,0,0.0,None,,15,Bancassurance,2026-02-21 18:53:32
10,POL000000010,158,5,12,20260829,20260901,20270901,2026-08-29,2026-09-01,2027-09-01,Active,Monthly,Approved,Standard,3,2884.61,240.38,83000,0.0,0.0,0,0,0,0.0,None,,10,Agency,2026-09-22 01:46:28
11,POL000000011,736,8,4,20240104,20240107,20250106,2024-01-04,2024-01-07,2025-01-06,Active,Monthly,Approved,Low,3,4341.7,361.81,421000,4341.7,4341.7,1,0,0,0.0,None,,15,Agency,2025-04-09 11:33:27
12,POL000000012,48,1,16,20260506,20260525,20270525,2026-05-06,2026-05-25,2027-05-25,Lapsed,Annual,Approved,Standard,19,4332.35,361.03,1490000,0.0,0.0,0,1,0,0.0,None,,1,Direct,2026-06-04 03:35:16
13,POL000000013,160,6,15,20230520,20230608,20240607,2023-05-20,2023-06-08,2024-06-07,Active,Monthly,Approved,Low,19,2097.31,174.78,65000,2097.31,2097.31,1,0,0,0.0,None,,10,Bancassurance,2023-08-23 12:26:40
14,POL000000014,492,1,14,20250812,20250822,20260822,2025-08-12,2025-08-22,2026-08-22,Active,Monthly,Approved,Standard,10,840.26,70.02,435000,840.26,840.26,1,0,0,0.0,None,,20,Bancassurance,2025-11-03 03:56:45
15,POL000000015,453,9,22,20260210,20260216,20270216,2026-02-10,2026-02-16,2027-02-16,Active,Monthly,Approved,Low,6,451.47,37.62,69000,0.0,0.0,0,0,0,0.0,None,,15,Bancassurance,2026-07-02 02:36:44
16,POL000000016,286,9,7,20241119,20241126,20251126,2024-11-19,2024-11-26,2025-11-26,Active,Quarterly,Approved,Standard,7,2781.55,231.8,271000,2781.55,2781.55,1,0,0,0.0,None,,20,Bancassurance,2026-07-13 19:46:51
17,POL000000017,236,3,1,20240322,20240329,20250329,2024-03-22,2024-03-29,2025-03-29,Lapsed,Annual,Approved,Standard,7,1512.69,126.06,129000,1512.69,0.0,0,1,0,0.0,None,,30,Digital,2025-06-22 10:56:38
18,POL000000018,482,3,15,20260430,20260502,20270502,2026-04-30,2026-05-02,2027-05-02,Active,Monthly,Approved,Standard,2,7276.97,606.41,410000,0.0,0.0,0,0,0,0.0,None,,25,Bancassurance,2026-08-17 20:10:31
19,POL000000019,457,6,24,20230826,20230901,20240831,2023-08-26,2023-09-01,2024-08-31,Active,Monthly,Approved,Standard,6,6947.13,578.93,296000,6947.13,6947.13,1,0,0,0.0,None,,18,Agency,2025-11-21 04:44:15
20,POL000000020,476,6,10,20230104,20230109,20240109,2023-01-04,2023-01-09,2024-01-09,Active,Annual,Approved,Low,5,2168.52,180.71,95000,2168.52,2168.52,1,0,0,0.0,None,,18,Agency,2024-04-06 23:05:58
21,POL000000021,559,11,6,20250202,20250216,20260216,2025-02-02,2025-02-16,2026-02-16,Active,Monthly,Approved,Standard,14,9248.97,770.75,276000,9248.97,9248.97,1,0,0,0.0,None,,20,Agency,2026-06-10 02:33:54
22,POL000000022,183,4,2,20260411,20260420,20270420,2026-04-11,2026-04-20,2027-04-20,Cancelled,Monthly,Approved,Standard,9,4234.27,352.86,188000,0.0,0.0,0,0,0,0.0,None,,25,Broker / IFA,2026-04-24 15:52:47
23,POL000000023,219,9,9,20240615,20240707,20250707,2024-06-15,2024-07-07,2025-07-07,Active,Monthly,Approved,Low,22,2813.89,234.49,306000,2813.89,2813.89,1,0,0,0.0,None,,20,Bancassurance,2026-05-16 10:34:47
24,POL000000024,333,2,16,20250920,20251002,20261002,2025-09-20,2025-10-02,2026-10-02,Claimed,Monthly,Approved,Low,12,1542.25,128.52,722000,0.0,0.0,0,0,1,142504.73,Paid,2026-07-22,10,Direct,2026-09-12 11:55:11
25,POL000000025,208,3,7,20240424,20240427,20250427,2024-04-24,2024-04-27,2025-04-27,Active,Half-yearly,Approved,Standard,3,7705.98,642.16,349000,7705.98,7705.98,1,0,0,0.0,None,,20,Bancassurance,2024-05-06 10:26:17
26,POL000000026,374,12,23,20231027,20231101,20241031,2023-10-27,2023-11-01,2024-10-31,Cancelled,Monthly,Approved with Loading,Elevated,5,12966.57,1080.55,416000,12966.57,0.0,0,0,0,0.0,None,,10,Bancassurance,2024-09-16 04:24:50
27,POL000000027,624,7,10,20240717,20240724,20250724,2024-07-17,2024-07-24,2025-07-24,Active,Quarterly,Approved,Low,7,1475.34,122.94,127000,1475.34,1475.34,1,0,0,0.0,None,,20,Agency,2024-11-24 15:59:04
28,POL000000028,156,2,13,20250615,20250621,20260621,2025-06-15,2025-06-21,2026-06-21,Active,Quarterly,Approved with Loading,Elevated,6,1135.64,94.64,296000,1135.64,1135.64,1,0,0,0.0,None,,15,Broker / IFA,2026-07-15 11:51:15
29,POL000000029,82,2,1,20250523,20250530,20260530,2025-05-23,2025-05-30,2026-05-30,Active,Monthly,Approved,Standard,7,2703.31,225.28,972000,2703.31,2703.31,1,0,0,0.0,None,,20,Digital,2026-05-14 16:30:08
30,POL000000030,406,12,18,20230622,20230624,20240623,2023-06-22,2023-06-24,2024-06-23,Active,Annual,Approved,Standard,2,4060.71,338.39,220000,4060.71,4060.71,1,0,0,0.0,None,,10,Digital,2023-08-04 02:37:38
31,POL000000031,344,6,1,20250814,20250822,20260822,2025-08-14,2025-08-22,2026-08-22,Active,Quarterly,Approved,Standard,8,8460.73,705.06,187000,8460.73,8460.73,1,0,0,0.0,None,,15,Digital,2025-08-23 02:23:38
32,POL000000032,544,10,17,20260418,20260421,20270421,2026-04-18,2026-04-21,2027-04-21,Active,Monthly,Approved,Standard,3,894.11,74.51,82000,0.0,0.0,0,0,0,0.0,None,,5,Bancassurance,2026-05-13 14:57:56
33,POL000000033,273,3,7,20230416,20230417,20240416,2023-04-16,2023-04-17,2024-04-16,Active,Monthly,Approved,Low,1,2130.78,177.57,134000,2130.78,2130.78,1,0,0,0.0,None,,20,Bancassurance,2025-09-25 22:14:12
34,POL000000034,503,5,1,20250123,20250208,20260208,2025-01-23,2025-02-08,2026-02-08,Active,Monthly,Approved,Standard,16,4288.5,357.38,189000,4288.5,4288.5,1,0,0,0.0,None,,10,Digital,2025-05-30 19:58:07
35,POL000000035,611,10,20,20231209,20231213,20241212,2023-12-09,2023-12-13,2024-12-12,Active,Annual,Approved,Standard,4,801.37,66.78,79000,801.37,801.37,1,0,0,0.0,None,,10,Agency,2024-12-08 02:15:40
36,POL000000036,650,5,22,20241106,20241109,20251109,2024-11-06,2024-11-09,2025-11-09,Active,Half-yearly,Approved,Standard,3,11079.72,923.31,441000,11079.72,0.0,0,0,0,0.0,None,,20,Bancassurance,2026-09-08 03:56:32
37,POL000000037,659,4,9,20230907,20230917,20240916,2023-09-07,2023-09-17,2024-09-16,Lapsed,Quarterly,Approved,Standard,10,4518.11,376.51,230000,4518.11,0.0,0,1,0,0.0,None,,20,Bancassurance,2023-10-12 17:19:50
38,POL000000038,613,5,15,20260127,20260210,20270210,2026-01-27,2026-02-10,2027-02-10,Active,Monthly,Approved,Standard,14,21534.88,1794.57,429000,0.0,0.0,0,0,0,0.0,None,,10,Bancassurance,2026-06-23 02:28:10
39,POL000000039,223,12,1,20241126,20241204,20251204,2024-11-26,2024-12-04,2025-12-04,Active,Quarterly,Approved with Loading,Elevated,8,16660.68,1388.39,556000,16660.68,16660.68,1,0,0,0.0,None,,15,Digital,2026-04-26 20:17:27
40,POL000000040,627,10,5,20240528,20240531,20250531,2024-05-28,2024-05-31,2025-05-31,Active,Quarterly,Approved with Loading,Elevated,3,1711.6,142.63,117000,1711.6,1711.6,1,0,0,0.0,None,,5,Direct,2024-08-30 00:05:59
41,POL000000041,383,7,3,20230625,20230627,20240626,2023-06-25,2023-06-27,2024-06-26,Active,Monthly,Approved with Loading,Elevated,2,13381.6,1115.13,801000,13381.6,13381.6,1,0,0,0.0,None,,20,Broker / IFA,2023-09-14 20:43:07
42,POL000000042,395,6,22,20250504,20250514,20260514,2025-05-04,2025-05-14,2026-05-14,Active,Monthly,Approved,Low,10,2784.47,232.04,145000,2784.47,2784.47,1,0,0,0.0,None,,15,Bancassurance,2025-08-09 16:05:20
43,POL000000043,733,2,2,20240525,20240528,20250528,2024-05-25,2024-05-28,2025-05-28,Active,Monthly,Approved with Loading,Elevated,3,2195.89,182.99,561000,2195.89,2195.89,1,0,0,0.0,None,,20,Broker / IFA,2026-04-25 04:01:55
44,POL000000044,436,1,6,20231201,20231204,20241203,2023-12-01,2023-12-04,2024-12-03,Active,Monthly,Approved with Loading,Elevated,3,756.57,63.05,359000,756.57,0.0,0,0,0,0.0,None,,5,Agency,2024-02-20 22:59:57
45,POL000000045,205,1,5,20250222,20250226,20260226,2025-02-22,2025-02-26,2026-02-26,Active,Monthly,Approved,Standard,4,2767.66,230.64,998000,2767.66,2767.66,1,0,0,0.0,None,,5,Direct,2025-07-03 07:02:42
46,POL000000046,132,5,9,20240228,20240313,20250313,2024-02-28,2024-03-13,2025-03-13,Active,Monthly,Approved,Low,14,1503.65,125.3,56000,1503.65,1503.65,1,0,0,0.0,None,,10,Bancassurance,2026-08-03 16:09:40
47,POL000000047,375,4,20,20240202,20240204,20250203,2024-02-02,2024-02-04,2025-02-03,Lapsed,Quarterly,Approved,Low,2,5868.05,489.0,176000,5868.05,0.0,0,1,0,0.0,None,,25,Agency,2024-08-24 03:56:08
48,POL000000048,568,4,22,20240622,20240717,20250717,2024-06-22,2024-07-17,2025-07-17,Active,Monthly,Approved,Standard,25,1587.46,132.29,114000,1587.46,0.0,0,0,0,0.0,None,,20,Bancassurance,2025-09-09 12:53:45
49,POL000000049,346,3,11,20260407,20260416,20270416,2026-04-07,2026-04-16,2027-04-16,Active,Quarterly,Approved,Standard,9,4543.8,378.65,237000,0.0,0.0,0,0,0,0.0,None,,25,Bancassurance,2026-07-29 15:19:17
50,POL000000050,118,11,1,20260412,20260503,20270503,2026-04-12,2026-05-03,2027-05-03,Active,Monthly,Approved,Standard,21,2725.0,227.08,180000,0.0,0.0,0,0,0,0.0,None,,20,Digital,2026-07-11 16:25:16
51,POL000000051,32,12,24,20230104,20230118,20240118,2023-01-04,2023-01-18,2024-01-18,Active,Monthly,Approved,Standard,14,13029.61,1085.8,492000,13029.61,13029.61,1,0,0,0.0,None,,15,Agency,2025-06-05 03:11:37
52,POL000000052,76,8,1,20240312,20240331,20250331,2024-03-12,2024-03-31,2025-03-31,Active,Monthly,Approved,Low,19,2581.37,215.11,327000,2581.37,2581.37,1,0,0,0.0,None,,10,Digital,2024-06-28 21:34:23
53,POL000000053,243,5,4,20260706,20260708,20270708,2026-07-06,2026-07-08,2027-07-08,Cancelled,Annual,Approved with Loading,Elevated,2,7695.17,641.26,190000,0.0,0.0,0,0,0,0.0,None,,20,Agency,2026-07-17 12:17:48
54,POL000000054,146,11,20,20230711,20230712,20240711,2023-07-11,2023-07-12,2024-07-11,Active,Monthly,Approved,Standard,1,16229.74,1352.48,697000,16229.74,16229.74,1,0,0,0.0,None,,10,Agency,2024-01-12 14:47:40
55,POL000000055,288,3,20,20250221,20250302,20260302,2025-02-21,2025-03-02,2026-03-02,Active,Monthly,Approved with Loading,Elevated,9,4008.12,334.01,294000,4008.12,4008.12,1,0,0,0.0,None,,25,Agency,2026-09-10 18:48:45
56,POL000000056,309,9,5,20230125,20230130,20240130,2023-01-25,2023-01-30,2024-01-30,Lapsed,Half-yearly,Approved,Standard,5,4454.89,371.24,457000,4454.89,0.0,0,1,0,0.0,None,,5,Direct,2026-01-26 22:57:05
57,POL000000057,717,1,18,20241028,20241102,20251102,2024-10-28,2024-11-02,2025-11-02,Active,Monthly,Approved,Low,5,807.66,67.3,615000,807.66,807.66,1,0,0,0.0,None,,20,Digital,2026-08-14 15:44:31
58,POL000000058,709,8,19,20240604,20240620,20250620,2024-06-04,2024-06-20,2025-06-20,Active,Monthly,Approved,Low,16,12783.44,1065.29,851000,12783.44,12783.44,1,0,0,0.0,None,,10,Agency,2026-04-01 18:02:34
59,POL000000059,598,2,5,20240824,20240831,20250831,2024-08-24,2024-08-31,2025-08-31,Lapsed,Half-yearly,Approved,Low,7,1197.71,99.81,880000,1197.71,0.0,0,1,0,0.0,None,,20,Direct,2025-03-18 12:59:22
60,POL000000060,329,4,24,20260623,20260707,20270707,2026-06-23,2026-07-07,2027-07-07,Active,Monthly,Approved,Standard,14,8647.84,720.65,350000,0.0,0.0,0,0,0,0.0,None,,25,Agency,2026-08-10 15:23:43
61,POL000000061,432,3,10,20250602,20250617,20260617,2025-06-02,2025-06-17,2026-06-17,Active,Monthly,Approved,Standard,15,1767.22,147.27,119000,1767.22,1767.22,1,0,0,0.0,None,,20,Agency,2025-12-03 16:36:06
62,POL000000062,369,9,22,20251205,20251214,20261214,2025-12-05,2025-12-14,2026-12-14,Active,Quarterly,Approved,Low,9,609.74,50.81,97000,0.0,0.0,0,0,0,0.0,None,,10,Bancassurance,2026-04-04 08:04:17
63,POL000000063,514,6,1,20260607,20260610,20270610,2026-06-07,2026-06-10,2027-06-10,Active,Quarterly,Approved,Low,3,1555.92,129.66,72000,0.0,0.0,0,0,0,0.0,None,,10,Digital,2026-07-17 19:53:10
64,POL000000064,474,9,3,20240322,20240323,20250323,2024-03-22,2024-03-23,2025-03-23,Active,Annual,Approved,Standard,1,2315.02,192.92,308000,2315.02,2315.02,1,0,0,0.0,None,,20,Broker / IFA,2024-07-30 19:19:39
65,POL000000065,564,1,18,20230403,20230408,20240407,2023-04-03,2023-04-08,2024-04-07,Cancelled,Quarterly,Approved,Standard,5,2031.74,169.31,1140000,2031.74,0.0,0,0,0,0.0,None,,10,Digital,2025-04-04 17:49:03
66,POL000000066,31,5,23,20230604,20230610,20240609,2023-06-04,2023-06-10,2024-06-09,Active,Monthly,Approved,Low,6,1742.36,145.2,72000,1742.36,1742.36,1,0,0,0.0,None,,10,Bancassurance,2026-05-11 01:57:02
67,POL000000067,360,4,25,20230217,20230226,20240226,2023-02-17,2023-02-26,2024-02-26,Active,Monthly,Approved,Standard,9,10397.02,866.42,762000,10397.02,10397.02,1,0,0,0.0,None,,30,Agency,2023-04-22 00:43:04
68,POL000000068,277,10,14,20240724,20240817,20250817,2024-07-24,2024-08-17,2025-08-17,Active,Half-yearly,Approved,Low,24,998.43,83.2,83000,998.43,998.43,1,0,0,0.0,None,,5,Bancassurance,2026-01-09 13:32:00
69,POL000000069,65,10,15,20260718,20260720,20270720,2026-07-18,2026-07-20,2027-07-20,Active,Monthly,Approved,Standard,2,3471.79,289.32,337000,0.0,0.0,0,0,0,0.0,None,,10,Bancassurance,2026-07-21 05:11:25
70,POL000000070,208,8,18,20260903,20260909,20270909,2026-09-03,2026-09-09,2027-09-09,Active,Annual,Approved,Low,6,2179.18,181.6,193000,0.0,0.0,0,0,0,0.0,None,,20,Digital,2026-09-25 05:17:36
71,POL000000071,147,7,2,20251001,20251004,20261004,2025-10-01,2025-10-04,2026-10-04,Claimed,Monthly,Approved,Low,3,2816.83,234.74,283000,0.0,0.0,0,0,2,212975.07,Paid,2026-03-03,10,Broker / IFA,2025-10-27 06:39:16
72,POL000000072,573,1,18,20260528,20260603,20270603,2026-05-28,2026-06-03,2027-06-03,Cancelled,Monthly,Approved,Low,6,240.0,20.0,106000,0.0,0.0,0,0,0,0.0,None,,5,Digital,2026-07-27 07:45:01
73,POL000000073,3,7,14,20240622,20240714,20250714,2024-06-22,2024-07-14,2025-07-14,Active,Monthly,Approved with Loading,Elevated,22,18810.39,1567.53,966000,18810.39,18810.39,1,0,0,0.0,None,,10,Bancassurance,2025-01-16 00:03:47
74,POL000000074,32,3,3,20260319,20260402,20270402,2026-03-19,2026-04-02,2027-04-02,Active,Monthly,Approved,Standard,14,2967.78,247.32,171000,0.0,0.0,0,0,0,0.0,None,,30,Broker / IFA,2026-08-23 11:55:22
75,POL000000075,420,9,15,20230705,20230715,20240714,2023-07-05,2023-07-15,2024-07-14,Active,Monthly,Approved,Standard,10,890.61,74.22,103000,890.61,890.61,1,0,0,0.0,None,,20,Bancassurance,2023-07-24 16:42:09
76,POL000000076,498,9,6,20260404,20260411,20270411,2026-04-04,2026-04-11,2027-04-11,Active,Half-yearly,Approved,Low,7,5133.15,427.76,439000,0.0,0.0,0,0,0,0.0,None,,15,Agency,2026-09-02 14:24:13
77,POL000000077,183,9,3,20231216,20231222,20241221,2023-12-16,2023-12-22,2024-12-21,Active,Monthly,Approved,Low,6,1929.85,160.82,337000,1929.85,0.0,0,0,0,0.0,None,,5,Broker / IFA,2024-08-31 01:22:35
78,POL000000078,228,2,5,20240121,20240122,20250121,2024-01-21,2024-01-22,2025-01-21,Lapsed,Quarterly,Approved,Standard,1,3370.08,280.84,1069000,3370.08,0.0,0,1,0,0.0,None,,15,Direct,2026-05-10 00:58:53
79,POL000000079,498,3,3,20240811,20240823,20250823,2024-08-11,2024-08-23,2025-08-23,Active,Monthly,Approved,Low,12,2479.21,206.6,306000,2479.21,2479.21,1,0,0,0.0,None,,20,Broker / IFA,2025-02-25 04:43:44
80,POL000000080,66,11,8,20241220,20241230,20251230,2024-12-20,2024-12-30,2025-12-30,Lapsed,Monthly,Approved,Standard,10,6134.83,511.24,269000,6134.83,0.0,0,1,0,0.0,None,,10,Bancassurance,2025-02-01 23:21:21
81,POL000000081,152,10,3,20251204,20251212,20261212,2025-12-04,2025-12-12,2026-12-12,Lapsed,Quarterly,Approved,Standard,8,1750.82,145.9,144000,0.0,0.0,0,1,0,0.0,None,,15,Broker / IFA,2026-08-15 06:02:09
82,POL000000082,263,10,24,20231219,20231225,20241224,2023-12-19,2023-12-25,2024-12-24,Active,Monthly,Approved,Low,6,1341.36,111.78,201000,1341.36,1341.36,1,0,0,0.0,None,,15,Agency,2024-01-15 21:02:58
83,POL000000083,683,8,25,20260228,20260309,20270309,2026-02-28,2026-03-09,2027-03-09,Active,Monthly,Approved,Standard,9,8488.96,707.41,955000,0.0,0.0,0,0,0,0.0,None,,20,Agency,2026-09-24 16:27:38
84,POL000000084,627,12,20,20251224,20251229,20261229,2025-12-24,2025-12-29,2026-12-29,Active,Monthly,Approved,Standard,5,39283.43,3273.62,1124000,0.0,0.0,0,0,0,0.0,None,,20,Agency,2026-08-28 11:20:39
85,POL000000085,243,8,3,20240301,20240306,20250306,2024-03-01,2024-03-06,2025-03-06,Active,Quarterly,Approved with Loading,Elevated,5,3802.39,316.87,191000,3802.39,3802.39,1,0,0,0.0,None,,10,Broker / IFA,2026-06-25 07:30:15
86,POL000000086,628,5,24,20260218,20260304,20270304,2026-02-18,2026-03-04,2027-03-04,Lapsed,Monthly,Approved,Standard,14,7440.11,620.01,305000,0.0,0.0,0,1,0,0.0,None,,20,Agency,2026-09-20 09:27:46
87,POL000000087,545,7,13,20260525,20260529,20270529,2026-05-25,2026-05-29,2027-05-29,Active,Quarterly,Approved,Low,4,3661.65,305.14,431000,0.0,0.0,0,0,0,0.0,None,,20,Broker / IFA,2026-06-14 02:09:49
88,POL000000088,361,1,1,20251220,20260110,20270110,2025-12-20,2026-01-10,2027-01-10,Active,Quarterly,Approved,Standard,21,958.91,79.91,426000,0.0,0.0,0,0,0,0.0,None,,1,Digital,2026-02-22 17:13:59
89,POL000000089,495,1,25,20230712,20230714,20240713,2023-07-12,2023-07-14,2024-07-13,Active,Monthly,Approved,Low,2,2087.91,173.99,916000,2087.91,2087.91,1,0,0,0.0,None,,20,Agency,2023-11-26 19:55:31
90,POL000000090,354,3,4,20240731,20240803,20250803,2024-07-31,2024-08-03,2025-08-03,Active,Monthly,Approved,Low,3,1219.15,101.6,87000,1219.15,1219.15,1,0,0,0.0,None,,30,Agency,2024-09-07 07:14:50
91,POL000000091,662,4,12,20231213,20240106,20250105,2023-12-13,2024-01-06,2025-01-05,Active,Annual,Approved with Loading,Elevated,24,17368.65,1447.39,591000,17368.65,17368.65,1,0,0,0.0,None,,20,Agency,2025-09-21 10:30:51
92,POL000000092,586,4,4,20230907,20230908,20240907,2023-09-07,2023-09-08,2024-09-07,Active,Monthly,Approved,Standard,1,2104.05,175.34,150000,2104.05,2104.05,1,0,0,0.0,None,,20,Agency,2024-12-29 10:29:13
93,POL000000093,620,1,22,20260313,20260331,20270331,2026-03-13,2026-03-31,2027-03-31,Active,Monthly,Approved,Standard,18,529.7,44.14,282000,0.0,0.0,0,0,0,0.0,None,,5,Bancassurance,2026-07-11 01:53:41
94,POL000000094,635,6,3,20260102,20260106,20270106,2026-01-02,2026-01-06,2027-01-06,Active,Monthly,Approved,Standard,4,6314.82,526.24,245000,0.0,0.0,0,0,0,0.0,None,,10,Broker / IFA,2026-08-17 07:51:23
95,POL000000095,350,5,6,20251128,20251130,20261130,2025-11-28,2025-11-30,2026-11-30,Active,Monthly,Approved,Standard,2,6091.97,507.66,299000,0.0,0.0,0,0,0,0.0,None,,20,Agency,2026-05-16 03:13:24
96,POL000000096,634,1,14,20230606,20230611,20240610,2023-06-06,2023-06-11,2024-06-10,Active,Monthly,Approved,Standard,5,2343.17,195.26,976000,2343.17,2343.17,1,0,0,0.0,None,,5,Bancassurance,2025-08-08 14:46:29
97,POL000000097,496,9,12,20250327,20250407,20260407,2025-03-27,2025-04-07,2026-04-07,Active,Annual,Approved with Loading,Elevated,11,3086.01,257.17,211000,3086.01,3086.01,1,0,0,0.0,None,,10,Agency,2026-02-25 04:00:49
98,POL000000098,70,7,21,20231214,20231222,20241221,2023-12-14,2023-12-22,2024-12-21,Active,Quarterly,Approved,Standard,8,4470.56,372.55,439000,4470.56,4470.56,1,0,0,0.0,None,,15,Agency,2025-02-06 11:28:06
99,POL000000099,240,12,18,20241018,20241104,20251104,2024-10-18,2024-11-04,2025-11-04,Active,Half-yearly,Approved,Standard,17,5654.56,471.21,311000,5654.56,5654.56,1,0,0,0.0,None,,15,Digital,2026-04-14 19:47:49
100,POL000000100,718,12,13,20250916,20250923,20260923,2025-09-16,2025-09-23,2026-09-23,Active,Half-yearly,Approved,Standard,7,11514.13,959.51,467000,11514.13,11514.13,1,0,0,0.0,None,,15,Broker / IFA,2026-04-12 15:07:45
101,POL000000101,501,9,18,20230521,20230527,20240526,2023-05-21,2023-05-27,2024-05-26,Lapsed,Monthly,Approved,Standard,6,378.72,31.56,52000,378.72,0.0,0,1,0,0.0,None,,5,Digital,2026-01-07 10:30:52
102,POL000000102,208,12,6,20231219,20231226,20241225,2023-12-19,2023-12-26,2024-12-25,Active,Monthly,Approved,Low,7,24986.93,2082.24,1060000,24986.93,24986.93,1,0,0,0.0,None,,10,Agency,2024-10-01 02:38:18
103,POL000000103,556,2,9,20230623,20230701,20240630,2023-06-23,2023-07-01,2024-06-30,Active,Annual,Approved,Standard,8,1908.74,159.06,700000,1908.74,1908.74,1,0,0,0.0,None,,5,Bancassurance,2026-02-12 17:57:21
104,POL000000104,48,3,25,20260904,20260909,20270909,2026-09-04,2026-09-09,2027-09-09,Active,Monthly,Approved,Low,5,4420.64,368.39,258000,0.0,0.0,0,0,0,0.0,None,,25,Agency,2026-09-25 22:16:42
105,POL000000105,660,6,7,20230807,20230817,20240816,2023-08-07,2023-08-17,2024-08-16,Active,Annual,Approved,Low,10,2367.33,197.28,65000,2367.33,2367.33,1,0,0,0.0,None,,18,Bancassurance,2024-03-02 04:09:10
106,POL000000106,710,7,3,20260504,20260514,20270514,2026-05-04,2026-05-14,2027-05-14,Active,Monthly,Approved,Standard,10,9226.2,768.85,620000,0.0,0.0,0,0,0,0.0,None,,25,Broker / IFA,2026-09-03 08:05:30
107,POL000000107,528,6,16,20230309,20230318,20240317,2023-03-09,2023-03-18,2024-03-17,Active,Monthly,Approved with Loading,Elevated,9,3701.37,308.45,89000,3701.37,0.0,0,0,0,0.0,None,,18,Direct,2023-09-04 12:32:11
108,POL000000108,72,6,21,20240408,20240419,20250419,2024-04-08,2024-04-19,2025-04-19,Lapsed,Annual,Approved,Low,11,4860.82,405.07,143000,4860.82,0.0,0,1,0,0.0,None,,15,Agency,2024-08-01 06:05:54
109,POL000000109,204,8,4,20240129,20240206,20250205,2024-01-29,2024-02-06,2025-02-05,Active,Monthly,Approved,Standard,8,5505.0,458.75,287000,5505.0,5505.0,1,0,0,0.0,None,,10,Agency,2025-06-16 05:00:44
110,POL000000110,641,1,3,20240128,20240205,20250204,2024-01-28,2024-02-05,2025-02-04,Matured,Quarterly,Approved with Loading,Elevated,8,3905.06,325.42,873000,3905.06,3905.06,1,0,0,0.0,None,,1,Broker / IFA,2024-05-30 09:23:31
111,POL000000111,629,2,25,20231127,20231208,20241207,2023-11-27,2023-12-08,2024-12-07,Active,Annual,Approved,Standard,11,3000.83,250.07,1083000,3000.83,3000.83,1,0,0,0.0,None,,5,Agency,2024-05-09 07:48:02
112,POL000000112,388,12,2,20240829,20240901,20250901,2024-08-29,2024-09-01,2025-09-01,Active,Monthly,Approved,Standard,3,24400.12,2033.34,1047000,24400.12,24400.12,1,0,0,0.0,None,,20,Broker / IFA,2024-10-03 14:48:52
113,POL000000113,577,5,4,20250309,20250314,20260314,2025-03-09,2025-03-14,2026-03-14,Active,Annual,Approved,Standard,5,2314.91,192.91,89000,2314.91,2314.91,1,0,0,0.0,None,,10,Agency,2025-10-07 01:07:10
114,POL000000114,130,7,3,20251023,20251027,20261027,2025-10-23,2025-10-27,2026-10-27,Cancelled,Monthly,Approved,Standard,4,8783.28,731.94,575000,0.0,0.0,0,0,0,0.0,None,,20,Broker / IFA,2026-01-29 10:29:27
115,POL000000115,281,5,11,20240703,20240710,20250710,2024-07-03,2024-07-10,2025-07-10,Active,Quarterly,Approved,Low,7,5128.53,427.38,346000,5128.53,5128.53,1,0,0,0.0,None,,15,Bancassurance,2026-01-21 06:53:36
116,POL000000116,710,7,3,20240417,20240421,20250421,2024-04-17,2024-04-21,2025-04-21,Active,Quarterly,Approved,Standard,4,4397.25,366.44,325000,4397.25,4397.25,1,0,0,0.0,None,,15,Broker / IFA,2024-07-13 02:02:35
117,POL000000117,716,6,3,20240614,20240625,20250625,2024-06-14,2024-06-25,2025-06-25,Active,Monthly,Approved,Standard,11,3451.99,287.67,109000,3451.99,3451.99,1,0,0,0.0,None,,18,Broker / IFA,2025-08-22 17:48:55
118,POL000000118,122,2,8,20250421,20250428,20260428,2025-04-21,2025-04-28,2026-04-28,Active,Monthly,Approved,Standard,7,701.86,58.49,259000,701.86,701.86,1,0,0,0.0,None,,5,Bancassurance,2026-08-01 07:18:36
119,POL000000119,379,11,5,20260107,20260111,20270111,2026-01-07,2026-01-11,2027-01-11,Active,Monthly,Approved,Low,4,9195.33,766.28,504000,0.0,0.0,0,0,0,0.0,None,,20,Direct,2026-08-26 21:08:42
120,POL000000120,153,7,23,20230425,20230514,20240513,2023-04-25,2023-05-14,2024-05-13,Active,Monthly,Approved,Low,19,7675.61,639.63,946000,7675.61,7675.61,1,0,0,0.0,None,,25,Bancassurance,2025-02-25 06:51:01
121,POL000000121,665,12,6,20260710,20260717,20270717,2026-07-10,2026-07-17,2027-07-17,Active,Monthly,Approved,Standard,7,7905.91,658.83,233000,0.0,0.0,0,0,0,0.0,None,,10,Agency,2026-09-04 01:50:09
122,POL000000122,365,9,25,20250513,20250517,20260517,2025-05-13,2025-05-17,2026-05-17,Active,Quarterly,Approved,Standard,4,1098.11,91.51,130000,1098.11,1098.11,1,0,0,0.0,None,,5,Agency,2025-08-12 06:49:44
123,POL000000123,555,1,16,20230917,20230919,20240918,2023-09-17,2023-09-19,2024-09-18,Matured,Monthly,Approved with Loading,Elevated,2,1877.58,156.46,527000,1877.58,1877.58,1,0,0,0.0,None,,1,Direct,2026-05-31 21:19:46
124,POL000000124,718,3,12,20260818,20260908,20270908,2026-08-18,2026-09-08,2027-09-08,Active,Half-yearly,Approved,Standard,21,7843.13,653.59,408000,0.0,0.0,0,0,0,0.0,None,,30,Agency,2026-09-20 16:07:56
125,POL000000125,699,4,6,20250624,20250706,20260706,2025-06-24,2025-07-06,2026-07-06,Claimed,Monthly,Approved,Standard,12,6400.08,533.34,452000,6400.08,6400.08,1,0,1,134331.29,Paid,2026-03-20,20,Agency,2025-09-05 15:17:09
126,POL000000126,624,3,12,20240111,20240118,20250117,2024-01-11,2024-01-18,2025-01-17,Active,Annual,Approved with Loading,Elevated,7,18319.65,1526.64,622000,18319.65,18319.65,1,0,0,0.0,None,,20,Agency,2026-01-17 05:42:38
127,POL000000127,549,9,2,20240225,20240226,20250225,2024-02-25,2024-02-26,2025-02-25,Active,Annual,Approved,Standard,1,936.02,78.0,118000,936.02,936.02,1,0,0,0.0,None,,20,Broker / IFA,2024-04-03 19:33:37
128,POL000000128,5,1,22,20240718,20240724,20250724,2024-07-18,2024-07-24,2025-07-24,Matured,Monthly,Approved,Standard,6,1949.43,162.45,817000,1949.43,1949.43,1,0,0,0.0,None,,1,Bancassurance,2026-04-29 15:10:24
129,POL000000129,164,4,13,20251107,20251107,20261107,2025-11-07,2025-11-07,2026-11-07,Active,Annual,Approved,Low,0,14711.83,1225.99,748000,0.0,0.0,0,0,0,0.0,None,,25,Broker / IFA,2026-06-09 21:56:27
130,POL000000130,138,1,20,20230817,20230821,20240820,2023-08-17,2023-08-21,2024-08-20,Lapsed,Monthly,Approved,Low,4,240.62,20.05,155000,240.62,0.0,0,1,0,0.0,None,,10,Agency,2024-11-01 12:50:26
131,POL000000131,393,1,11,20230422,20230428,20240427,2023-04-22,2023-04-28,2024-04-27,Active,Monthly,Approved,Low,6,1397.96,116.5,831000,1397.96,0.0,0,0,0,0.0,None,,20,Bancassurance,2023-08-13 03:04:31
132,POL000000132,338,12,2,20250222,20250227,20260227,2025-02-22,2025-02-27,2026-02-27,Active,Annual,Approved,Standard,5,21441.42,1786.78,898000,21441.42,21441.42,1,0,0,0.0,None,,15,Broker / IFA,2026-07-21 19:07:16
133,POL000000133,102,2,13,20260603,20260622,20270622,2026-06-03,2026-06-22,2027-06-22,Active,Annual,Approved,Low,19,653.59,54.47,236000,0.0,0.0,0,0,0,0.0,None,,20,Broker / IFA,2026-06-25 00:25:11
134,POL000000134,13,4,20,20260527,20260606,20270606,2026-05-27,2026-06-06,2027-06-06,Active,Monthly,Approved,Low,10,4754.89,396.24,362000,0.0,0.0,0,0,0,0.0,None,,25,Agency,2026-08-15 22:32:48
135,POL000000135,493,3,12,20240820,20240902,20250902,2024-08-20,2024-09-02,2025-09-02,Active,Monthly,Approved,Low,13,4946.72,412.23,419000,4946.72,4946.72,1,0,0,0.0,None,,25,Agency,2025-06-09 02:54:02
136,POL000000136,190,9,24,20251202,20251209,20261209,2025-12-02,2025-12-09,2026-12-09,Active,Monthly,Approved,Low,7,1103.84,91.99,129000,0.0,0.0,0,0,0,0.0,None,,10,Agency,2026-01-14 23:48:52
137,POL000000137,348,6,23,20230424,20230429,20240428,2023-04-24,2023-04-29,2024-04-28,Lapsed,Half-yearly,Approved,Low,5,1319.49,109.96,87000,1319.49,0.0,0,1,0,0.0,None,,10,Bancassurance,2023-06-20 22:20:56
138,POL000000138,194,9,25,20231212,20231215,20241214,2023-12-12,2023-12-15,2024-12-14,Active,Monthly,Approved,Low,3,968.0,80.67,82000,968.0,968.0,1,0,0,0.0,None,,5,Agency,2025-04-03 04:01:25
139,POL000000139,112,11,18,20260301,20260303,20270303,2026-03-01,2026-03-03,2027-03-03,Active,Monthly,Approved,Low,2,5730.01,477.5,252000,0.0,0.0,0,0,0,0.0,None,,10,Digital,2026-06-05 16:49:36
140,POL000000140,275,10,21,20250408,20250415,20260415,2025-04-08,2025-04-15,2026-04-15,Active,Monthly,Approved with Loading,Elevated,7,2682.38,223.53,183000,2682.38,2682.38,1,0,0,0.0,None,,15,Agency,2026-03-22 21:33:04
141,POL000000141,706,8,6,20251124,20251130,20261130,2025-11-24,2025-11-30,2026-11-30,Active,Monthly,Approved,Standard,6,9562.2,796.85,890000,0.0,0.0,0,0,0,0.0,None,,15,Agency,2025-12-28 14:43:08
142,POL000000142,255,7,1,20251211,20251213,20261213,2025-12-11,2025-12-13,2026-12-13,Active,Monthly,Approved with Loading,Elevated,2,7590.44,632.54,675000,0.0,0.0,0,0,0,0.0,None,,15,Digital,2026-05-17 13:44:02
143,POL000000143,583,3,16,20240812,20240911,20250911,2024-08-12,2024-09-11,2025-09-11,Active,Annual,Approved,Standard,30,2055.52,171.29,210000,2055.52,2055.52,1,0,0,0.0,None,,25,Direct,2025-10-20 16:40:33
144,POL000000144,337,6,20,20260306,20260313,20270313,2026-03-06,2026-03-13,2027-03-13,Active,Monthly,Approved with Loading,Elevated,7,15196.29,1266.36,396000,0.0,0.0,0,0,0,0.0,None,,10,Agency,2026-08-23 18:00:08
145,POL000000145,586,11,8,20240125,20240206,20250205,2024-01-25,2024-02-06,2025-02-05,Active,Half-yearly,Approved,Standard,12,12142.82,1011.9,486000,12142.82,12142.82,1,0,0,0.0,None,,10,Bancassurance,2025-04-25 00:10:42
146,POL000000146,319,10,2,20250308,20250309,20260309,2025-03-08,2025-03-09,2026-03-09,Active,Annual,Approved,Standard,1,5353.22,446.1,340000,5353.22,5353.22,1,0,0,0.0,None,,10,Broker / IFA,2025-10-19 19:51:06
147,POL000000147,389,9,12,20250522,20250530,20260530,2025-05-22,2025-05-30,2026-05-30,Active,Half-yearly,Approved,Low,8,1900.98,158.42,224000,1900.98,1900.98,1,0,0,0.0,None,,5,Agency,2026-02-25 04:31:17
148,POL000000148,80,9,16,20260701,20260705,20270705,2026-07-01,2026-07-05,2027-07-05,Active,Annual,Approved,Standard,4,487.27,40.61,60000,0.0,0.0,0,0,0,0.0,None,,5,Direct,2026-07-28 16:17:54
149,POL000000149,283,2,1,20230628,20230717,20240716,2023-06-28,2023-07-17,2024-07-16,Active,Monthly,Approved with Loading,Elevated,19,3145.67,262.14,1031000,3145.67,3145.67,1,0,0,0.0,None,,15,Digital,2025-08-24 08:41:53
150,POL000000150,187,1,16,20260921,20260925,20270925,2026-09-21,2026-09-25,2027-09-25,Active,Annual,Approved,Low,4,240.0,20.0,106000,0.0,0.0,0,0,0,0.0,None,,10,Direct,2026-09-25 19:36:12
151,POL000000151,339,1,11,20230714,20230716,20240715,2023-07-14,2023-07-16,2024-07-15,Matured,Monthly,Approved,Standard,2,1656.35,138.03,829000,1656.35,0.0,0,0,0,0.0,None,,2,Bancassurance,2023-08-18 14:31:56
152,POL000000152,40,11,11,20250510,20250524,20260524,2025-05-10,2025-05-24,2026-05-24,Active,Half-yearly,Approved,Low,14,13685.86,1140.49,599000,13685.86,13685.86,1,0,0,0.0,None,,15,Bancassurance,2025-06-26 20:14:35
153,POL000000153,110,9,25,20241128,20241219,20251219,2024-11-28,2024-12-19,2025-12-19,Active,Monthly,Approved,Standard,21,3162.73,263.56,407000,3162.73,3162.73,1,0,0,0.0,None,,5,Agency,2026-09-13 03:56:16
154,POL000000154,682,1,18,20260417,20260507,20270507,2026-04-17,2026-05-07,2027-05-07,Lapsed,Monthly,Approved,Low,20,240.0,20.0,121000,0.0,0.0,0,1,0,0.0,None,,10,Digital,2026-05-17 11:36:39
155,POL000000155,617,9,21,20230720,20230725,20240724,2023-07-20,2023-07-25,2024-07-24,Lapsed,Annual,Approved,Standard,5,696.16,58.01,64000,696.16,0.0,0,1,0,0.0,None,,20,Agency,2025-08-14 01:50:26
156,POL000000156,138,10,5,20231109,20231120,20241119,2023-11-09,2023-11-20,2024-11-19,Active,Monthly,Approved,Standard,11,1841.34,153.44,208000,1841.34,1841.34,1,0,0,0.0,None,,15,Direct,2025-06-27 09:01:29
157,POL000000157,166,10,10,20260621,20260626,20270626,2026-06-21,2026-06-26,2027-06-26,Active,Monthly,Approved,Low,5,2451.27,204.27,315000,0.0,0.0,0,0,0,0.0,None,,15,Agency,2026-08-05 06:22:11
158,POL000000158,482,4,10,20240318,20240323,20250323,2024-03-18,2024-03-23,2025-03-23,Active,Monthly,Approved,Low,5,2857.5,238.12,196000,2857.5,0.0,0,0,0,0.0,None,,30,Agency,2024-07-23 13:05:22
159,POL000000159,364,2,1,20251213,20251218,20261218,2025-12-13,2025-12-18,2026-12-18,Active,Annual,Approved,Low,5,955.98,79.67,385000,0.0,0.0,0,0,0,0.0,None,,5,Digital,2025-12-30 04:54:41
160,POL000000160,63,11,19,20250714,20250724,20260724,2025-07-14,2025-07-24,2026-07-24,Active,Quarterly,Approved,Standard,10,2506.74,208.9,129000,2506.74,2506.74,1,0,0,0.0,None,,10,Agency,2026-09-01 02:46:08
161,POL000000161,139,9,3,20230921,20230925,20240924,2023-09-21,2023-09-25,2024-09-24,Active,Quarterly,Approved,Standard,4,1306.01,108.83,134000,1306.01,1306.01,1,0,0,0.0,None,,5,Broker / IFA,2024-02-05 01:18:14
162,POL000000162,314,5,17,20231024,20231105,20241104,2023-10-24,2023-11-05,2024-11-04,Active,Monthly,Approved,Low,12,809.37,67.45,58000,809.37,809.37,1,0,0,0.0,None,,15,Bancassurance,2024-09-10 07:23:50
163,POL000000163,350,1,13,20230510,20230516,20240515,2023-05-10,2023-05-16,2024-05-15,Matured,Monthly,Approved,Low,6,745.29,62.11,564000,745.29,745.29,1,0,0,0.0,None,,1,Broker / IFA,2023-10-23 08:23:46
164,POL000000164,653,2,4,20231123,20231130,20241129,2023-11-23,2023-11-30,2024-11-29,Active,Annual,Approved,Low,7,1191.72,99.31,782000,1191.72,1191.72,1,0,0,0.0,None,,10,Agency,2024-01-26 01:50:28
165,POL000000165,354,2,23,20231209,20231211,20241210,2023-12-09,2023-12-11,2024-12-10,Active,Monthly,Approved,Standard,2,2814.59,234.55,1183000,2814.59,2814.59,1,0,0,0.0,None,,5,Bancassurance,2025-05-19 08:15:07
166,POL000000166,410,10,1,20240814,20240817,20250817,2024-08-14,2024-08-17,2025-08-17,Active,Annual,Approved,Low,3,4155.27,346.27,387000,4155.27,0.0,0,0,0,0.0,None,,10,Digital,2026-08-10 02:09:07
167,POL000000167,687,2,18,20260630,20260704,20270704,2026-06-30,2026-07-04,2027-07-04,Active,Monthly,Approved,Low,4,721.57,60.13,469000,0.0,0.0,0,0,0,0.0,None,,5,Digital,2026-08-19 17:58:30
168,POL000000168,658,5,13,20251009,20251012,20261012,2025-10-09,2025-10-12,2026-10-12,Active,Annual,Approved,Standard,3,11782.21,981.85,497000,0.0,0.0,0,0,0,0.0,None,,20,Broker / IFA,2026-06-25 06:20:01
169,POL000000169,123,3,22,20260106,20260111,20270111,2026-01-06,2026-01-11,2027-01-11,Active,Quarterly,Approved,Low,5,888.66,74.05,86000,0.0,0.0,0,0,0,0.0,None,,25,Bancassurance,2026-06-05 06:02:06
170,POL000000170,137,7,1,20260831,20260901,20270901,2026-08-31,2026-09-01,2027-09-01,Active,Monthly,Approved,Standard,1,1824.96,152.08,221000,0.0,0.0,0,0,0,0.0,None,,20,Digital,2026-09-23 14:10:18
171,POL000000171,207,9,6,20251006,20251008,20261008,2025-10-06,2025-10-08,2026-10-08,Active,Quarterly,Approved,Standard,2,424.23,35.35,78000,0.0,0.0,0,0,0,0.0,None,,15,Agency,2026-06-13 12:28:33
172,POL000000172,438,5,16,20250613,20250623,20260623,2025-06-13,2025-06-23,2026-06-23,Active,Monthly,Approved,Low,10,5571.16,464.26,300000,5571.16,5571.16,1,0,0,0.0,None,,15,Direct,2026-02-02 04:54:48
173,POL000000173,506,3,1,20240114,20240128,20250127,2024-01-14,2024-01-28,2025-01-27,Active,Monthly,Approved,Low,14,1305.11,108.76,164000,1305.11,1305.11,1,0,0,0.0,None,,25,Digital,2026-08-23 06:43:58
174,POL000000174,70,12,25,20241020,20241021,20251021,2024-10-20,2024-10-21,2025-10-21,Lapsed,Quarterly,Approved with Loading,Elevated,1,52000.0,4333.33,1097000,52000.0,0.0,0,1,0,0.0,None,,15,Agency,2026-03-22 23:08:18
175,POL000000175,238,4,12,20250629,20250710,20260710,2025-06-29,2025-07-10,2026-07-10,Active,Monthly,Approved,Standard,11,3295.34,274.61,155000,3295.34,3295.34,1,0,0,0.0,None,,25,Agency,2025-07-10 14:03:59
176,POL000000176,181,2,20,20230912,20230919,20240918,2023-09-12,2023-09-19,2024-09-18,Lapsed,Monthly,Approved,Standard,7,777.81,64.82,312000,777.81,0.0,0,1,0,0.0,None,,5,Agency,2023-12-05 20:46:53
177,POL000000177,746,3,4,20241030,20241113,20251113,2024-10-30,2024-11-13,2025-11-13,Active,Quarterly,Approved,Low,14,4655.84,387.99,339000,4655.84,4655.84,1,0,0,0.0,None,,30,Agency,2025-01-13 12:39:17
178,POL000000178,571,1,5,20230924,20231002,20241001,2023-09-24,2023-10-02,2024-10-01,Active,Monthly,Approved,Standard,8,1346.41,112.2,1272000,1346.41,0.0,0,0,0,0.0,None,,10,Direct,2025-07-01 20:44:07
179,POL000000179,375,4,3,20260924,20260925,20270925,2026-09-24,2026-09-25,2027-09-25,Active,Monthly,Approved,Standard,1,3455.76,287.98,184000,0.0,0.0,0,0,0,0.0,None,,30,Broker / IFA,2026-09-25 03:11:59
180,POL000000180,259,11,13,20241101,20241105,20251105,2024-11-01,2024-11-05,2025-11-05,Lapsed,Quarterly,Approved,Low,4,1950.98,162.58,156000,1950.98,0.0,0,1,0,0.0,None,,15,Broker / IFA,2025-09-13 07:12:10
181,POL000000181,498,5,2,20250304,20250311,20260311,2025-03-04,2025-03-11,2026-03-11,Active,Monthly,Approved,Standard,7,4432.29,369.36,156000,4432.29,4432.29,1,0,0,0.0,None,,15,Broker / IFA,2025-07-12 23:28:00
182,POL000000182,241,4,19,20250306,20250307,20260307,2025-03-06,2025-03-07,2026-03-07,Active,Quarterly,Approved,Standard,1,3145.16,262.1,142000,3145.16,3145.16,1,0,0,0.0,None,,30,Agency,2026-08-30 15:20:54
183,POL000000183,14,5,6,20241111,20241113,20251113,2024-11-11,2024-11-13,2025-11-13,Active,Monthly,Approved with Loading,Elevated,2,4921.11,410.09,152000,4921.11,0.0,0,0,0,0.0,None,,10,Agency,2025-09-21 19:14:08
184,POL000000184,57,9,18,20250524,20250610,20260610,2025-05-24,2025-06-10,2026-06-10,Active,Monthly,Approved,Standard,17,2447.08,203.92,309000,2447.08,2447.08,1,0,0,0.0,None,,10,Digital,2026-02-20 14:03:27
185,POL000000185,240,7,24,20240125,20240202,20250201,2024-01-25,2024-02-02,2025-02-01,Active,Annual,Approved,Standard,8,9188.84,765.74,705000,9188.84,9188.84,1,0,0,0.0,None,,20,Agency,2026-06-09 03:48:35
186,POL000000186,396,11,17,20240109,20240127,20250126,2024-01-09,2024-01-27,2025-01-26,Active,Annual,Approved,Standard,18,11630.08,969.17,565000,11630.08,11630.08,1,0,0,0.0,None,,20,Bancassurance,2026-08-10 11:11:40
187,POL000000187,561,11,13,20260319,20260321,20270321,2026-03-19,2026-03-21,2027-03-21,Active,Annual,Approved,Standard,2,19637.22,1636.44,768000,0.0,0.0,0,0,0,0.0,None,,15,Broker / IFA,2026-07-07 15:15:13
188,POL000000188,491,10,16,20240524,20240527,20250527,2024-05-24,2024-05-27,2025-05-27,Active,Monthly,Approved with Loading,Elevated,3,4970.22,414.18,376000,4970.22,4970.22,1,0,0,0.0,None,,10,Direct,2025-06-22 09:15:15
189,POL000000189,86,7,20,20230323,20230331,20240330,2023-03-23,2023-03-31,2024-03-30,Active,Annual,Approved,Low,8,9766.52,813.88,796000,9766.52,9766.52,1,0,0,0.0,None,,20,Agency,2026-04-28 15:12:00
190,POL000000190,462,7,1,20250707,20250709,20260709,2025-07-07,2025-07-09,2026-07-09,Active,Monthly,Approved,Standard,2,9949.71,829.14,721000,9949.71,9949.71,1,0,0,0.0,None,,10,Digital,2026-05-09 13:56:12
191,POL000000191,74,11,7,20240823,20240831,20250831,2024-08-23,2024-08-31,2025-08-31,Active,Monthly,Approved,Standard,8,8099.65,674.97,257000,8099.65,8099.65,1,0,0,0.0,None,,10,Bancassurance,2025-07-08 06:14:47
192,POL000000192,358,12,20,20240407,20240423,20250423,2024-04-07,2024-04-23,2025-04-23,Active,Quarterly,Approved with Loading,Elevated,16,35926.21,2993.85,1094000,35926.21,35926.21,1,0,0,0.0,None,,10,Agency,2025-07-20 12:20:43
193,POL000000193,28,1,18,20230505,20230606,20240605,2023-05-05,2023-06-06,2024-06-05,Active,Quarterly,Approved,Standard,32,1386.7,115.56,598000,1386.7,1386.7,1,0,0,0.0,None,,10,Digital,2025-09-07 04:51:19
194,POL000000194,191,1,2,20251231,20260108,20270108,2025-12-31,2026-01-08,2027-01-08,Active,Monthly,Approved with Loading,Elevated,8,3112.6,259.38,975000,0.0,0.0,0,0,0,0.0,None,,20,Broker / IFA,2026-05-11 03:25:31
195,POL000000195,352,3,18,20230731,20230819,20240818,2023-07-31,2023-08-19,2024-08-18,Active,Half-yearly,Approved,Standard,19,4404.39,367.03,247000,4404.39,4404.39,1,0,0,0.0,None,,25,Digital,2024-02-22 06:12:53
196,POL000000196,709,5,16,20230822,20230827,20240826,2023-08-22,2023-08-27,2024-08-26,Active,Monthly,Approved,Low,5,6173.43,514.45,230000,6173.43,6173.43,1,0,0,0.0,None,,10,Direct,2025-09-23 06:52:26
197,POL000000197,255,4,23,20241205,20241217,20251217,2024-12-05,2024-12-17,2025-12-17,Active,Annual,Approved,Standard,12,7326.67,610.56,623000,7326.67,7326.67,1,0,0,0.0,None,,20,Bancassurance,2026-04-17 00:53:44
198,POL000000198,674,3,6,20230829,20230905,20240904,2023-08-29,2023-09-05,2024-09-04,Active,Annual,Approved,Low,7,4189.35,349.11,226000,4189.35,4189.35,1,0,0,0.0,None,,30,Agency,2025-05-03 19:49:44
199,POL000000199,221,5,11,20250420,20250503,20260503,2025-04-20,2025-05-03,2026-05-03,Active,Quarterly,Approved,Low,13,1442.02,120.17,88000,1442.02,1442.02,1,0,0,0.0,None,,20,Bancassurance,2026-02-24 20:22:49
200,POL000000200,112,2,18,20250407,20250418,20260418,2025-04-07,2025-04-18,2026-04-18,Lapsed,Monthly,Approved with Loading,Elevated,11,1364.83,113.74,408000,1364.83,0.0,0,1,0,0.0,None,,5,Digital,2026-06-16 18:05:33
201,POL000000201,361,9,1,20240802,20240814,20250814,2024-08-02,2024-08-14,2025-08-14,Lapsed,Quarterly,Approved with Loading,Elevated,12,3804.64,317.05,293000,3804.64,0.0,0,1,0,0.0,None,,10,Digital,2024-09-22 17:17:29
202,POL000000202,361,12,13,20240614,20240616,20250616,2024-06-14,2024-06-16,2025-06-16,Active,Monthly,Approved with Loading,Elevated,2,5657.96,471.5,156000,5657.96,5657.96,1,0,0,0.0,None,,20,Broker / IFA,2026-06-09 06:28:12
203,POL000000203,55,2,2,20241116,20241127,20251127,2024-11-16,2024-11-27,2025-11-27,Active,Half-yearly,Approved,Standard,11,3667.59,305.63,884000,3667.59,3667.59,1,0,0,0.0,None,,10,Broker / IFA,2026-09-06 16:23:55
204,POL000000204,111,11,16,20230719,20230724,20240723,2023-07-19,2023-07-24,2024-07-23,Active,Quarterly,Approved,Standard,5,4592.35,382.7,200000,4592.35,4592.35,1,0,0,0.0,None,,10,Direct,2024-06-10 10:51:15
205,POL000000205,502,4,13,20250808,20250814,20260814,2025-08-08,2025-08-14,2026-08-14,Cancelled,Monthly,Approved,Standard,6,7958.26,663.19,672000,7958.26,0.0,0,0,0,0.0,None,,20,Broker / IFA,2026-01-19 11:25:55
206,POL000000206,559,1,19,20250617,20250622,20260622,2025-06-17,2025-06-22,2026-06-22,Active,Quarterly,Approved with Loading,Elevated,5,469.99,39.17,152000,469.99,469.99,1,0,0,0.0,None,,20,Agency,2025-07-11 21:24:43
207,POL000000207,294,5,10,20230930,20231023,20241022,2023-09-30,2023-10-23,2024-10-22,Cancelled,Monthly,Approved,Low,23,5909.99,492.5,290000,5909.99,0.0,0,0,0,0.0,None,,20,Agency,2024-02-03 04:58:40
208,POL000000208,541,5,21,20241110,20241128,20251128,2024-11-10,2024-11-28,2025-11-28,Active,Monthly,Approved,Standard,18,9654.91,804.58,492000,9654.91,9654.91,1,0,0,0.0,None,,10,Agency,2024-11-30 05:39:20
209,POL000000209,299,11,7,20250602,20250603,20260603,2025-06-02,2025-06-03,2026-06-03,Claimed,Monthly,Approved with Loading,Elevated,1,11455.32,954.61,511000,11455.32,11455.32,1,0,1,56208.82,Paid,2026-03-05,15,Bancassurance,2026-07-01 23:05:12
210,POL000000210,378,7,13,20250322,20250331,20260331,2025-03-22,2025-03-31,2026-03-31,Active,Monthly,Approved,Low,9,2711.68,225.97,184000,2711.68,2711.68,1,0,0,0.0,None,,10,Broker / IFA,2026-06-10 16:25:22
211,POL000000211,699,8,19,20250414,20250415,20260415,2025-04-14,2025-04-15,2026-04-15,Active,Monthly,Approved,Low,1,16294.78,1357.9,1017000,16294.78,16294.78,1,0,0,0.0,None,,20,Agency,2026-01-11 04:12:40
212,POL000000212,79,1,3,20250921,20251001,20261001,2025-09-21,2025-10-01,2026-10-01,Active,Annual,Approved,Standard,10,429.67,35.81,179000,0.0,0.0,0,0,0,0.0,None,,5,Broker / IFA,2026-06-20 20:22:43
213,POL000000213,77,9,1,20251218,20260108,20270108,2025-12-18,2026-01-08,2027-01-08,Lapsed,Monthly,Approved,Standard,21,1855.85,154.65,223000,0.0,0.0,0,1,0,0.0,None,,5,Digital,2026-04-24 20:02:11
214,POL000000214,240,3,6,20260518,20260528,20270528,2026-05-18,2026-05-28,2027-05-28,Active,Monthly,Approved,Low,10,4798.75,399.9,293000,0.0,0.0,0,0,0,0.0,None,,25,Agency,2026-08-31 12:52:18
215,POL000000215,568,3,3,20240429,20240509,20250509,2024-04-29,2024-05-09,2025-05-09,Active,Annual,Approved,Standard,10,3304.97,275.41,242000,3304.97,3304.97,1,0,0,0.0,None,,25,Broker / IFA,2024-09-26 06:48:35
216,POL000000216,213,11,12,20250407,20250419,20260419,2025-04-07,2025-04-19,2026-04-19,Active,Monthly,Approved,Standard,12,13840.46,1153.37,689000,13840.46,13840.46,1,0,0,0.0,None,,20,Agency,2025-10-04 03:57:01
217,POL000000217,726,5,12,20230311,20230315,20240314,2023-03-11,2023-03-15,2024-03-14,Active,Half-yearly,Approved,Low,4,5647.47,470.62,248000,5647.47,0.0,0,0,0,0.0,None,,15,Agency,2023-10-25 22:27:50
218,POL000000218,39,12,11,20250812,20250826,20260826,2025-08-12,2025-08-26,2026-08-26,Active,Monthly,Approved,Low,14,3954.46,329.54,235000,3954.46,3954.46,1,0,0,0.0,None,,20,Bancassurance,2026-03-30 03:17:57
219,POL000000219,29,12,25,20260207,20260209,20270209,2026-02-07,2026-02-09,2027-02-09,Active,Monthly,Approved,Standard,2,14333.56,1194.46,460000,0.0,0.0,0,0,0,0.0,None,,15,Agency,2026-07-30 23:51:34
220,POL000000220,388,1,13,20260413,20260418,20270418,2026-04-13,2026-04-18,2027-04-18,Active,Annual,Approved,Standard,5,2273.9,189.49,1376000,0.0,0.0,0,0,0,0.0,None,,2,Broker / IFA,2026-08-14 15:24:33
221,POL000000221,123,6,3,20240423,20240505,20250505,2024-04-23,2024-05-05,2025-05-05,Active,Monthly,Approved,Low,12,2630.71,219.23,71000,2630.71,2630.71,1,0,0,0.0,None,,18,Broker / IFA,2024-07-22 08:13:34
222,POL000000222,392,7,2,20250117,20250202,20260202,2025-01-17,2025-02-02,2026-02-02,Active,Quarterly,Approved with Loading,Elevated,16,12245.46,1020.46,581000,12245.46,12245.46,1,0,0,0.0,None,,25,Broker / IFA,2025-04-03 22:03:50
223,POL000000223,537,10,13,20230702,20230703,20240702,2023-07-02,2023-07-03,2024-07-02,Active,Monthly,Approved,Standard,1,1926.76,160.56,230000,1926.76,1926.76,1,0,0,0.0,None,,5,Broker / IFA,2026-03-11 01:58:16
224,POL000000224,487,3,1,20250201,20250224,20260224,2025-02-01,2025-02-24,2026-02-24,Active,Monthly,Approved,Low,23,2200.9,183.41,254000,2200.9,2200.9,1,0,0,0.0,None,,25,Digital,2026-01-02 13:56:09
225,POL000000225,548,5,14,20250811,20250821,20260821,2025-08-11,2025-08-21,2026-08-21,Active,Monthly,Approved with Loading,Elevated,10,9750.45,812.54,253000,9750.45,9750.45,1,0,0,0.0,None,,15,Bancassurance,2025-10-15 00:28:03
226,POL000000226,633,9,14,20230608,20230612,20240611,2023-06-08,2023-06-12,2024-06-11,Active,Half-yearly,Approved,Low,4,839.09,69.92,139000,839.09,839.09,1,0,0,0.0,None,,15,Bancassurance,2024-01-09 05:33:25
227,POL000000227,498,2,17,20260723,20260726,20270726,2026-07-23,2026-07-26,2027-07-26,Active,Quarterly,Approved with Loading,Elevated,3,1305.61,108.8,360000,0.0,0.0,0,0,0,0.0,None,,5,Bancassurance,2026-08-02 00:14:25
228,POL000000228,664,3,21,20241213,20241221,20251221,2024-12-13,2024-12-21,2025-12-21,Active,Monthly,Approved,Standard,8,1596.88,133.07,122000,1596.88,1596.88,1,0,0,0.0,None,,20,Agency,2025-10-22 06:29:49
229,POL000000229,317,2,15,20240129,20240131,20250130,2024-01-29,2024-01-31,2025-01-30,Active,Monthly,Approved,Low,2,1021.34,85.11,555000,1021.34,1021.34,1,0,0,0.0,None,,5,Bancassurance,2025-05-12 06:15:53
230,POL000000230,346,8,18,20231204,20231213,20241212,2023-12-04,2023-12-13,2024-12-12,Active,Monthly,Approved,Standard,9,4554.37,379.53,359000,4554.37,4554.37,1,0,0,0.0,None,,15,Digital,2025-01-16 05:20:31
231,POL000000231,569,11,20,20230604,20230609,20240608,2023-06-04,2023-06-09,2024-06-08,Lapsed,Quarterly,Approved,Low,5,7815.61,651.3,569000,7815.61,0.0,0,1,0,0.0,None,,10,Agency,2024-12-02 07:33:14
232,POL000000232,544,3,3,20250529,20250610,20260610,2025-05-29,2025-06-10,2026-06-10,Active,Quarterly,Approved,Standard,12,970.29,80.86,90000,970.29,970.29,1,0,0,0.0,None,,30,Broker / IFA,2025-07-16 11:27:29
233,POL000000233,611,10,8,20250908,20250922,20260922,2025-09-08,2025-09-22,2026-09-22,Active,Monthly,Approved,Standard,14,1028.95,85.75,122000,1028.95,1028.95,1,0,0,0.0,None,,10,Bancassurance,2026-06-03 04:28:04
234,POL000000234,698,12,25,20241022,20241106,20251106,2024-10-22,2024-11-06,2025-11-06,Active,Monthly,Approved,Standard,15,5247.04,437.25,210000,5247.04,5247.04,1,0,0,0.0,None,,15,Agency,2026-04-29 14:17:24
235,POL000000235,475,3,4,20230608,20230618,20240617,2023-06-08,2023-06-18,2024-06-17,Active,Monthly,Approved,Standard,10,1447.7,120.64,94000,1447.7,1447.7,1,0,0,0.0,None,,20,Agency,2023-09-01 10:14:40
236,POL000000236,489,12,2,20260724,20260814,20270814,2026-07-24,2026-08-14,2027-08-14,Active,Annual,Approved,Standard,21,18979.95,1581.66,731000,0.0,0.0,0,0,0,0.0,None,,15,Broker / IFA,2026-09-02 10:41:10
237,POL000000237,750,4,22,20260601,20260610,20270610,2026-06-01,2026-06-10,2027-06-10,Active,Quarterly,Approved,Low,9,6236.22,519.69,292000,0.0,0.0,0,0,0,0.0,None,,25,Bancassurance,2026-07-28 11:24:43
238,POL000000238,240,6,13,20230630,20230709,20240708,2023-06-30,2023-07-09,2024-07-08,Active,Monthly,Approved,Standard,9,7768.86,647.4,242000,7768.86,7768.86,1,0,0,0.0,None,,15,Broker / IFA,2025-02-19 16:53:52
239,POL000000239,180,10,5,20250925,20250930,20260930,2025-09-25,2025-09-30,2026-09-30,Active,Half-yearly,Approved,Low,5,1381.34,115.11,138000,0.0,0.0,0,0,0,0.0,None,,15,Direct,2026-04-15 22:22:48
240,POL000000240,158,4,12,20241006,20241020,20251020,2024-10-06,2024-10-20,2025-10-20,Active,Monthly,Approved with Loading,Elevated,14,7291.71,607.64,199000,7291.71,7291.71,1,0,0,0.0,None,,20,Agency,2025-01-10 10:39:38
241,POL000000241,267,7,13,20250120,20250209,20260209,2025-01-20,2025-02-09,2026-02-09,Lapsed,Annual,Approved with Loading,Elevated,20,3990.36,332.53,243000,3990.36,0.0,0,1,0,0.0,None,,15,Broker / IFA,2026-05-15 08:55:47
242,POL000000242,27,8,2,20260411,20260420,20270420,2026-04-11,2026-04-20,2027-04-20,Active,Annual,Approved,Standard,9,10589.37,882.45,1089000,0.0,0.0,0,0,0,0.0,None,,20,Broker / IFA,2026-06-23 16:49:24
243,POL000000243,60,7,2,20240721,20240802,20250802,2024-07-21,2024-08-02,2025-08-02,Active,Monthly,Approved with Loading,Elevated,12,2326.16,193.85,120000,2326.16,2326.16,1,0,0,0.0,None,,10,Broker / IFA,2025-10-28 15:56:03
244,POL000000244,39,3,7,20240217,20240223,20250222,2024-02-17,2024-02-23,2025-02-22,Active,Annual,Approved,Low,6,7209.15,600.76,493000,7209.15,7209.15,1,0,0,0.0,None,,20,Bancassurance,2026-08-22 01:54:30
245,POL000000245,440,2,5,20240815,20240821,20250821,2024-08-15,2024-08-21,2025-08-21,Active,Quarterly,Approved,Standard,6,1243.37,103.61,316000,1243.37,1243.37,1,0,0,0.0,None,,15,Direct,2025-10-25 16:11:29
246,POL000000246,461,12,3,20260509,20260521,20270521,2026-05-09,2026-05-21,2027-05-21,Active,Monthly,Approved,Low,12,7478.51,623.21,295000,0.0,0.0,0,0,0,0.0,None,,10,Broker / IFA,2026-07-14 05:18:21
247,POL000000247,639,8,2,20260730,20260812,20270812,2026-07-30,2026-08-12,2027-08-12,Claimed,Monthly,Approved,Low,13,1960.16,163.35,243000,0.0,0.0,0,0,1,142607.42,Paid,2026-08-29,20,Broker / IFA,2026-09-18 13:22:13
248,POL000000248,331,10,22,20260910,20260914,20270914,2026-09-10,2026-09-14,2027-09-14,Active,Annual,Approved,Standard,4,842.77,70.23,91000,0.0,0.0,0,0,0,0.0,None,,15,Bancassurance,2026-09-23 02:58:48
249,POL000000249,712,10,1,20230613,20230626,20240625,2023-06-13,2023-06-26,2024-06-25,Lapsed,Monthly,Approved,Standard,13,1021.46,85.12,143000,1021.46,0.0,0,1,0,0.0,None,,5,Digital,2025-10-09 16:42:44
250,POL000000250,123,3,10,20250720,20250803,20260803,2025-07-20,2025-08-03,2026-08-03,Active,Monthly,Approved,Low,14,1323.57,110.3,117000,1323.57,1323.57,1,0,0,0.0,None,,25,Agency,2025-09-01 10:43:20
251,POL000000251,24,1,4,20251121,20251123,20261123,2025-11-21,2025-11-23,2026-11-23,Active,Monthly,Approved,Standard,2,1977.91,164.83,684000,0.0,0.0,0,0,0,0.0,None,,5,Agency,2026-09-15 21:47:07
252,POL000000252,68,5,1,20260416,20260420,20270420,2026-04-16,2026-04-20,2027-04-20,Active,Annual,Approved with Loading,Elevated,4,12343.5,1028.62,242000,0.0,0.0,0,0,0,0.0,None,,20,Digital,2026-05-17 07:24:16
253,POL000000253,179,6,15,20260514,20260525,20270525,2026-05-14,2026-05-25,2027-05-25,Active,Annual,Approved,Low,11,7804.37,650.36,439000,0.0,0.0,0,0,0,0.0,None,,15,Bancassurance,2026-06-26 22:31:50
254,POL000000254,528,12,14,20250307,20250312,20260312,2025-03-07,2025-03-12,2026-03-12,Claimed,Half-yearly,Approved,Standard,5,13344.52,1112.04,356000,13344.52,0.0,0,0,1,291949.65,Paid,2026-02-05,20,Bancassurance,2025-08-22 10:22:19
255,POL000000255,615,12,22,20250403,20250408,20260408,2025-04-03,2025-04-08,2026-04-08,Active,Monthly,Approved,Low,5,27304.17,2275.35,1199000,27304.17,27304.17,1,0,0,0.0,None,,20,Bancassurance,2025-09-07 11:56:42
256,POL000000256,189,11,10,20250518,20250521,20260521,2025-05-18,2025-05-21,2026-05-21,Active,Half-yearly,Approved,Standard,3,7244.85,603.74,217000,7244.85,7244.85,1,0,0,0.0,None,,15,Agency,2026-04-01 12:20:35
257,POL000000257,157,4,1,20260103,20260114,20270114,2026-01-03,2026-01-14,2027-01-14,Active,Monthly,Approved with Loading,Elevated,11,12580.38,1048.36,580000,0.0,0.0,0,0,0,0.0,None,,25,Digital,2026-06-03 08:26:08
258,POL000000258,16,4,4,20231113,20231125,20241124,2023-11-13,2023-11-25,2024-11-24,Active,Monthly,Approved,Low,12,2781.45,231.79,222000,2781.45,2781.45,1,0,0,0.0,None,,30,Agency,2024-07-06 08:57:05
259,POL000000259,310,9,19,20260724,20260726,20270726,2026-07-24,2026-07-26,2027-07-26,Active,Quarterly,Approved,Low,2,848.34,70.7,67000,0.0,0.0,0,0,0,0.0,None,,5,Agency,2026-08-25 08:31:26
260,POL000000260,720,7,13,20241202,20241205,20251205,2024-12-02,2024-12-05,2025-12-05,Active,Annual,Approved,Standard,3,13817.89,1151.49,952000,13817.89,0.0,0,0,0,0.0,None,,10,Broker / IFA,2025-11-16 23:58:33
261,POL000000261,497,9,6,20260321,20260327,20270327,2026-03-21,2026-03-27,2027-03-27,Active,Monthly,Approved,Standard,6,2078.81,173.23,252000,0.0,0.0,0,0,0,0.0,None,,15,Agency,2026-07-23 13:16:30
262,POL000000262,539,7,10,20251107,20251115,20261115,2025-11-07,2025-11-15,2026-11-15,Active,Monthly,Approved with Loading,Elevated,8,4210.2,350.85,207000,0.0,0.0,0,0,0,0.0,None,,25,Agency,2025-11-20 19:52:55
263,POL000000263,257,6,15,20231006,20231019,20241018,2023-10-06,2023-10-19,2024-10-18,Lapsed,Monthly,Approved,Standard,13,8509.69,709.14,306000,8509.69,0.0,0,1,0,0.0,None,,10,Bancassurance,2025-05-15 00:24:07
264,POL000000264,331,11,10,20231128,20231203,20241202,2023-11-28,2023-12-03,2024-12-02,Active,Annual,Approved,Low,5,23941.2,1995.1,942000,23941.2,23941.2,1,0,0,0.0,None,,15,Agency,2025-04-25 23:35:24
265,POL000000265,72,6,24,20251007,20251010,20261010,2025-10-07,2025-10-10,2026-10-10,Lapsed,Monthly,Approved,Standard,3,1280.05,106.67,70000,0.0,0.0,0,1,0,0.0,None,,10,Agency,2026-06-02 18:53:28
266,POL000000266,465,2,16,20240602,20240610,20250610,2024-06-02,2024-06-10,2025-06-10,Active,Monthly,Approved,Standard,8,1796.69,149.72,490000,1796.69,0.0,0,0,0,0.0,None,,5,Direct,2024-07-17 08:42:25
267,POL000000267,316,1,5,20240717,20240725,20250725,2024-07-17,2024-07-25,2025-07-25,Active,Monthly,Approved,Low,8,240.0,20.0,103000,240.0,240.0,1,0,0,0.0,None,,5,Direct,2025-05-01 12:56:13
268,POL000000268,637,5,1,20240314,20240321,20250321,2024-03-14,2024-03-21,2025-03-21,Active,Monthly,Approved,Low,7,5828.77,485.73,306000,5828.77,5828.77,1,0,0,0.0,None,,20,Digital,2025-10-03 22:06:22
269,POL000000269,695,5,18,20240113,20240121,20250120,2024-01-13,2024-01-21,2025-01-20,Active,Monthly,Approved,Standard,8,912.19,76.02,54000,912.19,0.0,0,0,0,0.0,None,,10,Digital,2025-12-12 18:24:14
270,POL000000270,248,12,15,20240419,20240429,20250429,2024-04-19,2024-04-29,2025-04-29,Active,Monthly,Approved with Loading,Elevated,10,16087.33,1340.61,515000,16087.33,16087.33,1,0,0,0.0,None,,20,Bancassurance,2026-06-27 06:22:16
271,POL000000271,366,1,22,20240823,20240905,20250905,2024-08-23,2024-09-05,2025-09-05,Active,Annual,Approved,Standard,13,1995.24,166.27,985000,1995.24,0.0,0,0,0,0.0,None,,5,Bancassurance,2024-09-18 13:40:34
272,POL000000272,594,4,13,20250403,20250412,20260412,2025-04-03,2025-04-12,2026-04-12,Active,Monthly,Approved,Standard,9,2286.02,190.5,187000,2286.02,2286.02,1,0,0,0.0,None,,20,Broker / IFA,2026-08-15 04:36:38
273,POL000000273,432,5,13,20251114,20251124,20261124,2025-11-14,2025-11-24,2026-11-24,Active,Half-yearly,Approved,Standard,10,2128.67,177.39,75000,0.0,0.0,0,0,0,0.0,None,,10,Broker / IFA,2026-05-23 15:37:04
274,POL000000274,273,9,1,20250113,20250201,20260201,2025-01-13,2025-02-01,2026-02-01,Active,Annual,Approved,Low,19,1101.43,91.79,183000,1101.43,1101.43,1,0,0,0.0,None,,20,Digital,2025-06-09 17:38:05
275,POL000000275,485,8,24,20230725,20230731,20240730,2023-07-25,2023-07-31,2024-07-30,Active,Monthly,Approved,Low,6,2975.04,247.92,299000,2975.04,2975.04,1,0,0,0.0,None,,15,Agency,2025-08-02 12:00:02
276,POL000000276,107,11,2,20250513,20250519,20260519,2025-05-13,2025-05-19,2026-05-19,Active,Quarterly,Approved,Standard,6,3006.36,250.53,168000,3006.36,3006.36,1,0,0,0.0,None,,15,Broker / IFA,2025-12-12 15:40:54
277,POL000000277,10,2,7,20230717,20230718,20240717,2023-07-17,2023-07-18,2024-07-17,Lapsed,Quarterly,Approved,Standard,1,632.53,52.71,223000,632.53,0.0,0,1,0,0.0,None,,5,Bancassurance,2025-04-15 09:47:14
278,POL000000278,332,9,10,20260406,20260414,20270414,2026-04-06,2026-04-14,2027-04-14,Active,Annual,Approved with Loading,Elevated,8,615.04,51.25,51000,0.0,0.0,0,0,0,0.0,None,,5,Agency,2026-08-30 17:49:31
279,POL000000279,123,7,10,20240626,20240627,20250627,2024-06-26,2024-06-27,2025-06-27,Active,Monthly,Approved,Standard,1,1192.73,99.39,127000,1192.73,1192.73,1,0,0,0.0,None,,10,Agency,2025-01-23 12:37:31
280,POL000000280,316,5,17,20250502,20250507,20260507,2025-05-02,2025-05-07,2026-05-07,Lapsed,Monthly,Approved,Low,5,8556.22,713.02,334000,8556.22,0.0,0,1,0,0.0,None,,20,Bancassurance,2025-07-12 23:44:46
281,POL000000281,222,3,23,20230120,20230128,20240128,2023-01-20,2023-01-28,2024-01-28,Active,Annual,Approved with Loading,Elevated,8,5046.0,420.5,214000,5046.0,0.0,0,0,0,0.0,None,,25,Bancassurance,2025-01-20 04:27:23
282,POL000000282,385,11,9,20240209,20240301,20250301,2024-02-09,2024-03-01,2025-03-01,Active,Monthly,Approved,Standard,21,1870.53,155.88,102000,1870.53,0.0,0,0,0,0.0,None,,10,Bancassurance,2026-05-19 03:03:23
283,POL000000283,215,5,11,20241101,20241111,20251111,2024-11-01,2024-11-11,2025-11-11,Active,Monthly,Approved,Low,10,829.02,69.08,57000,829.02,0.0,0,0,0,0.0,None,,15,Bancassurance,2026-02-03 18:22:57
284,POL000000284,65,2,5,20251130,20251212,20261212,2025-11-30,2025-12-12,2026-12-12,Active,Annual,Approved,Standard,12,417.1,34.76,184000,0.0,0.0,0,0,0,0.0,None,,10,Direct,2025-12-12 08:31:38
285,POL000000285,732,1,1,20230225,20230305,20240304,2023-02-25,2023-03-05,2024-03-04,Active,Monthly,Approved,Standard,8,666.78,55.56,447000,666.78,666.78,1,0,0,0.0,None,,5,Digital,2026-03-08 11:27:12
286,POL000000286,250,5,18,20260105,20260124,20270124,2026-01-05,2026-01-24,2027-01-24,Active,Monthly,Approved,Low,19,4385.14,365.43,248000,0.0,0.0,0,0,0,0.0,None,,10,Digital,2026-03-11 07:55:43
287,POL000000287,571,4,12,20251025,20251028,20261028,2025-10-25,2025-10-28,2026-10-28,Active,Monthly,Approved,Low,3,1494.38,124.53,130000,0.0,0.0,0,0,0,0.0,None,,25,Agency,2026-06-05 01:04:13
288,POL000000288,78,11,25,20250605,20250607,20260607,2025-06-05,2025-06-07,2026-06-07,Active,Monthly,Approved,Low,2,15677.48,1306.46,774000,15677.48,15677.48,1,0,0,0.0,None,,15,Agency,2026-02-24 10:33:37
289,POL000000289,134,11,12,20250520,20250528,20260528,2025-05-20,2025-05-28,2026-05-28,Active,Annual,Approved,Standard,8,8902.35,741.86,441000,8902.35,8902.35,1,0,0,0.0,None,,20,Agency,2025-12-20 18:26:14
290,POL000000290,21,5,3,20240412,20240421,20250421,2024-04-12,2024-04-21,2025-04-21,Cancelled,Monthly,Approved,Low,9,5695.02,474.58,291000,5695.02,0.0,0,0,0,0.0,None,,20,Broker / IFA,2024-04-27 13:47:43
291,POL000000291,9,9,24,20260413,20260421,20270421,2026-04-13,2026-04-21,2027-04-21,Active,Half-yearly,Approved,Standard,8,1321.6,110.13,155000,0.0,0.0,0,0,0,0.0,None,,10,Agency,2026-09-23 09:04:59
292,POL000000292,633,8,6,20260826,20260914,20270914,2026-08-26,2026-09-14,2027-09-14,Active,Monthly,Approved,Standard,19,3047.96,254.0,235000,0.0,0.0,0,0,0,0.0,None,,10,Agency,2026-09-21 18:53:47
293,POL000000293,650,4,5,20240609,20240619,20250619,2024-06-09,2024-06-19,2025-06-19,Lapsed,Quarterly,Approved with Loading,Elevated,10,5121.11,426.76,253000,5121.11,0.0,0,1,0,0.0,None,,25,Direct,2025-07-15 18:40:42
294,POL000000294,118,11,21,20230526,20230612,20240611,2023-05-26,2023-06-12,2024-06-11,Claimed,Monthly,Approved,Standard,17,27611.77,2300.98,994000,27611.77,27611.77,1,0,1,844111.95,Paid,2024-06-28,20,Agency,2023-11-25 10:50:01
295,POL000000295,327,2,22,20230324,20230407,20240406,2023-03-24,2023-04-07,2024-04-06,Active,Monthly,Approved,Low,14,593.6,49.47,197000,593.6,593.6,1,0,0,0.0,None,,20,Bancassurance,2025-06-07 11:33:14
296,POL000000296,628,5,7,20260101,20260110,20270110,2026-01-01,2026-01-10,2027-01-10,Active,Monthly,Approved,Standard,9,1658.4,138.2,52000,0.0,0.0,0,0,0,0.0,None,,20,Bancassurance,2026-07-25 13:59:21
297,POL000000297,26,1,22,20240704,20240710,20250710,2024-07-04,2024-07-10,2025-07-10,Matured,Monthly,Approved with Loading,Elevated,6,1132.38,94.36,500000,1132.38,1132.38,1,0,0,0.0,None,,2,Bancassurance,2024-10-19 19:51:12
298,POL000000298,498,4,22,20241015,20241016,20251016,2024-10-15,2024-10-16,2025-10-16,Active,Monthly,Approved with Loading,Elevated,1,14498.39,1208.2,503000,14498.39,14498.39,1,0,0,0.0,None,,20,Bancassurance,2025-08-31 09:12:35
299,POL000000299,692,6,1,20250203,20250215,20260215,2025-02-03,2025-02-15,2026-02-15,Claimed,Monthly,Approved,Standard,12,11737.3,978.11,334000,11737.3,11737.3,1,0,1,73840.7,Paid,2025-11-13,18,Digital,2025-04-03 01:07:18
300,POL000000300,288,7,7,20260628,20260709,20270709,2026-06-28,2026-07-09,2027-07-09,Active,Monthly,Approved,Standard,11,6365.15,530.43,418000,0.0,0.0,0,0,0,0.0,None,,10,Bancassurance,2026-08-27 13:24:42
301,POL000000301,190,6,17,20250830,20250906,20260906,2025-08-30,2025-09-06,2026-09-06,Active,Quarterly,Approved,Standard,7,5542.78,461.9,178000,5542.78,5542.78,1,0,0,0.0,None,,15,Bancassurance,2026-08-17 02:37:05
302,POL000000302,597,3,20,20240525,20240610,20250610,2024-05-25,2024-06-10,2025-06-10,Lapsed,Monthly,Approved,Low,16,3579.5,298.29,281000,3579.5,0.0,0,1,0,0.0,None,,30,Agency,2025-04-15 13:36:02
303,POL000000303,271,3,20,20260905,20260918,20270918,2026-09-05,2026-09-18,2027-09-18,Active,Quarterly,Approved,Low,13,3004.32,250.36,373000,0.0,0.0,0,0,0,0.0,None,,25,Agency,2026-09-18 12:17:39
304,POL000000304,169,1,4,20230813,20230816,20240815,2023-08-13,2023-08-16,2024-08-15,Active,Monthly,Approved,Low,3,240.0,20.0,166000,240.0,240.0,1,0,0,0.0,None,,20,Agency,2024-04-20 18:53:53
305,POL000000305,360,6,2,20250511,20250520,20260520,2025-05-11,2025-05-20,2026-05-20,Active,Monthly,Approved,Low,9,3735.62,311.3,192000,3735.62,3735.62,1,0,0,0.0,None,,10,Broker / IFA,2026-09-14 10:27:11
306,POL000000306,120,1,21,20231106,20231110,20241109,2023-11-06,2023-11-10,2024-11-09,Active,Monthly,Approved,Low,4,391.95,32.66,152000,391.95,391.95,1,0,0,0.0,None,,10,Agency,2026-08-24 16:10:28
307,POL000000307,722,2,19,20230524,20230526,20240525,2023-05-24,2023-05-26,2024-05-25,Active,Monthly,Approved,Standard,2,682.22,56.85,244000,682.22,682.22,1,0,0,0.0,None,,10,Agency,2025-06-14 21:39:36
308,POL000000308,68,1,5,20260820,20260914,20270914,2026-08-20,2026-09-14,2027-09-14,Active,Quarterly,Approved,Standard,25,306.65,25.55,159000,0.0,0.0,0,0,0,0.0,None,,5,Direct,2026-09-15 00:25:49
309,POL000000309,246,8,1,20260817,20260823,20270823,2026-08-17,2026-08-23,2027-08-23,Active,Monthly,Approved,Standard,6,10955.82,912.98,716000,0.0,0.0,0,0,0,0.0,None,,10,Digital,2026-09-09 08:19:37
310,POL000000310,1,6,7,20240510,20240516,20250516,2024-05-10,2024-05-16,2025-05-16,Active,Monthly,Approved,Standard,6,3231.27,269.27,127000,3231.27,3231.27,1,0,0,0.0,None,,18,Bancassurance,2024-05-28 12:36:30
311,POL000000311,378,7,8,20231211,20240102,20250101,2023-12-11,2024-01-02,2025-01-01,Active,Annual,Approved,Low,22,6695.0,557.92,868000,6695.0,0.0,0,0,0,0.0,None,,10,Bancassurance,2026-02-05 15:07:10
312,POL000000312,468,2,10,20230204,20230221,20240221,2023-02-04,2023-02-21,2024-02-21,Active,Monthly,Approved,Standard,17,1455.47,121.29,519000,1455.47,1455.47,1,0,0,0.0,None,,5,Agency,2024-02-27 14:34:48
313,POL000000313,505,2,8,20260306,20260312,20270312,2026-03-06,2026-03-12,2027-03-12,Active,Monthly,Approved,Standard,6,2725.06,227.09,817000,0.0,0.0,0,0,0,0.0,None,,10,Bancassurance,2026-09-07 07:38:58
314,POL000000314,157,12,11,20260428,20260514,20270514,2026-04-28,2026-05-14,2027-05-14,Active,Annual,Approved,Standard,16,5762.95,480.25,179000,0.0,0.0,0,0,0,0.0,None,,10,Bancassurance,2026-06-27 14:06:38
315,POL000000315,80,3,2,20250503,20250522,20260522,2025-05-03,2025-05-22,2026-05-22,Active,Annual,Approved,Low,19,10095.89,841.32,652000,10095.89,10095.89,1,0,0,0.0,None,,30,Broker / IFA,2025-10-01 08:42:58
316,POL000000316,477,4,14,20240918,20241002,20251002,2024-09-18,2024-10-02,2025-10-02,Active,Monthly,Approved,Standard,14,14305.9,1192.16,779000,14305.9,14305.9,1,0,0,0.0,None,,20,Bancassurance,2026-06-28 15:58:30
317,POL000000317,406,6,11,20250119,20250208,20260208,2025-01-19,2025-02-08,2026-02-08,Active,Annual,Approved,Standard,20,2090.83,174.24,107000,2090.83,2090.83,1,0,0,0.0,None,,18,Bancassurance,2026-06-27 04:35:21
318,POL000000318,7,7,8,20230917,20230923,20240922,2023-09-17,2023-09-23,2024-09-22,Active,Monthly,Approved,Low,6,1953.18,162.77,297000,1953.18,1953.18,1,0,0,0.0,None,,15,Bancassurance,2025-07-08 02:31:09
319,POL000000319,222,2,9,20241217,20241218,20251218,2024-12-17,2024-12-18,2025-12-18,Active,Monthly,Approved,Low,1,912.65,76.05,478000,912.65,912.65,1,0,0,0.0,None,,15,Bancassurance,2026-02-10 19:11:48
320,POL000000320,22,10,3,20240614,20240626,20250626,2024-06-14,2024-06-26,2025-06-26,Active,Monthly,Approved,Low,12,1539.62,128.3,219000,1539.62,0.0,0,0,0,0.0,None,,5,Broker / IFA,2026-07-11 12:20:28
321,POL000000321,23,3,6,20250617,20250629,20260629,2025-06-17,2025-06-29,2026-06-29,Cancelled,Annual,Approved,Standard,12,1508.56,125.71,96000,1508.56,0.0,0,0,0,0.0,None,,20,Agency,2025-07-15 09:22:55
322,POL000000322,670,9,11,20250606,20250614,20260614,2025-06-06,2025-06-14,2026-06-14,Active,Monthly,Approved,Low,8,701.23,58.44,125000,701.23,701.23,1,0,0,0.0,None,,5,Bancassurance,2025-07-09 02:21:32
323,POL000000323,335,10,1,20230513,20230520,20240519,2023-05-13,2023-05-20,2024-05-19,Active,Half-yearly,Approved with Loading,Elevated,7,4448.3,370.69,388000,4448.3,4448.3,1,0,0,0.0,None,,5,Digital,2024-01-22 10:47:17
324,POL000000324,245,4,2,20241104,20241115,20251115,2024-11-04,2024-11-15,2025-11-15,Active,Half-yearly,Approved,Standard,11,4130.67,344.22,188000,4130.67,4130.67,1,0,0,0.0,None,,30,Broker / IFA,2026-09-21 00:28:40
325,POL000000325,734,8,2,20240401,20240417,20250417,2024-04-01,2024-04-17,2025-04-17,Active,Monthly,Approved with Loading,Elevated,16,3000.35,250.03,158000,3000.35,3000.35,1,0,0,0.0,None,,10,Broker / IFA,2026-01-22 10:23:24
326,POL000000326,454,3,7,20250516,20250604,20260604,2025-05-16,2025-06-04,2026-06-04,Active,Annual,Approved,Low,19,1765.04,147.09,97000,1765.04,1765.04,1,0,0,0.0,None,,30,Bancassurance,2026-07-27 20:26:21
327,POL000000327,406,6,23,20241114,20241128,20251128,2024-11-14,2024-11-28,2025-11-28,Cancelled,Quarterly,Approved,Standard,14,2453.27,204.44,89000,2453.27,0.0,0,0,0,0.0,None,,10,Bancassurance,2025-01-14 14:20:08
328,POL000000328,720,6,16,20260425,20260508,20270508,2026-04-25,2026-05-08,2027-05-08,Active,Quarterly,Approved,Low,13,3785.69,315.47,158000,0.0,0.0,0,0,0,0.0,None,,15,Direct,2026-06-06 18:10:59
329,POL000000329,718,11,7,20260313,20260318,20270318,2026-03-13,2026-03-18,2027-03-18,Active,Quarterly,Approved,Standard,5,21720.49,1810.04,619000,0.0,0.0,0,0,0,0.0,None,,10,Bancassurance,2026-05-25 02:11:21
330,POL000000330,148,2,18,20250107,20250123,20260123,2025-01-07,2025-01-23,2026-01-23,Active,Quarterly,Approved,Standard,16,677.76,56.48,456000,677.76,677.76,1,0,0,0.0,None,,5,Digital,2026-06-15 11:45:09
331,POL000000331,111,8,9,20250625,20250630,20260630,2025-06-25,2025-06-30,2026-06-30,Active,Monthly,Approved,Low,5,3779.08,314.92,208000,3779.08,3779.08,1,0,0,0.0,None,,15,Bancassurance,2026-03-01 16:15:35
332,POL000000332,492,2,2,20230224,20230306,20240305,2023-02-24,2023-03-06,2024-03-05,Active,Quarterly,Approved,Low,10,576.94,48.08,163000,576.94,576.94,1,0,0,0.0,None,,15,Broker / IFA,2024-07-23 21:40:15
333,POL000000333,112,1,1,20230403,20230416,20240415,2023-04-03,2023-04-16,2024-04-15,Matured,Quarterly,Approved,Standard,13,603.48,50.29,426000,603.48,603.48,1,0,0,0.0,None,,1,Digital,2024-02-27 19:36:25
334,POL000000334,632,5,13,20240903,20240914,20250914,2024-09-03,2024-09-14,2025-09-14,Active,Monthly,Approved with Loading,Elevated,11,15178.67,1264.89,340000,15178.67,15178.67,1,0,0,0.0,None,,20,Broker / IFA,2025-07-19 01:54:19
335,POL000000335,401,3,13,20231119,20231129,20241128,2023-11-19,2023-11-29,2024-11-28,Active,Quarterly,Approved,Low,10,2172.51,181.04,186000,2172.51,0.0,0,0,0,0.0,None,,20,Broker / IFA,2023-12-15 03:47:33
336,POL000000336,62,8,22,20260718,20260724,20270724,2026-07-18,2026-07-24,2027-07-24,Active,Annual,Approved,Standard,6,8026.83,668.9,845000,0.0,0.0,0,0,0,0.0,None,,20,Bancassurance,2026-09-03 22:27:27
337,POL000000337,259,11,23,20260313,20260319,20270319,2026-03-13,2026-03-19,2027-03-19,Active,Monthly,Approved,Low,6,8011.33,667.61,386000,0.0,0.0,0,0,0,0.0,None,,15,Bancassurance,2026-09-13 11:39:55
338,POL000000338,230,10,2,20240607,20240614,20250614,2024-06-07,2024-06-14,2025-06-14,Active,Monthly,Approved,Standard,7,2698.66,224.89,313000,2698.66,2698.66,1,0,0,0.0,None,,15,Broker / IFA,2025-06-08 16:37:27
339,POL000000339,234,1,23,20230805,20230907,20240906,2023-08-05,2023-09-07,2024-09-06,Active,Monthly,Approved with Loading,Elevated,33,719.64,59.97,199000,719.64,0.0,0,0,0,0.0,None,,20,Bancassurance,2025-07-25 07:07:16
340,POL000000340,257,7,5,20250915,20250927,20260927,2025-09-15,2025-09-27,2026-09-27,Active,Annual,Approved,Low,12,10870.95,905.91,786000,0.0,0.0,0,0,0,0.0,None,,10,Direct,2026-08-27 20:29:28
341,POL000000341,208,11,12,20260204,20260302,20270302,2026-02-04,2026-03-02,2027-03-02,Active,Monthly,Approved,Low,26,2667.39,222.28,143000,0.0,0.0,0,0,0,0.0,None,,10,Agency,2026-06-13 04:09:18
342,POL000000342,158,9,18,20251121,20251126,20261126,2025-11-21,2025-11-26,2026-11-26,Active,Monthly,Approved,Low,5,979.88,81.66,132000,0.0,0.0,0,0,0,0.0,None,,5,Digital,2026-06-10 07:21:31
343,POL000000343,378,9,21,20260520,20260529,20270529,2026-05-20,2026-05-29,2027-05-29,Cancelled,Quarterly,Approved,Low,9,874.07,72.84,150000,0.0,0.0,0,0,0,0.0,None,,10,Agency,2026-09-02 18:18:30
344,POL000000344,295,6,14,20241207,20241212,20251212,2024-12-07,2024-12-12,2025-12-12,Active,Half-yearly,Approved,Low,5,5603.93,466.99,152000,5603.93,5603.93,1,0,0,0.0,None,,10,Bancassurance,2025-05-16 01:25:07
345,POL000000345,715,3,6,20240430,20240510,20250510,2024-04-30,2024-05-10,2025-05-10,Active,Monthly,Approved,Standard,10,2925.06,243.76,241000,2925.06,0.0,0,0,0,0.0,None,,25,Agency,2026-08-15 08:54:23
346,POL000000346,159,1,25,20240903,20240914,20250914,2024-09-03,2024-09-14,2025-09-14,Active,Monthly,Approved with Loading,Elevated,11,1591.5,132.62,443000,1591.5,1591.5,1,0,0,0.0,None,,5,Agency,2025-05-01 08:42:33
347,POL000000347,644,3,19,20231025,20231028,20241027,2023-10-25,2023-10-28,2024-10-27,Active,Monthly,Approved,Standard,3,6646.4,553.87,567000,6646.4,6646.4,1,0,0,0.0,None,,30,Agency,2025-02-28 00:20:58
348,POL000000348,605,7,18,20260414,20260419,20270419,2026-04-14,2026-04-19,2027-04-19,Active,Monthly,Approved,Standard,5,3812.2,317.68,329000,0.0,0.0,0,0,0,0.0,None,,20,Digital,2026-09-21 00:42:35
349,POL000000349,253,9,19,20231005,20231017,20241016,2023-10-05,2023-10-17,2024-10-16,Active,Half-yearly,Approved,Standard,12,1453.88,121.16,136000,1453.88,1453.88,1,0,0,0.0,None,,10,Agency,2025-04-23 09:39:26
350,POL000000350,133,9,10,20240723,20240729,20250729,2024-07-23,2024-07-29,2025-07-29,Lapsed,Monthly,Approved,Standard,6,810.49,67.54,86000,810.49,0.0,0,1,0,0.0,None,,10,Agency,2024-07-29 00:11:15
351,POL000000351,515,2,5,20231129,20231201,20241130,2023-11-29,2023-12-01,2024-11-30,Active,Monthly,Approved,Standard,2,2627.35,218.95,1045000,2627.35,2627.35,1,0,0,0.0,None,,20,Direct,2026-03-03 09:56:15
352,POL000000352,323,5,5,20250108,20250114,20260114,2025-01-08,2025-01-14,2026-01-14,Active,Annual,Approved,Standard,6,2880.05,240.0,98000,2880.05,2880.05,1,0,0,0.0,None,,20,Direct,2026-01-12 09:18:30
353,POL000000353,5,2,7,20251031,20251106,20261106,2025-10-31,2025-11-06,2026-11-06,Claimed,Monthly,Approved,Low,6,2047.9,170.66,624000,0.0,0.0,0,0,1,412895.63,Paid,2026-07-26,5,Bancassurance,2026-01-07 00:02:06
354,POL000000354,642,3,12,20241121,20241127,20251127,2024-11-21,2024-11-27,2025-11-27,Active,Monthly,Approved,Standard,6,2197.28,183.11,198000,2197.28,2197.28,1,0,0,0.0,None,,20,Agency,2026-01-16 16:32:47
355,POL000000355,354,7,13,20240628,20240709,20250709,2024-06-28,2024-07-09,2025-07-09,Lapsed,Quarterly,Approved,Low,11,1142.1,95.18,146000,1142.1,0.0,0,1,0,0.0,None,,25,Broker / IFA,2025-11-07 05:13:48
356,POL000000356,329,12,15,20231205,20231215,20241214,2023-12-05,2023-12-15,2024-12-14,Active,Monthly,Approved,Low,10,27821.67,2318.47,1107000,27821.67,27821.67,1,0,0,0.0,None,,20,Bancassurance,2026-03-18 14:35:33
357,POL000000357,395,10,14,20231104,20231106,20241105,2023-11-04,2023-11-06,2024-11-05,Active,Half-yearly,Approved with Loading,Elevated,2,4055.17,337.93,235000,4055.17,4055.17,1,0,0,0.0,None,,10,Bancassurance,2023-11-10 19:23:43
358,POL000000358,32,6,12,20230127,20230212,20240212,2023-01-27,2023-02-12,2024-02-12,Active,Quarterly,Approved,Standard,16,2357.37,196.45,81000,2357.37,2357.37,1,0,0,0.0,None,,18,Agency,2024-04-06 17:05:47
359,POL000000359,134,11,19,20230719,20230729,20240728,2023-07-19,2023-07-29,2024-07-28,Active,Quarterly,Approved,Standard,10,12314.81,1026.23,356000,12314.81,12314.81,1,0,0,0.0,None,,10,Agency,2026-05-09 17:00:47
360,POL000000360,205,5,5,20260810,20260820,20270820,2026-08-10,2026-08-20,2027-08-20,Active,Monthly,Approved with Loading,Elevated,10,4291.51,357.63,89000,0.0,0.0,0,0,0,0.0,None,,15,Direct,2026-09-05 02:02:38
361,POL000000361,454,3,2,20231103,20231113,20241112,2023-11-03,2023-11-13,2024-11-12,Active,Monthly,Approved,Standard,10,1258.09,104.84,101000,1258.09,1258.09,1,0,0,0.0,None,,30,Broker / IFA,2025-08-03 17:13:39
362,POL000000362,494,2,1,20240112,20240116,20250115,2024-01-12,2024-01-16,2025-01-15,Active,Annual,Approved,Standard,4,3251.16,270.93,804000,3251.16,3251.16,1,0,0,0.0,None,,10,Digital,2025-07-01 11:56:03
363,POL000000363,620,2,9,20230422,20230428,20240427,2023-04-22,2023-04-28,2024-04-27,Active,Monthly,Approved,Standard,6,742.45,61.87,305000,742.45,742.45,1,0,0,0.0,None,,5,Bancassurance,2024-04-11 23:30:15
364,POL000000364,254,1,18,20260705,20260714,20270714,2026-07-05,2026-07-14,2027-07-14,Active,Monthly,Approved,Standard,9,240.0,20.0,101000,0.0,0.0,0,0,0,0.0,None,,2,Digital,2026-08-21 06:00:51
365,POL000000365,487,8,3,20260424,20260428,20270428,2026-04-24,2026-04-28,2027-04-28,Claimed,Annual,Approved,Low,4,8058.22,671.52,887000,0.0,0.0,0,0,1,666224.51,Paid,2026-07-06,10,Broker / IFA,2026-07-22 04:55:06
366,POL000000366,669,5,24,20240414,20240419,20250419,2024-04-14,2024-04-19,2025-04-19,Active,Quarterly,Approved,Low,5,8876.85,739.74,485000,8876.85,8876.85,1,0,0,0.0,None,,20,Agency,2024-10-20 11:49:53
367,POL000000367,427,3,4,20241224,20241225,20251225,2024-12-24,2024-12-25,2025-12-25,Active,Quarterly,Approved,Low,1,2482.67,206.89,164000,2482.67,2482.67,1,0,0,0.0,None,,25,Agency,2025-04-24 13:40:14
368,POL000000368,686,9,10,20231130,20231206,20241205,2023-11-30,2023-12-06,2024-12-05,Active,Quarterly,Approved,Standard,6,434.54,36.21,56000,434.54,434.54,1,0,0,0.0,None,,5,Agency,2024-09-28 00:24:16
369,POL000000369,522,4,15,20231115,20231122,20241121,2023-11-15,2023-11-22,2024-11-21,Lapsed,Monthly,Approved,Standard,7,2286.62,190.55,113000,2286.62,0.0,0,1,0,0.0,None,,25,Bancassurance,2025-10-22 05:14:42
370,POL000000370,252,3,4,20250116,20250119,20260119,2025-01-16,2025-01-19,2026-01-19,Active,Annual,Approved with Loading,Elevated,3,1462.35,121.86,89000,1462.35,1462.35,1,0,0,0.0,None,,30,Agency,2026-09-14 02:50:55
371,POL000000371,672,4,19,20241230,20250122,20260122,2024-12-30,2025-01-22,2026-01-22,Lapsed,Monthly,Approved,Standard,23,3897.48,324.79,224000,3897.48,0.0,0,1,0,0.0,None,,25,Agency,2026-01-29 21:58:37
372,POL000000372,162,9,1,20250308,20250317,20260317,2025-03-08,2025-03-17,2026-03-17,Active,Monthly,Approved,Standard,9,374.08,31.17,60000,374.08,374.08,1,0,0,0.0,None,,20,Digital,2025-10-01 14:34:38
373,POL000000373,287,8,20,20260215,20260219,20270219,2026-02-15,2026-02-19,2027-02-19,Active,Monthly,Approved,Standard,4,1568.23,130.69,191000,0.0,0.0,0,0,0,0.0,None,,15,Agency,2026-02-26 08:23:59
374,POL000000374,483,2,25,20260425,20260501,20270501,2026-04-25,2026-05-01,2027-05-01,Claimed,Monthly,Approved,Standard,6,1523.54,126.96,662000,0.0,0.0,0,0,1,371647.89,Paid,2026-08-24,20,Agency,2026-07-14 06:34:43
375,POL000000375,302,1,4,20230107,20230111,20240111,2023-01-07,2023-01-11,2024-01-11,Matured,Annual,Approved with Loading,Elevated,4,647.78,53.98,160000,647.78,647.78,1,0,0,0.0,None,,1,Agency,2024-07-29 05:52:11
376,POL000000376,319,10,5,20230314,20230323,20240322,2023-03-14,2023-03-23,2024-03-22,Cancelled,Monthly,Approved,Standard,9,4681.75,390.15,357000,4681.75,0.0,0,0,0,0.0,None,,5,Direct,2025-09-01 06:44:00
377,POL000000377,741,5,17,20250705,20250713,20260713,2025-07-05,2025-07-13,2026-07-13,Active,Quarterly,Approved,Standard,8,7041.1,586.76,269000,7041.1,7041.1,1,0,0,0.0,None,,10,Bancassurance,2026-05-15 13:43:24
378,POL000000378,185,9,2,20230507,20230510,20240509,2023-05-07,2023-05-10,2024-05-09,Active,Quarterly,Approved,Standard,3,3826.48,318.87,304000,3826.48,3826.48,1,0,0,0.0,None,,5,Broker / IFA,2025-08-12 19:16:17
379,POL000000379,368,8,6,20230829,20230906,20240905,2023-08-29,2023-09-06,2024-09-05,Active,Quarterly,Approved,Low,8,4016.63,334.72,317000,4016.63,4016.63,1,0,0,0.0,None,,15,Agency,2026-05-07 15:04:22
380,POL000000380,180,8,18,20260819,20260828,20270828,2026-08-19,2026-08-28,2027-08-28,Active,Annual,Approved,Low,9,6016.82,501.4,523000,0.0,0.0,0,0,0,0.0,None,,10,Digital,2026-08-30 11:34:59
381,POL000000381,58,6,16,20230329,20230419,20240418,2023-03-29,2023-04-19,2024-04-18,Active,Monthly,Approved,Low,21,5035.69,419.64,204000,5035.69,5035.69,1,0,0,0.0,None,,15,Direct,2023-04-25 19:35:55
382,POL000000382,41,11,11,20230822,20230905,20240904,2023-08-22,2023-09-05,2024-09-04,Active,Monthly,Approved,Standard,14,6785.54,565.46,298000,6785.54,6785.54,1,0,0,0.0,None,,20,Bancassurance,2025-10-09 20:59:33
383,POL000000383,533,1,11,20240830,20240913,20250913,2024-08-30,2024-09-13,2025-09-13,Matured,Annual,Approved,Low,14,1842.18,153.52,737000,1842.18,1842.18,1,0,0,0.0,None,,1,Bancassurance,2025-03-12 02:03:15
384,POL000000384,501,9,1,20230628,20230720,20240719,2023-06-28,2023-07-20,2024-07-19,Active,Annual,Approved,Low,22,1462.86,121.9,298000,1462.86,1462.86,1,0,0,0.0,None,,20,Digital,2024-11-28 05:36:59
385,POL000000385,22,1,18,20251123,20251125,20261125,2025-11-23,2025-11-25,2026-11-25,Active,Quarterly,Approved,Standard,2,421.43,35.12,254000,0.0,0.0,0,0,0,0.0,None,,5,Digital,2026-01-09 05:35:46
386,POL000000386,106,3,3,20230117,20230123,20240123,2023-01-17,2023-01-23,2024-01-23,Active,Monthly,Approved,Standard,6,11145.35,928.78,678000,11145.35,11145.35,1,0,0,0.0,None,,30,Broker / IFA,2026-06-09 19:52:28
387,POL000000387,253,2,20,20251216,20260105,20270105,2025-12-16,2026-01-05,2027-01-05,Active,Monthly,Approved,Standard,20,370.55,30.88,176000,0.0,0.0,0,0,0,0.0,None,,10,Agency,2026-04-14 23:58:36
388,POL000000388,448,9,24,20250223,20250224,20260224,2025-02-23,2025-02-24,2026-02-24,Active,Quarterly,Approved,Standard,1,3575.02,297.92,219000,3575.02,3575.02,1,0,0,0.0,None,,5,Agency,2025-06-14 23:42:24
389,POL000000389,678,6,24,20251016,20251026,20261026,2025-10-16,2025-10-26,2026-10-26,Active,Monthly,Approved,Standard,10,4379.61,364.97,188000,0.0,0.0,0,0,0,0.0,None,,15,Agency,2026-05-08 18:36:17
390,POL000000390,484,12,4,20230423,20230501,20240430,2023-04-23,2023-05-01,2024-04-30,Active,Monthly,Approved,Standard,8,16520.24,1376.69,796000,16520.24,16520.24,1,0,0,0.0,None,,15,Agency,2024-10-05 15:08:48
391,POL000000391,137,11,3,20230716,20230803,20240802,2023-07-16,2023-08-03,2024-08-02,Active,Annual,Approved,Standard,18,8637.71,719.81,379000,8637.71,8637.71,1,0,0,0.0,None,,20,Broker / IFA,2025-04-17 04:51:52
392,POL000000392,138,9,13,20240423,20240503,20250503,2024-04-23,2024-05-03,2025-05-03,Active,Annual,Approved,Standard,10,1470.95,122.58,190000,1470.95,1470.95,1,0,0,0.0,None,,20,Broker / IFA,2025-03-25 07:04:52
393,POL000000393,17,3,24,20260831,20260911,20270911,2026-08-31,2026-09-11,2027-09-11,Active,Quarterly,Approved,Low,11,2764.46,230.37,137000,0.0,0.0,0,0,0,0.0,None,,25,Agency,2026-09-16 02:31:22
394,POL000000394,127,9,1,20250721,20250810,20260810,2025-07-21,2025-08-10,2026-08-10,Active,Quarterly,Approved,Low,20,2121.35,176.78,270000,2121.35,2121.35,1,0,0,0.0,None,,20,Digital,2025-09-20 08:15:38
395,POL000000395,566,6,16,20260201,20260210,20270210,2026-02-01,2026-02-10,2027-02-10,Active,Monthly,Approved,Low,9,4751.02,395.92,290000,0.0,0.0,0,0,0,0.0,None,,18,Direct,2026-08-27 08:18:49
396,POL000000396,572,11,18,20250305,20250312,20260312,2025-03-05,2025-03-12,2026-03-12,Active,Monthly,Approved with Loading,Elevated,7,13443.84,1120.32,425000,13443.84,0.0,0,0,0,0.0,None,,15,Digital,2026-05-11 10:20:41
397,POL000000397,631,5,15,20260518,20260527,20270527,2026-05-18,2026-05-27,2027-05-27,Active,Annual,Approved,Standard,9,6131.67,510.97,288000,0.0,0.0,0,0,0,0.0,None,,20,Bancassurance,2026-08-26 08:21:14
398,POL000000398,519,3,7,20250723,20250730,20260730,2025-07-23,2025-07-30,2026-07-30,Active,Monthly,Approved,Standard,7,9175.51,764.63,629000,9175.51,9175.51,1,0,0,0.0,None,,25,Bancassurance,2026-02-10 12:29:04
399,POL000000399,104,2,14,20251214,20260110,20270110,2025-12-14,2026-01-10,2027-01-10,Cancelled,Half-yearly,Approved with Loading,Elevated,27,2947.88,245.66,1055000,0.0,0.0,0,0,0,0.0,None,,20,Bancassurance,2026-03-09 00:58:56
400,POL000000400,140,10,1,20240718,20240730,20250730,2024-07-18,2024-07-30,2025-07-30,Active,Monthly,Approved,Low,12,1003.8,83.65,115000,1003.8,1003.8,1,0,0,0.0,None,,15,Digital,2026-06-02 14:32:50
401,POL000000401,367,2,2,20231123,20231210,20241209,2023-11-23,2023-12-10,2024-12-09,Claimed,Monthly,Approved,Standard,17,352.84,29.4,152000,352.84,352.84,1,0,1,123843.72,Paid,2025-07-03,5,Broker / IFA,2026-09-25 04:34:12
402,POL000000402,301,7,8,20260202,20260213,20270213,2026-02-02,2026-02-13,2027-02-13,Active,Monthly,Approved,Standard,11,3571.62,297.64,264000,0.0,0.0,0,0,0,0.0,None,,25,Bancassurance,2026-02-24 09:35:58
403,POL000000403,685,12,9,20260421,20260502,20270502,2026-04-21,2026-05-02,2027-05-02,Active,Monthly,Approved,Low,11,6194.98,516.25,169000,0.0,0.0,0,0,0,0.0,None,,20,Bancassurance,2026-07-27 16:20:39
404,POL000000404,200,1,3,20230620,20230625,20240624,2023-06-20,2023-06-25,2024-06-24,Matured,Monthly,Approved,Standard,5,574.69,47.89,206000,574.69,574.69,1,0,0,0.0,None,,2,Broker / IFA,2026-04-12 07:02:38
405,POL000000405,37,6,15,20251227,20260105,20270105,2025-12-27,2026-01-05,2027-01-05,Active,Monthly,Approved,Standard,9,9080.51,756.71,224000,0.0,0.0,0,0,0,0.0,None,,18,Bancassurance,2026-09-15 21:38:50
406,POL000000406,359,8,2,20250417,20250423,20260423,2025-04-17,2025-04-23,2026-04-23,Active,Quarterly,Approved,Low,6,8431.25,702.6,658000,8431.25,0.0,0,0,0,0.0,None,,15,Broker / IFA,2026-08-16 00:13:26
407,POL000000407,467,6,11,20250321,20250402,20260402,2025-03-21,2025-04-02,2026-04-02,Claimed,Monthly,Approved,Low,12,1348.36,112.36,73000,1348.36,1348.36,1,0,1,9622.62,Paid,2025-08-12,10,Bancassurance,2026-03-04 07:38:04
408,POL000000408,314,2,18,20251015,20251024,20261024,2025-10-15,2025-10-24,2026-10-24,Active,Monthly,Approved,Low,9,912.89,76.07,428000,0.0,0.0,0,0,0,0.0,None,,10,Digital,2026-01-25 03:02:18
409,POL000000409,286,2,9,20251021,20251107,20261107,2025-10-21,2025-11-07,2026-11-07,Active,Half-yearly,Approved,Standard,17,999.47,83.29,326000,0.0,0.0,0,0,0,0.0,None,,10,Bancassurance,2026-02-22 04:07:47
410,POL000000410,511,3,15,20250816,20250903,20260903,2025-08-16,2025-09-03,2026-09-03,Active,Monthly,Approved,Standard,18,4878.62,406.55,309000,4878.62,4878.62,1,0,0,0.0,None,,20,Bancassurance,2025-09-18 12:19:09
411,POL000000411,212,11,8,20240319,20240323,20250323,2024-03-19,2024-03-23,2025-03-23,Active,Monthly,Approved,Standard,4,18591.18,1549.26,855000,18591.18,18591.18,1,0,0,0.0,None,,20,Bancassurance,2025-11-27 09:43:37
412,POL000000412,441,4,4,20251219,20251227,20261227,2025-12-19,2025-12-27,2026-12-27,Active,Annual,Approved,Standard,8,7560.74,630.06,576000,0.0,0.0,0,0,0,0.0,None,,30,Agency,2026-07-20 20:08:39
413,POL000000413,208,8,4,20250209,20250223,20260223,2025-02-09,2025-02-23,2026-02-23,Active,Monthly,Approved,Standard,14,4236.8,353.07,235000,4236.8,4236.8,1,0,0,0.0,None,,15,Agency,2026-06-05 18:55:27
414,POL000000414,286,8,18,20241206,20241216,20251216,2024-12-06,2024-12-16,2025-12-16,Active,Monthly,Approved,Standard,10,2751.02,229.25,218000,2751.02,0.0,0,0,0,0.0,None,,15,Digital,2025-07-20 20:23:46
415,POL000000415,191,7,3,20231110,20231121,20241120,2023-11-10,2023-11-21,2024-11-20,Active,Monthly,Approved,Low,11,7488.91,624.08,721000,7488.91,7488.91,1,0,0,0.0,None,,25,Broker / IFA,2024-03-02 02:59:57
416,POL000000416,189,3,20,20230706,20230712,20240711,2023-07-06,2023-07-12,2024-07-11,Active,Monthly,Approved,Low,6,5409.13,450.76,402000,5409.13,5409.13,1,0,0,0.0,None,,30,Agency,2026-01-13 12:34:16
417,POL000000417,582,7,16,20231215,20231223,20241222,2023-12-15,2023-12-23,2024-12-22,Active,Monthly,Approved with Loading,Elevated,8,1935.84,161.32,132000,1935.84,1935.84,1,0,0,0.0,None,,25,Direct,2026-03-05 19:19:10
418,POL000000418,188,1,1,20250202,20250214,20260214,2025-02-02,2025-02-14,2026-02-14,Active,Monthly,Approved,Standard,12,1081.83,90.15,552000,1081.83,1081.83,1,0,0,0.0,None,,20,Digital,2025-06-25 01:40:55
419,POL000000419,648,10,1,20240102,20240121,20250120,2024-01-02,2024-01-21,2025-01-20,Active,Monthly,Approved,Low,19,636.33,53.03,79000,636.33,0.0,0,0,0,0.0,None,,15,Digital,2025-03-16 12:52:09
420,POL000000420,385,1,18,20240205,20240212,20250211,2024-02-05,2024-02-12,2025-02-11,Active,Quarterly,Approved,Standard,7,1662.91,138.58,691000,1662.91,1662.91,1,0,0,0.0,None,,10,Digital,2026-09-17 01:31:00
421,POL000000421,429,7,11,20250926,20251003,20261003,2025-09-26,2025-10-03,2026-10-03,Lapsed,Quarterly,Approved,Standard,7,1381.96,115.16,148000,0.0,0.0,0,1,0,0.0,None,,20,Bancassurance,2026-06-14 05:16:37
422,POL000000422,158,3,16,20230812,20230822,20240821,2023-08-12,2023-08-22,2024-08-21,Active,Monthly,Approved,Standard,10,11858.13,988.18,467000,11858.13,11858.13,1,0,0,0.0,None,,20,Direct,2024-04-14 19:48:10
423,POL000000423,68,2,6,20230618,20230630,20240629,2023-06-18,2023-06-30,2024-06-29,Active,Monthly,Approved with Loading,Elevated,12,787.52,65.63,157000,787.52,787.52,1,0,0,0.0,None,,20,Agency,2025-06-29 23:30:37
424,POL000000424,291,12,13,20240918,20241023,20251023,2024-09-18,2024-10-23,2025-10-23,Active,Monthly,Approved with Loading,Elevated,35,6220.49,518.37,190000,6220.49,0.0,0,0,0,0.0,None,,20,Broker / IFA,2026-02-24 14:43:18
425,POL000000425,597,1,1,20260308,20260309,20270309,2026-03-08,2026-03-09,2027-03-09,Active,Monthly,Approved,Low,1,455.95,38.0,210000,0.0,0.0,0,0,0,0.0,None,,1,Digital,2026-04-08 23:58:56
426,POL000000426,743,12,10,20260815,20260826,20270826,2026-08-15,2026-08-26,2027-08-26,Active,Quarterly,Approved with Loading,Elevated,11,26110.5,2175.88,982000,0.0,0.0,0,0,0,0.0,None,,15,Agency,2026-08-30 13:47:33
427,POL000000427,464,1,16,20240410,20240414,20250414,2024-04-10,2024-04-14,2025-04-14,Matured,Annual,Approved,Standard,4,528.28,44.02,202000,528.28,528.28,1,0,0,0.0,None,,1,Direct,2025-11-08 11:11:43
428,POL000000428,689,8,9,20230619,20230625,20240624,2023-06-19,2023-06-25,2024-06-24,Active,Monthly,Approved with Loading,Elevated,6,10719.33,893.28,658000,10719.33,10719.33,1,0,0,0.0,None,,10,Bancassurance,2025-06-08 03:20:22
429,POL000000429,544,8,18,20240626,20240627,20250627,2024-06-26,2024-06-27,2025-06-27,Active,Quarterly,Approved,Standard,1,5959.63,496.64,491000,5959.63,5959.63,1,0,0,0.0,None,,10,Digital,2026-02-07 06:34:30
430,POL000000430,737,9,18,20260204,20260213,20270213,2026-02-04,2026-02-13,2027-02-13,Active,Monthly,Approved,Standard,9,899.2,74.93,140000,0.0,0.0,0,0,0,0.0,None,,15,Digital,2026-09-16 20:25:23
431,POL000000431,513,3,18,20250426,20250427,20260427,2025-04-26,2025-04-27,2026-04-27,Active,Monthly,Approved,Standard,1,1872.72,156.06,217000,1872.72,1872.72,1,0,0,0.0,None,,30,Digital,2026-04-20 23:43:36
432,POL000000432,629,7,12,20231002,20231008,20241007,2023-10-02,2023-10-08,2024-10-07,Active,Quarterly,Approved,Low,6,6951.11,579.26,709000,6951.11,6951.11,1,0,0,0.0,None,,25,Agency,2024-10-31 06:16:55
433,POL000000433,437,5,14,20251230,20260104,20270104,2025-12-30,2026-01-04,2027-01-04,Active,Monthly,Approved,Low,5,1974.4,164.53,93000,0.0,0.0,0,0,0,0.0,None,,10,Bancassurance,2026-04-21 14:02:34
434,POL000000434,77,3,16,20230422,20230502,20240501,2023-04-22,2023-05-02,2024-05-01,Active,Annual,Approved,Low,10,820.86,68.4,85000,820.86,820.86,1,0,0,0.0,None,,25,Direct,2024-09-03 07:32:18
435,POL000000435,71,12,9,20250606,20250608,20260608,2025-06-06,2025-06-08,2026-06-08,Active,Half-yearly,Approved with Loading,Elevated,2,7395.4,616.28,152000,7395.4,7395.4,1,0,0,0.0,None,,20,Bancassurance,2025-08-31 06:29:23
436,POL000000436,125,12,1,20250527,20250618,20260618,2025-05-27,2025-06-18,2026-06-18,Active,Monthly,Approved,Standard,22,10238.19,853.18,563000,10238.19,10238.19,1,0,0,0.0,None,,15,Digital,2026-05-29 00:16:25
437,POL000000437,261,7,13,20251212,20251213,20261213,2025-12-12,2025-12-13,2026-12-13,Active,Annual,Approved,Low,1,4807.02,400.58,479000,0.0,0.0,0,0,0,0.0,None,,10,Broker / IFA,2026-01-22 16:16:04
438,POL000000438,171,8,8,20230802,20230817,20240816,2023-08-02,2023-08-17,2024-08-16,Active,Monthly,Approved,Standard,15,8087.14,673.93,641000,8087.14,8087.14,1,0,0,0.0,None,,15,Bancassurance,2023-11-16 10:42:50
439,POL000000439,282,1,5,20260728,20260824,20270824,2026-07-28,2026-08-24,2027-08-24,Active,Monthly,Approved,Standard,27,716.08,59.67,353000,0.0,0.0,0,0,0,0.0,None,,5,Direct,2026-09-13 12:28:01
440,POL000000440,715,3,19,20230608,20230611,20240610,2023-06-08,2023-06-11,2024-06-10,Lapsed,Annual,Approved,Standard,3,1577.6,131.47,118000,1577.6,0.0,0,1,0,0.0,None,,20,Agency,2025-01-07 03:12:43
441,POL000000441,487,9,17,20250718,20250726,20260726,2025-07-18,2025-07-26,2026-07-26,Lapsed,Monthly,Approved,Low,8,1774.1,147.84,321000,1774.1,0.0,0,1,0,0.0,None,,20,Bancassurance,2026-09-21 23:52:59
442,POL000000442,603,1,5,20260804,20260815,20270815,2026-08-04,2026-08-15,2027-08-15,Active,Monthly,Approved,Standard,11,299.41,24.95,156000,0.0,0.0,0,0,0,0.0,None,,10,Direct,2026-08-26 21:16:37
443,POL000000443,553,3,19,20230502,20230519,20240518,2023-05-02,2023-05-19,2024-05-18,Active,Quarterly,Approved,Standard,17,1181.03,98.42,98000,1181.03,1181.03,1,0,0,0.0,None,,20,Agency,2024-02-07 12:22:47
444,POL000000444,397,2,5,20250213,20250222,20260222,2025-02-13,2025-02-22,2026-02-22,Active,Monthly,Approved,Low,9,1120.19,93.35,643000,1120.19,1120.19,1,0,0,0.0,None,,5,Direct,2025-05-14 22:56:39
445,POL000000445,149,3,5,20241116,20241118,20251118,2024-11-16,2024-11-18,2025-11-18,Active,Monthly,Approved,Standard,2,8520.0,710.0,682000,8520.0,8520.0,1,0,0,0.0,None,,20,Direct,2024-12-23 15:09:06
446,POL000000446,215,9,3,20250628,20250628,20260628,2025-06-28,2025-06-28,2026-06-28,Lapsed,Half-yearly,Approved,Low,0,896.25,74.69,204000,896.25,0.0,0,1,0,0.0,None,,20,Broker / IFA,2026-09-16 23:29:59
447,POL000000447,619,6,18,20230913,20230922,20240921,2023-09-13,2023-09-22,2024-09-21,Active,Quarterly,Approved,Standard,9,1814.31,151.19,61000,1814.31,0.0,0,0,0,0.0,None,,15,Digital,2024-02-12 07:33:31
448,POL000000448,83,7,8,20250706,20250712,20260712,2025-07-06,2025-07-12,2026-07-12,Active,Annual,Approved,Standard,6,2658.82,221.57,275000,2658.82,2658.82,1,0,0,0.0,None,,15,Bancassurance,2025-10-30 07:15:39
449,POL000000449,409,1,19,20240519,20240524,20250524,2024-05-19,2024-05-24,2025-05-24,Active,Annual,Approved,Standard,5,750.47,62.54,415000,750.47,750.47,1,0,0,0.0,None,,10,Agency,2024-06-30 12:35:59
450,POL000000450,157,1,8,20250911,20250921,20260921,2025-09-11,2025-09-21,2026-09-21,Active,Half-yearly,Approved,Low,10,1997.43,166.45,718000,1997.43,1997.43,1,0,0,0.0,None,,2,Bancassurance,2025-10-15 13:27:18
451,POL000000451,404,10,2,20240904,20240918,20250918,2024-09-04,2024-09-18,2025-09-18,Active,Quarterly,Approved with Loading,Elevated,14,5326.03,443.84,247000,5326.03,5326.03,1,0,0,0.0,None,,10,Broker / IFA,2025-01-04 05:34:48
452,POL000000452,474,7,24,20240503,20240512,20250512,2024-05-03,2024-05-12,2025-05-12,Active,Monthly,Approved,Low,9,2534.22,211.18,244000,2534.22,2534.22,1,0,0,0.0,None,,25,Agency,2026-03-23 03:09:20
453,POL000000453,462,7,3,20260514,20260525,20270525,2026-05-14,2026-05-25,2027-05-25,Active,Monthly,Approved,Standard,11,5394.99,449.58,310000,0.0,0.0,0,0,0,0.0,None,,10,Broker / IFA,2026-06-26 15:05:10
454,POL000000454,130,3,22,20250317,20250323,20260323,2025-03-17,2025-03-23,2026-03-23,Lapsed,Monthly,Approved,Standard,6,5141.25,428.44,314000,5141.25,0.0,0,1,0,0.0,None,,25,Bancassurance,2025-11-11 20:44:30
455,POL000000455,111,1,1,20260401,20260409,20270409,2026-04-01,2026-04-09,2027-04-09,Active,Monthly,Approved,Standard,8,2486.98,207.25,1466000,0.0,0.0,0,0,0,0.0,None,,2,Digital,2026-05-01 13:49:53
456,POL000000456,241,5,2,20250221,20250310,20260310,2025-02-21,2025-03-10,2026-03-10,Active,Monthly,Approved,Standard,17,1754.18,146.18,91000,1754.18,1754.18,1,0,0,0.0,None,,20,Broker / IFA,2025-06-17 14:50:18
457,POL000000457,425,2,11,20260531,20260604,20270604,2026-05-31,2026-06-04,2027-06-04,Active,Monthly,Approved,Standard,4,949.44,79.12,231000,0.0,0.0,0,0,0,0.0,None,,10,Bancassurance,2026-09-18 13:16:02
458,POL000000458,39,11,3,20260727,20260730,20270730,2026-07-27,2026-07-30,2027-07-30,Active,Monthly,Approved,Standard,3,3128.05,260.67,184000,0.0,0.0,0,0,0,0.0,None,,10,Broker / IFA,2026-09-15 06:57:28
459,POL000000459,465,1,11,20260619,20260703,20270703,2026-06-19,2026-07-03,2027-07-03,Lapsed,Monthly,Approved with Loading,Elevated,14,1546.07,128.84,688000,0.0,0.0,0,1,0,0.0,None,,5,Bancassurance,2026-07-06 19:26:32
460,POL000000460,31,8,3,20260226,20260301,20270301,2026-02-26,2026-03-01,2027-03-01,Active,Annual,Approved,Standard,3,8745.66,728.8,643000,0.0,0.0,0,0,0,0.0,None,,20,Broker / IFA,2026-05-30 14:44:43
461,POL000000461,407,10,25,20260330,20260423,20270423,2026-03-30,2026-04-23,2027-04-23,Active,Monthly,Approved,Standard,24,1098.74,91.56,94000,0.0,0.0,0,0,0,0.0,None,,10,Agency,2026-05-28 22:08:19
462,POL000000462,569,7,17,20240104,20240106,20250105,2024-01-04,2024-01-06,2025-01-05,Active,Monthly,Approved,Low,2,3560.14,296.68,435000,3560.14,3560.14,1,0,0,0.0,None,,10,Bancassurance,2025-02-15 04:51:05
463,POL000000463,454,3,3,20250819,20250824,20260824,2025-08-19,2025-08-24,2026-08-24,Active,Quarterly,Approved,Low,5,9105.39,758.78,657000,9105.39,9105.39,1,0,0,0.0,None,,25,Broker / IFA,2026-02-14 19:47:49
464,POL000000464,51,9,12,20260311,20260322,20270322,2026-03-11,2026-03-22,2027-03-22,Active,Monthly,Approved,Standard,11,1474.84,122.9,251000,0.0,0.0,0,0,0,0.0,None,,20,Agency,2026-08-10 17:36:59
465,POL000000465,685,7,18,20250528,20250605,20260605,2025-05-28,2025-06-05,2026-06-05,Active,Half-yearly,Approved,Standard,8,5873.01,489.42,596000,5873.01,5873.01,1,0,0,0.0,None,,15,Digital,2026-04-01 13:02:20
466,POL000000466,12,5,13,20251017,20251020,20261020,2025-10-17,2025-10-20,2026-10-20,Lapsed,Annual,Approved,Standard,3,10944.4,912.03,345000,0.0,0.0,0,1,0,0.0,None,,20,Broker / IFA,2026-07-05 11:37:40
467,POL000000467,59,7,19,20230521,20230604,20240603,2023-05-21,2023-06-04,2024-06-03,Cancelled,Annual,Approved,Standard,14,4374.28,364.52,322000,4374.28,0.0,0,0,0,0.0,None,,20,Agency,2026-07-29 22:30:12
468,POL000000468,2,1,10,20251111,20251207,20261207,2025-11-11,2025-12-07,2026-12-07,Active,Monthly,Approved,Standard,26,2196.31,183.03,804000,0.0,0.0,0,0,0,0.0,None,,20,Agency,2026-08-06 07:03:53
469,POL000000469,722,7,6,20240331,20240414,20250414,2024-03-31,2024-04-14,2025-04-14,Active,Monthly,Approved,Standard,14,3114.97,259.58,200000,3114.97,3114.97,1,0,0,0.0,None,,15,Agency,2024-05-28 04:45:01
470,POL000000470,198,10,16,20240806,20240812,20250812,2024-08-06,2024-08-12,2025-08-12,Active,Half-yearly,Approved,Low,6,2100.59,175.05,291000,2100.59,2100.59,1,0,0,0.0,None,,15,Direct,2025-03-25 20:03:13
471,POL000000471,82,9,14,20240901,20240907,20250907,2024-09-01,2024-09-07,2025-09-07,Active,Monthly,Approved,Standard,6,2574.68,214.56,337000,2574.68,2574.68,1,0,0,0.0,None,,15,Bancassurance,2026-03-13 23:06:45
472,POL000000472,571,3,5,20260731,20260806,20270806,2026-07-31,2026-08-06,2027-08-06,Cancelled,Annual,Approved,Low,6,9348.15,779.01,418000,0.0,0.0,0,0,0,0.0,None,,25,Direct,2026-09-02 01:37:30
473,POL000000473,208,8,2,20260815,20260908,20270908,2026-08-15,2026-09-08,2027-09-08,Active,Annual,Approved,Standard,24,3280.16,273.35,306000,0.0,0.0,0,0,0,0.0,None,,10,Broker / IFA,2026-09-18 03:35:24
474,POL000000474,41,9,5,20250830,20250910,20260910,2025-08-30,2025-09-10,2026-09-10,Active,Monthly,Approved with Loading,Elevated,11,2997.83,249.82,201000,2997.83,2997.83,1,0,0,0.0,None,,20,Direct,2026-08-27 18:06:49
475,POL000000475,746,1,2,20260101,20260104,20270104,2026-01-01,2026-01-04,2027-01-04,Active,Half-yearly,Approved,Low,3,468.39,39.03,247000,0.0,0.0,0,0,0,0.0,None,,5,Broker / IFA,2026-03-01 23:52:16
476,POL000000476,596,3,15,20231129,20231206,20241205,2023-11-29,2023-12-06,2024-12-05,Claimed,Monthly,Approved,Low,7,1618.48,134.87,108000,1618.48,1618.48,1,0,1,30200.74,Paid,2026-05-06,20,Bancassurance,2024-01-01 02:46:06
477,POL000000477,223,9,5,20231104,20231111,20241110,2023-11-04,2023-11-11,2024-11-10,Active,Monthly,Approved,Standard,7,1791.83,149.32,145000,1791.83,1791.83,1,0,0,0.0,None,,15,Direct,2024-04-28 10:57:17
478,POL000000478,216,9,9,20250315,20250324,20260324,2025-03-15,2025-03-24,2026-03-24,Active,Annual,Approved,Low,9,1203.56,100.3,136000,1203.56,1203.56,1,0,0,0.0,None,,5,Bancassurance,2026-04-29 19:07:00
479,POL000000479,644,11,16,20231005,20231016,20241015,2023-10-05,2023-10-16,2024-10-15,Active,Annual,Approved,Low,11,4950.88,412.57,221000,4950.88,4950.88,1,0,0,0.0,None,,20,Direct,2026-05-11 15:00:30
480,POL000000480,4,2,1,20250605,20250611,20260611,2025-06-05,2025-06-11,2026-06-11,Active,Monthly,Approved,Standard,6,515.35,42.95,183000,515.35,515.35,1,0,0,0.0,None,,5,Digital,2026-09-01 10:49:49
481,POL000000481,577,5,22,20241104,20241112,20251112,2024-11-04,2024-11-12,2025-11-12,Active,Monthly,Approved with Loading,Elevated,8,5515.41,459.62,102000,5515.41,5515.41,1,0,0,0.0,None,,20,Bancassurance,2025-09-25 03:32:51
482,POL000000482,240,5,22,20230126,20230202,20240202,2023-01-26,2023-02-02,2024-02-02,Active,Monthly,Approved,Standard,7,16529.15,1377.43,460000,16529.15,16529.15,1,0,0,0.0,None,,20,Bancassurance,2023-02-06 23:46:39
483,POL000000483,1,9,6,20241011,20241014,20251014,2024-10-11,2024-10-14,2025-10-14,Active,Monthly,Approved,Standard,3,751.26,62.6,75000,751.26,751.26,1,0,0,0.0,None,,15,Agency,2025-09-12 19:31:18
484,POL000000484,233,2,1,20260312,20260320,20270320,2026-03-12,2026-03-20,2027-03-20,Lapsed,Monthly,Approved,Standard,8,662.09,55.17,259000,0.0,0.0,0,1,0,0.0,None,,15,Digital,2026-04-12 12:55:38
485,POL000000485,405,7,2,20230227,20230305,20240304,2023-02-27,2023-03-05,2024-03-04,Active,Annual,Approved,Standard,6,2843.48,236.96,211000,2843.48,2843.48,1,0,0,0.0,None,,15,Broker / IFA,2025-04-04 23:36:15
486,POL000000486,83,1,25,20251113,20251123,20261123,2025-11-13,2025-11-23,2026-11-23,Active,Annual,Approved,Standard,10,358.89,29.91,206000,0.0,0.0,0,0,0,0.0,None,,10,Agency,2026-08-09 23:47:52
487,POL000000487,393,10,24,20260319,20260323,20270323,2026-03-19,2026-03-23,2027-03-23,Active,Half-yearly,Approved,Low,4,1305.66,108.8,267000,0.0,0.0,0,0,0,0.0,None,,5,Agency,2026-04-20 18:13:46
488,POL000000488,72,6,13,20251209,20251210,20261210,2025-12-09,2025-12-10,2026-12-10,Active,Monthly,Approved,Low,1,4774.24,397.85,140000,0.0,0.0,0,0,0,0.0,None,,15,Broker / IFA,2026-09-13 01:55:54
489,POL000000489,217,1,13,20240606,20240612,20250612,2024-06-06,2024-06-12,2025-06-12,Matured,Monthly,Approved,Low,6,240.0,20.0,126000,240.0,0.0,0,0,0,0.0,None,,1,Broker / IFA,2024-10-01 00:24:45
490,POL000000490,640,9,3,20240921,20240925,20250925,2024-09-21,2024-09-25,2025-09-25,Active,Monthly,Approved,Low,4,878.31,73.19,93000,878.31,878.31,1,0,0,0.0,None,,10,Broker / IFA,2026-02-10 20:07:06
491,POL000000491,488,12,2,20260306,20260311,20270311,2026-03-06,2026-03-11,2027-03-11,Active,Quarterly,Approved with Loading,Elevated,5,16011.96,1334.33,355000,0.0,0.0,0,0,0,0.0,None,,20,Broker / IFA,2026-07-11 03:14:19
492,POL000000492,10,12,20,20230409,20230418,20240417,2023-04-09,2023-04-18,2024-04-17,Active,Monthly,Approved,Standard,9,6827.76,568.98,156000,6827.76,0.0,0,0,0,0.0,None,,20,Agency,2023-08-11 22:17:37
493,POL000000493,145,1,12,20250827,20250904,20260904,2025-08-27,2025-09-04,2026-09-04,Active,Half-yearly,Approved,Standard,8,565.96,47.16,231000,565.96,565.96,1,0,0,0.0,None,,10,Agency,2026-08-05 21:55:16
494,POL000000494,292,3,8,20250528,20250617,20260617,2025-05-28,2025-06-17,2026-06-17,Active,Monthly,Approved,Standard,20,8335.96,694.66,459000,8335.96,8335.96,1,0,0,0.0,None,,25,Bancassurance,2025-12-09 11:57:11
495,POL000000495,700,1,24,20240309,20240319,20250319,2024-03-09,2024-03-19,2025-03-19,Matured,Monthly,Approved,Standard,10,304.72,25.39,121000,304.72,0.0,0,0,0,0.0,None,,1,Agency,2026-06-30 19:32:32
496,POL000000496,101,2,18,20231212,20231224,20241223,2023-12-12,2023-12-24,2024-12-23,Active,Annual,Approved,Low,12,1920.71,160.06,925000,1920.71,1920.71,1,0,0,0.0,None,,10,Digital,2025-06-26 13:07:12
497,POL000000497,160,5,11,20230522,20230525,20240524,2023-05-22,2023-05-25,2024-05-24,Active,Quarterly,Approved,Standard,3,4281.96,356.83,241000,4281.96,4281.96,1,0,0,0.0,None,,10,Bancassurance,2024-02-28 18:14:20
498,POL000000498,558,6,11,20251230,20260101,20270101,2025-12-30,2026-01-01,2027-01-01,Lapsed,Monthly,Approved,Standard,2,1753.53,146.13,62000,0.0,0.0,0,1,0,0.0,None,,10,Bancassurance,2026-09-18 21:48:28
499,POL000000499,606,6,11,20231217,20231218,20241217,2023-12-17,2023-12-18,2024-12-17,Lapsed,Quarterly,Approved,Standard,1,3172.59,264.38,110000,3172.59,0.0,0,1,0,0.0,None,,15,Bancassurance,2025-01-03 21:01:02
500,POL000000500,379,5,5,20230421,20230425,20240424,2023-04-21,2023-04-25,2024-04-24,Active,Annual,Approved,Standard,4,7674.21,639.52,255000,7674.21,7674.21,1,0,0,0.0,None,,15,Direct,2026-08-18 08:02:37
501,POL000000501,453,1,16,20241027,20241103,20251103,2024-10-27,2024-11-03,2025-11-03,Active,Half-yearly,Approved,Low,7,1300.49,108.37,664000,1300.49,1300.49,1,0,0,0.0,None,,10,Direct,2026-01-07 19:06:43
502,POL000000502,405,6,17,20250205,20250209,20260209,2025-02-05,2025-02-09,2026-02-09,Active,Quarterly,Approved,Low,4,4828.33,402.36,217000,4828.33,4828.33,1,0,0,0.0,None,,10,Bancassurance,2025-02-28 00:34:40
503,POL000000503,551,9,19,20260304,20260311,20270311,2026-03-04,2026-03-11,2027-03-11,Active,Monthly,Approved,Standard,7,414.02,34.5,51000,0.0,0.0,0,0,0,0.0,None,,5,Agency,2026-05-19 07:59:49
504,POL000000504,188,1,13,20231215,20240124,20250123,2023-12-15,2024-01-24,2025-01-23,Cancelled,Monthly,Approved with Loading,Elevated,40,422.58,35.21,127000,422.58,0.0,0,0,0,0.0,None,,20,Broker / IFA,2024-08-12 20:32:58
505,POL000000505,496,3,9,20241022,20241030,20251030,2024-10-22,2024-10-30,2025-10-30,Cancelled,Monthly,Approved,Standard,8,5026.58,418.88,339000,5026.58,0.0,0,0,0,0.0,None,,20,Bancassurance,2025-01-26 17:22:19
506,POL000000506,416,2,5,20241017,20241027,20251027,2024-10-17,2024-10-27,2025-10-27,Lapsed,Quarterly,Approved with Loading,Elevated,10,739.32,61.61,219000,739.32,0.0,0,1,0,0.0,None,,15,Direct,2026-09-07 01:57:49
507,POL000000507,336,1,1,20230308,20230311,20240310,2023-03-08,2023-03-11,2024-03-10,Active,Monthly,Approved,Standard,3,2667.01,222.25,1145000,2667.01,2667.01,1,0,0,0.0,None,,5,Digital,2024-07-28 06:31:58
508,POL000000508,49,6,22,20240413,20240426,20250426,2024-04-13,2024-04-26,2025-04-26,Lapsed,Monthly,Approved,Standard,13,8641.7,720.14,280000,8641.7,0.0,0,1,0,0.0,None,,10,Bancassurance,2025-04-12 20:16:20
509,POL000000509,554,5,2,20231107,20231116,20241115,2023-11-07,2023-11-16,2024-11-15,Active,Monthly,Approved,Low,9,4987.83,415.65,271000,4987.83,4987.83,1,0,0,0.0,None,,15,Broker / IFA,2026-02-04 23:33:24
510,POL000000510,254,7,3,20260924,20260925,20270925,2026-09-24,2026-09-25,2027-09-25,Active,Monthly,Approved,Standard,1,4655.39,387.95,343000,0.0,0.0,0,0,0,0.0,None,,10,Broker / IFA,2026-09-25 06:55:24
511,POL000000511,550,4,3,20250109,20250117,20260117,2025-01-09,2025-01-17,2026-01-17,Active,Half-yearly,Approved,Standard,8,3054.89,254.57,160000,3054.89,3054.89,1,0,0,0.0,None,,25,Broker / IFA,2026-07-15 06:13:12
512,POL000000512,390,9,16,20240222,20240314,20250314,2024-02-22,2024-03-14,2025-03-14,Active,Quarterly,Approved,Standard,21,2494.02,207.84,229000,2494.02,2494.02,1,0,0,0.0,None,,10,Direct,2025-02-20 08:47:17
513,POL000000513,692,12,22,20240312,20240313,20250313,2024-03-12,2024-03-13,2025-03-13,Active,Monthly,Approved,Standard,1,11889.46,990.79,447000,11889.46,11889.46,1,0,0,0.0,None,,20,Bancassurance,2026-07-21 23:07:08
514,POL000000514,60,11,22,20240203,20240215,20250214,2024-02-03,2024-02-15,2025-02-14,Active,Quarterly,Approved,Standard,12,4583.55,381.96,183000,4583.55,4583.55,1,0,0,0.0,None,,10,Bancassurance,2025-08-29 06:20:33
515,POL000000515,436,2,18,20260807,20260902,20270902,2026-08-07,2026-09-02,2027-09-02,Active,Half-yearly,Approved,Low,26,643.79,53.65,243000,0.0,0.0,0,0,0,0.0,None,,15,Digital,2026-09-16 03:39:25
516,POL000000516,498,5,4,20230116,20230121,20240121,2023-01-16,2023-01-21,2024-01-21,Active,Monthly,Approved,Low,5,5133.56,427.8,250000,5133.56,5133.56,1,0,0,0.0,None,,10,Agency,2026-08-02 19:47:55
517,POL000000517,731,6,7,20231106,20231113,20241112,2023-11-06,2023-11-13,2024-11-12,Lapsed,Half-yearly,Approved,Standard,7,13295.07,1107.92,414000,13295.07,0.0,0,1,0,0.0,None,,10,Bancassurance,2024-10-25 11:40:35
518,POL000000518,301,5,8,20230608,20230627,20240626,2023-06-08,2023-06-27,2024-06-26,Lapsed,Monthly,Approved,Low,19,3028.61,252.38,172000,3028.61,0.0,0,1,0,0.0,None,,15,Bancassurance,2024-01-11 07:17:29
519,POL000000519,336,6,7,20230618,20230620,20240619,2023-06-18,2023-06-20,2024-06-19,Active,Monthly,Approved with Loading,Elevated,2,5743.16,478.6,122000,5743.16,5743.16,1,0,0,0.0,None,,10,Bancassurance,2025-12-22 00:38:48
520,POL000000520,540,6,4,20250916,20251011,20261011,2025-09-16,2025-10-11,2026-10-11,Active,Monthly,Approved,Standard,25,3696.19,308.02,127000,0.0,0.0,0,0,0,0.0,None,,18,Agency,2026-04-09 21:28:31
521,POL000000521,678,2,18,20241224,20250103,20260103,2024-12-24,2025-01-03,2026-01-03,Lapsed,Quarterly,Approved,Standard,10,1825.44,152.12,1065000,1825.44,0.0,0,1,0,0.0,None,,10,Digital,2025-02-17 19:54:47
522,POL000000522,370,2,4,20250504,20250508,20260508,2025-05-04,2025-05-08,2026-05-08,Cancelled,Monthly,Approved,Low,4,521.58,43.46,158000,521.58,0.0,0,0,0,0.0,None,,5,Agency,2026-08-17 07:49:08
523,POL000000523,201,3,6,20260313,20260319,20270319,2026-03-13,2026-03-19,2027-03-19,Active,Monthly,Approved,Standard,6,1192.01,99.33,95000,0.0,0.0,0,0,0,0.0,None,,20,Agency,2026-04-06 21:36:09
524,POL000000524,580,12,2,20251101,20251116,20261116,2025-11-01,2025-11-16,2026-11-16,Active,Monthly,Approved,Standard,15,8279.52,689.96,361000,0.0,0.0,0,0,0,0.0,None,,15,Broker / IFA,2026-03-09 07:51:41
525,POL000000525,436,4,6,20230315,20230405,20240404,2023-03-15,2023-04-05,2024-04-04,Active,Monthly,Approved,Standard,21,5177.77,431.48,316000,5177.77,5177.77,1,0,0,0.0,None,,25,Agency,2024-02-23 10:35:46
526,POL000000526,431,5,24,20240605,20240613,20250613,2024-06-05,2024-06-13,2025-06-13,Active,Half-yearly,Approved,Low,8,1617.65,134.8,105000,1617.65,1617.65,1,0,0,0.0,None,,20,Agency,2026-03-27 04:58:40
527,POL000000527,201,7,13,20260903,20260918,20270918,2026-09-03,2026-09-18,2027-09-18,Active,Annual,Approved,Low,15,11191.06,932.59,934000,0.0,0.0,0,0,0,0.0,None,,10,Broker / IFA,2026-09-20 15:01:27
528,POL000000528,62,1,25,20231121,20231127,20241126,2023-11-21,2023-11-27,2024-11-26,Matured,Monthly,Approved,Standard,6,2128.15,177.35,564000,2128.15,2128.15,1,0,0,0.0,None,,1,Agency,2025-01-31 07:16:56
529,POL000000529,433,12,5,20260308,20260309,20270309,2026-03-08,2026-03-09,2027-03-09,Active,Annual,Approved,Standard,1,3794.23,316.19,159000,0.0,0.0,0,0,0,0.0,None,,15,Direct,2026-04-22 21:30:38
530,POL000000530,206,7,17,20250915,20250926,20260926,2025-09-15,2025-09-26,2026-09-26,Cancelled,Monthly,Approved with Loading,Elevated,11,3067.59,255.63,153000,0.0,0.0,0,0,0,0.0,None,,15,Bancassurance,2026-04-01 23:08:24
531,POL000000531,432,2,6,20260314,20260329,20270329,2026-03-14,2026-03-29,2027-03-29,Active,Annual,Approved,Standard,15,418.08,34.84,242000,0.0,0.0,0,0,0,0.0,None,,20,Agency,2026-08-21 10:50:14
532,POL000000532,594,1,1,20250214,20250216,20260216,2025-02-14,2025-02-16,2026-02-16,Matured,Monthly,Approved,Low,2,686.59,57.22,324000,686.59,686.59,1,0,0,0.0,None,,1,Digital,2026-03-07 07:31:07
533,POL000000533,348,9,9,20250515,20250609,20260609,2025-05-15,2025-06-09,2026-06-09,Active,Monthly,Approved,Standard,25,1749.76,145.81,212000,1749.76,0.0,0,0,0,0.0,None,,20,Bancassurance,2025-08-19 17:03:55
534,POL000000534,213,7,18,20260704,20260722,20270722,2026-07-04,2026-07-22,2027-07-22,Active,Quarterly,Approved with Loading,Elevated,18,4273.65,356.14,332000,0.0,0.0,0,0,0,0.0,None,,10,Digital,2026-07-28 02:46:52
535,POL000000535,275,12,6,20251220,20251230,20261230,2025-12-20,2025-12-30,2026-12-30,Active,Monthly,Approved with Loading,Elevated,10,25643.93,2136.99,601000,0.0,0.0,0,0,0,0.0,None,,10,Agency,2026-08-06 14:27:44
536,POL000000536,445,9,19,20240908,20241001,20251001,2024-09-08,2024-10-01,2025-10-01,Active,Monthly,Approved,Low,23,2672.93,222.74,404000,2672.93,2672.93,1,0,0,0.0,None,,5,Agency,2026-03-08 10:31:50
537,POL000000537,693,12,17,20231217,20231217,20241216,2023-12-17,2023-12-17,2024-12-16,Active,Quarterly,Approved,Standard,0,9089.58,757.46,408000,9089.58,9089.58,1,0,0,0.0,None,,20,Bancassurance,2026-08-10 16:41:43
538,POL000000538,609,4,18,20250525,20250608,20260608,2025-05-25,2025-06-08,2026-06-08,Active,Monthly,Approved,Standard,14,6870.94,572.58,500000,6870.94,6870.94,1,0,0,0.0,None,,20,Digital,2025-09-29 08:49:58
539,POL000000539,436,4,2,20260623,20260628,20270628,2026-06-23,2026-06-28,2027-06-28,Active,Monthly,Approved,Low,5,9367.54,780.63,458000,0.0,0.0,0,0,0,0.0,None,,30,Broker / IFA,2026-07-23 07:20:52
540,POL000000540,652,4,9,20250523,20250526,20260526,2025-05-23,2025-05-26,2026-05-26,Active,Monthly,Approved,Standard,3,2514.06,209.5,144000,2514.06,2514.06,1,0,0,0.0,None,,25,Bancassurance,2025-08-15 13:30:26
541,POL000000541,428,2,14,20260715,20260717,20270717,2026-07-15,2026-07-17,2027-07-17,Active,Half-yearly,Approved,Standard,2,1400.06,116.67,590000,0.0,0.0,0,0,0,0.0,None,,5,Bancassurance,2026-08-01 17:16:53
542,POL000000542,189,12,23,20240218,20240302,20250302,2024-02-18,2024-03-02,2025-03-02,Active,Quarterly,Approved,Low,13,12976.04,1081.34,488000,12976.04,12976.04,1,0,0,0.0,None,,10,Bancassurance,2024-07-13 18:12:27
543,POL000000543,507,1,20,20230805,20230808,20240807,2023-08-05,2023-08-08,2024-08-07,Active,Monthly,Approved,Standard,3,1626.66,135.56,532000,1626.66,1626.66,1,0,0,0.0,None,,10,Agency,2025-10-03 16:17:14
544,POL000000544,387,6,22,20250923,20251010,20261010,2025-09-23,2025-10-10,2026-10-10,Active,Monthly,Approved,Low,17,1301.42,108.45,76000,0.0,0.0,0,0,0,0.0,None,,10,Bancassurance,2026-06-01 00:58:00
545,POL000000545,7,4,3,20260703,20260715,20270715,2026-07-03,2026-07-15,2027-07-15,Active,Monthly,Approved,Low,12,1264.6,105.38,121000,0.0,0.0,0,0,0,0.0,None,,30,Broker / IFA,2026-08-21 13:29:14
546,POL000000546,478,2,16,20230625,20230801,20240731,2023-06-25,2023-08-01,2024-07-31,Active,Monthly,Approved,Standard,37,675.52,56.29,315000,675.52,675.52,1,0,0,0.0,None,,5,Direct,2026-01-03 10:22:54
547,POL000000547,229,7,20,20260419,20260427,20270427,2026-04-19,2026-04-27,2027-04-27,Active,Monthly,Approved,Standard,8,11032.87,919.41,868000,0.0,0.0,0,0,0,0.0,None,,10,Agency,2026-09-17 10:30:29
548,POL000000548,392,7,12,20230208,20230214,20240214,2023-02-08,2023-02-14,2024-02-14,Lapsed,Annual,Approved,Standard,6,1650.35,137.53,175000,1650.35,0.0,0,1,0,0.0,None,,25,Agency,2023-04-19 23:40:02
549,POL000000549,7,1,2,20240319,20240327,20250327,2024-03-19,2024-03-27,2025-03-27,Matured,Annual,Approved,Low,8,2202.49,183.54,1263000,2202.49,2202.49,1,0,0,0.0,None,,2,Broker / IFA,2024-06-10 08:06:51
550,POL000000550,391,5,22,20250911,20250915,20260915,2025-09-11,2025-09-15,2026-09-15,Active,Monthly,Approved,Low,4,7742.34,645.2,315000,7742.34,7742.34,1,0,0,0.0,None,,15,Bancassurance,2025-12-27 05:59:39
551,POL000000551,699,5,17,20260704,20260716,20270716,2026-07-04,2026-07-16,2027-07-16,Active,Monthly,Approved,Standard,12,5341.49,445.12,273000,0.0,0.0,0,0,0,0.0,None,,15,Bancassurance,2026-09-22 11:52:52
552,POL000000552,229,1,5,20260722,20260812,20270812,2026-07-22,2026-08-12,2027-08-12,Active,Annual,Approved with Loading,Elevated,21,4826.17,402.18,1058000,0.0,0.0,0,0,0,0.0,None,,1,Direct,2026-09-01 15:41:59
553,POL000000553,166,9,5,20260416,20260423,20270423,2026-04-16,2026-04-23,2027-04-23,Active,Monthly,Approved,Low,7,2726.92,227.24,432000,0.0,0.0,0,0,0,0.0,None,,5,Direct,2026-07-24 10:32:50
554,POL000000554,694,3,16,20260404,20260413,20270413,2026-04-04,2026-04-13,2027-04-13,Active,Monthly,Approved,Standard,9,1697.56,141.46,170000,0.0,0.0,0,0,0,0.0,None,,20,Direct,2026-05-16 06:01:25
555,POL000000555,307,5,6,20250826,20250908,20260908,2025-08-26,2025-09-08,2026-09-08,Active,Monthly,Approved with Loading,Elevated,13,2346.76,195.56,61000,2346.76,2346.76,1,0,0,0.0,None,,10,Agency,2026-07-19 03:17:36
556,POL000000556,665,5,8,20250112,20250118,20260118,2025-01-12,2025-01-18,2026-01-18,Active,Annual,Approved,Standard,6,10297.33,858.11,375000,10297.33,10297.33,1,0,0,0.0,None,,10,Bancassurance,2025-10-04 13:24:34
557,POL000000557,236,4,25,20240827,20240831,20250831,2024-08-27,2024-08-31,2025-08-31,Active,Quarterly,Approved,Low,4,9060.24,755.02,560000,9060.24,9060.24,1,0,0,0.0,None,,30,Agency,2025-09-13 23:37:01
558,POL000000558,342,3,22,20241013,20241111,20251111,2024-10-13,2024-11-11,2025-11-11,Active,Quarterly,Approved,Standard,29,11890.11,990.84,652000,11890.11,11890.11,1,0,0,0.0,None,,25,Bancassurance,2026-05-08 00:18:45
559,POL000000559,19,1,18,20260309,20260327,20270327,2026-03-09,2026-03-27,2027-03-27,Active,Monthly,Approved,Standard,18,2512.79,209.4,952000,0.0,0.0,0,0,0,0.0,None,,20,Digital,2026-06-13 08:49:52
560,POL000000560,595,1,13,20250311,20250326,20260326,2025-03-11,2025-03-26,2026-03-26,Active,Monthly,Approved,Standard,15,905.22,75.44,335000,905.22,905.22,1,0,0,0.0,None,,10,Broker / IFA,2025-09-21 02:52:09
561,POL000000561,153,1,1,20250905,20250912,20260912,2025-09-05,2025-09-12,2026-09-12,Matured,Monthly,Approved,Low,7,816.31,68.03,582000,816.31,0.0,0,0,0,0.0,None,,1,Digital,2026-05-23 01:54:05
562,POL000000562,223,11,14,20250306,20250317,20260317,2025-03-06,2025-03-17,2026-03-17,Active,Quarterly,Approved,Standard,11,4637.44,386.45,179000,4637.44,4637.44,1,0,0,0.0,None,,10,Bancassurance,2026-03-14 12:29:01
563,POL000000563,469,3,12,20251116,20251122,20261122,2025-11-16,2025-11-22,2026-11-22,Active,Quarterly,Approved with Loading,Elevated,6,15364.61,1280.38,438000,0.0,0.0,0,0,0,0.0,None,,25,Agency,2026-07-15 03:07:17
564,POL000000564,706,3,18,20260301,20260307,20270307,2026-03-01,2026-03-07,2027-03-07,Active,Annual,Approved,Standard,6,4635.06,386.26,379000,0.0,0.0,0,0,0,0.0,None,,20,Digital,2026-07-10 02:51:04
565,POL000000565,701,5,3,20240822,20240830,20250830,2024-08-22,2024-08-30,2025-08-30,Lapsed,Monthly,Approved,Standard,8,12574.69,1047.89,403000,12574.69,0.0,0,1,0,0.0,None,,15,Broker / IFA,2025-01-18 17:54:51
566,POL000000566,234,1,5,20250628,20250712,20260712,2025-06-28,2025-07-12,2026-07-12,Cancelled,Monthly,Approved,Standard,14,1942.91,161.91,908000,1942.91,0.0,0,0,0,0.0,None,,10,Direct,2025-09-15 10:51:25
567,POL000000567,746,8,14,20250209,20250211,20260211,2025-02-09,2025-02-11,2026-02-11,Active,Monthly,Approved,Low,2,12264.82,1022.07,1197000,12264.82,12264.82,1,0,0,0.0,None,,20,Bancassurance,2026-08-31 06:39:40
568,POL000000568,327,10,21,20231218,20231224,20241223,2023-12-18,2023-12-24,2024-12-23,Lapsed,Monthly,Approved,Low,6,1413.61,117.8,169000,1413.61,0.0,0,1,0,0.0,None,,15,Agency,2024-02-07 05:21:37
569,POL000000569,242,3,9,20260914,20260916,20270916,2026-09-14,2026-09-16,2027-09-16,Active,Monthly,Approved,Low,2,2765.86,230.49,195000,0.0,0.0,0,0,0,0.0,None,,25,Bancassurance,2026-09-19 17:29:10
570,POL000000570,298,4,5,20250611,20250624,20260624,2025-06-11,2025-06-24,2026-06-24,Active,Monthly,Approved,Standard,13,6434.11,536.18,277000,6434.11,6434.11,1,0,0,0.0,None,,30,Direct,2026-02-25 11:23:25
571,POL000000571,461,12,12,20231022,20231029,20241028,2023-10-22,2023-10-29,2024-10-28,Claimed,Monthly,Approved,Low,7,27326.22,2277.18,1152000,27326.22,27326.22,1,0,1,989039.06,Paid,2024-10-28,20,Agency,2026-07-28 05:00:06
572,POL000000572,377,8,21,20231026,20231108,20241107,2023-10-26,2023-11-08,2024-11-07,Active,Monthly,Approved,Standard,13,6382.07,531.84,655000,6382.07,6382.07,1,0,0,0.0,None,,20,Agency,2024-11-20 09:15:24
573,POL000000573,9,6,8,20240822,20240824,20250824,2024-08-22,2024-08-24,2025-08-24,Active,Half-yearly,Approved,Low,2,1273.79,106.15,63000,1273.79,1273.79,1,0,0,0.0,None,,18,Bancassurance,2026-02-13 08:21:35
574,POL000000574,235,9,14,20260824,20260901,20270901,2026-08-24,2026-09-01,2027-09-01,Active,Half-yearly,Approved,Standard,8,3537.18,294.76,296000,0.0,0.0,0,0,0,0.0,None,,5,Bancassurance,2026-09-09 23:17:09
575,POL000000575,573,2,18,20240629,20240707,20250707,2024-06-29,2024-07-07,2025-07-07,Active,Annual,Approved,Low,8,1745.01,145.42,722000,1745.01,1745.01,1,0,0,0.0,None,,10,Digital,2025-02-12 04:21:54
576,POL000000576,584,9,18,20240530,20240531,20250531,2024-05-30,2024-05-31,2025-05-31,Lapsed,Monthly,Approved,Standard,1,1206.82,100.57,290000,1206.82,0.0,0,1,0,0.0,None,,20,Digital,2025-07-27 11:41:06
577,POL000000577,311,7,4,20230201,20230205,20240205,2023-02-01,2023-02-05,2024-02-05,Active,Annual,Approved with Loading,Elevated,4,2707.58,225.63,170000,2707.58,2707.58,1,0,0,0.0,None,,10,Agency,2023-07-29 17:31:41
578,POL000000578,742,8,18,20250830,20250911,20260911,2025-08-30,2025-09-11,2026-09-11,Active,Monthly,Approved with Loading,Elevated,12,3568.49,297.37,212000,3568.49,0.0,0,0,0,0.0,None,,15,Digital,2026-07-23 14:08:26
579,POL000000579,561,5,4,20260414,20260510,20270510,2026-04-14,2026-05-10,2027-05-10,Active,Quarterly,Approved,Standard,26,3933.42,327.78,154000,0.0,0.0,0,0,0,0.0,None,,15,Agency,2026-06-01 08:46:53
580,POL000000580,272,6,25,20240721,20240723,20250723,2024-07-21,2024-07-23,2025-07-23,Active,Monthly,Approved,Standard,2,5767.32,480.61,183000,5767.32,5767.32,1,0,0,0.0,None,,18,Agency,2026-04-10 14:44:10
581,POL000000581,424,1,10,20241229,20250101,20260101,2024-12-29,2025-01-01,2026-01-01,Active,Quarterly,Approved,Low,3,1526.98,127.25,661000,1526.98,1526.98,1,0,0,0.0,None,,2,Agency,2025-05-23 16:38:51
582,POL000000582,639,5,10,20241215,20241224,20251224,2024-12-15,2024-12-24,2025-12-24,Active,Monthly,Approved,Standard,9,9014.34,751.2,451000,9014.34,9014.34,1,0,0,0.0,None,,10,Agency,2026-02-04 11:47:24
583,POL000000583,367,12,5,20251226,20251228,20261228,2025-12-26,2025-12-28,2026-12-28,Active,Monthly,Approved,Low,2,8078.45,673.2,361000,0.0,0.0,0,0,0,0.0,None,,20,Direct,2026-04-21 21:17:26
584,POL000000584,573,2,5,20240610,20240621,20250621,2024-06-10,2024-06-21,2025-06-21,Lapsed,Quarterly,Approved,Standard,11,1258.01,104.83,414000,1258.01,0.0,0,1,0,0.0,None,,15,Direct,2026-03-11 11:59:53
585,POL000000585,517,7,14,20250704,20250713,20260713,2025-07-04,2025-07-13,2026-07-13,Active,Annual,Approved,Low,9,9317.47,776.46,803000,9317.47,9317.47,1,0,0,0.0,None,,15,Bancassurance,2026-02-11 01:43:56
586,POL000000586,133,5,2,20260529,20260607,20270607,2026-05-29,2026-06-07,2027-06-07,Active,Quarterly,Approved,Low,9,8379.05,698.25,271000,0.0,0.0,0,0,0,0.0,None,,20,Broker / IFA,2026-06-08 06:04:52
587,POL000000587,24,2,17,20240716,20240802,20250802,2024-07-16,2024-08-02,2025-08-02,Active,Annual,Approved,Standard,17,924.62,77.05,484000,924.62,0.0,0,0,0,0.0,None,,10,Bancassurance,2025-01-11 07:21:34
588,POL000000588,531,8,13,20241222,20241229,20251229,2024-12-22,2024-12-29,2025-12-29,Active,Annual,Approved,Standard,7,13247.39,1103.95,616000,13247.39,13247.39,1,0,0,0.0,None,,20,Broker / IFA,2026-07-16 21:06:52
589,POL000000589,748,5,20,20230325,20230402,20240401,2023-03-25,2023-04-02,2024-04-01,Active,Monthly,Approved,Low,8,6150.01,512.5,345000,6150.01,6150.01,1,0,0,0.0,None,,20,Agency,2026-09-08 21:46:33
590,POL000000590,149,5,7,20260803,20260807,20270807,2026-08-03,2026-08-07,2027-08-07,Active,Quarterly,Approved,Standard,4,1583.23,131.94,59000,0.0,0.0,0,0,0,0.0,None,,10,Bancassurance,2026-09-18 01:05:35
591,POL000000591,91,5,21,20230427,20230519,20240518,2023-04-27,2023-05-19,2024-05-18,Active,Quarterly,Approved,Low,22,6900.95,575.08,260000,6900.95,6900.95,1,0,0,0.0,None,,20,Agency,2024-08-23 08:01:12
592,POL000000592,358,12,17,20230810,20230810,20240809,2023-08-10,2023-08-10,2024-08-09,Active,Half-yearly,Approved,Standard,0,14592.98,1216.08,459000,14592.98,0.0,0,0,0,0.0,None,,20,Bancassurance,2023-11-09 04:10:46
593,POL000000593,207,3,16,20240418,20240423,20250423,2024-04-18,2024-04-23,2025-04-23,Active,Monthly,Approved,Low,5,2525.28,210.44,143000,2525.28,2525.28,1,0,0,0.0,None,,30,Direct,2025-11-09 09:38:55
594,POL000000594,277,8,18,20260615,20260619,20270619,2026-06-15,2026-06-19,2027-06-19,Lapsed,Monthly,Approved,Low,4,6997.27,583.11,516000,0.0,0.0,0,1,0,0.0,None,,20,Digital,2026-07-17 17:10:59
595,POL000000595,43,1,18,20240202,20240205,20250204,2024-02-02,2024-02-05,2025-02-04,Active,Monthly,Approved,Standard,3,3195.9,266.32,1295000,3195.9,0.0,0,0,0,0.0,None,,5,Digital,2025-11-26 04:31:23
596,POL000000596,140,1,5,20260903,20260906,20270906,2026-09-03,2026-09-06,2027-09-06,Active,Monthly,Approved,Standard,3,1677.22,139.77,739000,0.0,0.0,0,0,0,0.0,None,,10,Direct,2026-09-24 22:55:59
597,POL000000597,141,3,23,20260530,20260601,20270601,2026-05-30,2026-06-01,2027-06-01,Active,Annual,Approved,Standard,2,6607.32,550.61,356000,0.0,0.0,0,0,0,0.0,None,,30,Bancassurance,2026-08-29 15:37:38
598,POL000000598,457,8,11,20240712,20240731,20250731,2024-07-12,2024-07-31,2025-07-31,Active,Annual,Approved,Standard,19,3523.4,293.62,190000,3523.4,3523.4,1,0,0,0.0,None,,10,Bancassurance,2025-01-21 21:22:18
599,POL000000599,88,10,18,20251026,20251106,20261106,2025-10-26,2025-11-06,2026-11-06,Lapsed,Monthly,Approved with Loading,Elevated,11,1080.6,90.05,84000,0.0,0.0,0,1,0,0.0,None,,5,Digital,2026-04-27 13:51:25
600,POL000000600,568,5,2,20260813,20260816,20270816,2026-08-13,2026-08-16,2027-08-16,Active,Monthly,Approved,Standard,3,10170.84,847.57,455000,0.0,0.0,0,0,0,0.0,None,,20,Broker / IFA,2026-08-18 11:46:24
601,POL000000601,8,4,2,20260326,20260417,20270417,2026-03-26,2026-04-17,2027-04-17,Active,Half-yearly,Approved,Standard,22,8973.11,747.76,340000,0.0,0.0,0,0,0,0.0,None,,20,Broker / IFA,2026-06-18 09:18:21
602,POL000000602,553,7,18,20230123,20230205,20240205,2023-01-23,2023-02-05,2024-02-05,Active,Quarterly,Approved,Standard,13,1290.38,107.53,104000,1290.38,1290.38,1,0,0,0.0,None,,20,Digital,2023-10-02 14:14:45
603,POL000000603,299,5,16,20260215,20260223,20270223,2026-02-15,2026-02-23,2027-02-23,Lapsed,Half-yearly,Approved with Loading,Elevated,8,5115.98,426.33,149000,0.0,0.0,0,1,0,0.0,None,,20,Direct,2026-03-21 04:51:53
604,POL000000604,411,8,3,20230704,20230714,20240713,2023-07-04,2023-07-14,2024-07-13,Active,Quarterly,Approved,Low,10,8404.14,700.34,805000,8404.14,8404.14,1,0,0,0.0,None,,15,Broker / IFA,2023-11-14 18:38:38
605,POL000000605,741,9,18,20251005,20251014,20261014,2025-10-05,2025-10-14,2026-10-14,Active,Monthly,Approved,Standard,9,1790.32,149.19,383000,0.0,0.0,0,0,0,0.0,None,,15,Digital,2025-12-30 13:56:10
606,POL000000606,1,2,7,20250303,20250313,20260313,2025-03-03,2025-03-13,2026-03-13,Active,Monthly,Approved,Standard,10,2543.28,211.94,1086000,2543.28,2543.28,1,0,0,0.0,None,,10,Bancassurance,2025-06-03 09:45:53
607,POL000000607,371,1,2,20231125,20231212,20241211,2023-11-25,2023-12-12,2024-12-11,Claimed,Quarterly,Approved,Standard,17,742.25,61.85,242000,742.25,742.25,1,0,1,158042.21,Paid,2025-10-17,5,Broker / IFA,2024-12-04 21:31:45
608,POL000000608,14,12,17,20260306,20260313,20270313,2026-03-06,2026-03-13,2027-03-13,Active,Monthly,Approved,Standard,7,12890.7,1074.23,444000,0.0,0.0,0,0,0,0.0,None,,15,Bancassurance,2026-06-03 12:32:28
609,POL000000609,399,12,5,20240223,20240302,20250302,2024-02-23,2024-03-02,2025-03-02,Active,Annual,Approved,Standard,8,4247.02,353.92,174000,4247.02,4247.02,1,0,0,0.0,None,,15,Direct,2024-09-22 14:33:20
610,POL000000610,573,7,1,20250129,20250208,20260208,2025-01-29,2025-02-08,2026-02-08,Active,Quarterly,Approved,Low,10,2318.02,193.17,252000,2318.02,2318.02,1,0,0,0.0,None,,15,Digital,2025-09-24 17:31:16
611,POL000000611,59,3,18,20230704,20230706,20240705,2023-07-04,2023-07-06,2024-07-05,Active,Quarterly,Approved,Standard,2,1568.05,130.67,113000,1568.05,1568.05,1,0,0,0.0,None,,20,Digital,2023-08-16 06:30:52
612,POL000000612,290,5,16,20250921,20250924,20260924,2025-09-21,2025-09-24,2026-09-24,Active,Annual,Approved,Standard,3,6648.04,554.0,291000,6648.04,6648.04,1,0,0,0.0,None,,10,Direct,2025-12-28 03:25:33
613,POL000000613,237,1,18,20230222,20230304,20240303,2023-02-22,2023-03-04,2024-03-03,Active,Monthly,Approved,Standard,10,354.29,29.52,209000,354.29,0.0,0,0,0,0.0,None,,10,Digital,2026-03-08 23:52:10
614,POL000000614,700,5,24,20241006,20241014,20251014,2024-10-06,2024-10-14,2025-10-14,Active,Monthly,Approved,Low,8,1340.07,111.67,67000,1340.07,1340.07,1,0,0,0.0,None,,20,Agency,2024-10-20 09:57:30
615,POL000000615,632,12,17,20260723,20260813,20270813,2026-07-23,2026-08-13,2027-08-13,Active,Annual,Approved,Standard,21,12787.92,1065.66,526000,0.0,0.0,0,0,0,0.0,None,,15,Bancassurance,2026-08-28 16:43:42
616,POL000000616,546,6,16,20260724,20260731,20270731,2026-07-24,2026-07-31,2027-07-31,Active,Monthly,Approved,Low,7,7064.73,588.73,312000,0.0,0.0,0,0,0,0.0,None,,18,Direct,2026-08-31 00:25:46
617,POL000000617,517,3,19,20260911,20260922,20270922,2026-09-11,2026-09-22,2027-09-22,Active,Monthly,Approved,Standard,11,3459.72,288.31,252000,0.0,0.0,0,0,0,0.0,None,,25,Agency,2026-09-25 09:37:06
618,POL000000618,250,2,18,20260323,20260329,20270329,2026-03-23,2026-03-29,2027-03-29,Claimed,Monthly,Approved,Standard,6,681.75,56.81,303000,0.0,0.0,0,0,1,183937.34,Paid,2026-09-20,20,Digital,2026-08-08 05:11:03
619,POL000000619,110,7,14,20241224,20250106,20260106,2024-12-24,2025-01-06,2026-01-06,Active,Monthly,Approved,Low,13,785.0,65.42,112000,785.0,785.0,1,0,0,0.0,None,,15,Bancassurance,2025-05-09 06:03:39
620,POL000000620,107,2,9,20231220,20231223,20241222,2023-12-20,2023-12-23,2024-12-22,Cancelled,Annual,Approved with Loading,Elevated,3,2283.46,190.29,490000,2283.46,0.0,0,0,0,0.0,None,,5,Bancassurance,2024-03-21 09:38:28
621,POL000000621,134,2,5,20250903,20250909,20260909,2025-09-03,2025-09-09,2026-09-09,Active,Annual,Approved,Standard,6,1423.99,118.67,410000,1423.99,0.0,0,0,0,0.0,None,,15,Direct,2026-05-26 03:18:44
622,POL000000622,613,11,14,20260910,20260913,20270913,2026-09-10,2026-09-13,2027-09-13,Active,Monthly,Approved with Loading,Elevated,3,12288.43,1024.04,257000,0.0,0.0,0,0,0,0.0,None,,20,Bancassurance,2026-09-17 13:54:28
623,POL000000623,97,1,2,20260218,20260222,20270222,2026-02-18,2026-02-22,2027-02-22,Active,Monthly,Approved with Loading,Elevated,4,2971.28,247.61,1156000,0.0,0.0,0,0,0,0.0,None,,20,Broker / IFA,2026-05-26 13:44:18
624,POL000000624,240,11,22,20250301,20250321,20260321,2025-03-01,2025-03-21,2026-03-21,Active,Monthly,Approved,Low,20,3179.09,264.92,168000,3179.09,3179.09,1,0,0,0.0,None,,10,Bancassurance,2026-05-23 21:36:35
625,POL000000625,242,1,2,20240901,20240908,20250908,2024-09-01,2024-09-08,2025-09-08,Active,Monthly,Approved,Low,7,240.0,20.0,156000,240.0,240.0,1,0,0,0.0,None,,20,Broker / IFA,2025-06-06 20:17:21
626,POL000000626,81,12,5,20250405,20250411,20260411,2025-04-05,2025-04-11,2026-04-11,Active,Half-yearly,Approved,Low,6,17573.7,1464.48,1028000,17573.7,17573.7,1,0,0,0.0,None,,10,Direct,2025-09-26 14:12:31
627,POL000000627,420,11,11,20250324,20250406,20260406,2025-03-24,2025-04-06,2026-04-06,Active,Annual,Approved with Loading,Elevated,13,36317.82,3026.48,883000,36317.82,36317.82,1,0,0,0.0,None,,10,Bancassurance,2025-06-18 12:31:44
628,POL000000628,462,7,24,20230610,20230622,20240621,2023-06-10,2023-06-22,2024-06-21,Lapsed,Monthly,Approved,Standard,12,5084.24,423.69,320000,5084.24,0.0,0,1,0,0.0,None,,20,Agency,2023-12-07 14:56:25
629,POL000000629,22,3,19,20230408,20230425,20240424,2023-04-08,2023-04-25,2024-04-24,Active,Quarterly,Approved,Low,17,5217.7,434.81,434000,5217.7,5217.7,1,0,0,0.0,None,,25,Agency,2025-02-27 05:02:54
630,POL000000630,455,4,9,20241219,20241225,20251225,2024-12-19,2024-12-25,2025-12-25,Active,Monthly,Approved,Low,6,1334.81,111.23,117000,1334.81,1334.81,1,0,0,0.0,None,,30,Bancassurance,2025-02-23 00:46:54
631,POL000000631,388,9,1,20240201,20240209,20250208,2024-02-01,2024-02-09,2025-02-08,Active,Monthly,Approved,Standard,8,744.58,62.05,102000,744.58,744.58,1,0,0,0.0,None,,10,Digital,2026-07-01 00:11:38
632,POL000000632,324,8,14,20241119,20241128,20251128,2024-11-19,2024-11-28,2025-11-28,Active,Monthly,Approved,Standard,9,2255.19,187.93,211000,2255.19,2255.19,1,0,0,0.0,None,,10,Bancassurance,2026-04-03 03:34:33
633,POL000000633,111,11,2,20251031,20251104,20261104,2025-10-31,2025-11-04,2026-11-04,Active,Annual,Approved,Low,4,1985.37,165.45,124000,0.0,0.0,0,0,0,0.0,None,,10,Broker / IFA,2026-06-14 23:39:43
634,POL000000634,557,5,16,20240227,20240302,20250302,2024-02-27,2024-03-02,2025-03-02,Active,Quarterly,Approved,Low,4,7410.01,617.5,283000,7410.01,7410.01,1,0,0,0.0,None,,15,Direct,2024-04-11 04:04:16
635,POL000000635,694,11,18,20240213,20240218,20250217,2024-02-13,2024-02-18,2025-02-17,Active,Monthly,Approved,Low,5,2686.04,223.84,229000,2686.04,2686.04,1,0,0,0.0,None,,10,Digital,2025-01-06 02:56:56
636,POL000000636,646,5,5,20251020,20251023,20261023,2025-10-20,2025-10-23,2026-10-23,Active,Annual,Approved,Low,3,4189.35,349.11,207000,0.0,0.0,0,0,0,0.0,None,,20,Direct,2025-12-16 14:27:19
637,POL000000637,530,2,15,20260731,20260803,20270803,2026-07-31,2026-08-03,2027-08-03,Active,Monthly,Approved,Low,3,1068.06,89.0,346000,0.0,0.0,0,0,0,0.0,None,,15,Bancassurance,2026-08-04 03:47:51
638,POL000000638,369,7,1,20230626,20230701,20240630,2023-06-26,2023-07-01,2024-06-30,Active,Half-yearly,Approved,Low,5,1183.43,98.62,126000,1183.43,1183.43,1,0,0,0.0,None,,25,Digital,2025-05-04 20:34:45
639,POL000000639,11,3,12,20240107,20240114,20250113,2024-01-07,2024-01-14,2025-01-13,Claimed,Monthly,Approved,Low,7,1143.77,95.31,91000,1143.77,1143.77,1,0,1,12317.24,Paid,2024-03-20,30,Agency,2024-09-26 08:05:21
640,POL000000640,674,10,1,20260606,20260618,20270618,2026-06-06,2026-06-18,2027-06-18,Active,Monthly,Approved,Standard,12,604.02,50.34,112000,0.0,0.0,0,0,0,0.0,None,,15,Digital,2026-07-13 11:04:55
641,POL000000641,154,9,16,20260919,20260922,20270922,2026-09-19,2026-09-22,2027-09-22,Active,Monthly,Approved,Standard,3,538.01,44.83,66000,0.0,0.0,0,0,0,0.0,None,,15,Direct,2026-09-23 08:56:33
642,POL000000642,205,9,18,20260120,20260131,20270131,2026-01-20,2026-01-31,2027-01-31,Lapsed,Monthly,Approved,Standard,11,2726.76,227.23,418000,0.0,0.0,0,1,0,0.0,None,,15,Digital,2026-06-14 06:28:27
643,POL000000643,750,8,1,20240411,20240418,20250418,2024-04-11,2024-04-18,2025-04-18,Active,Annual,Approved,Standard,7,2082.55,173.55,196000,2082.55,0.0,0,0,0,0.0,None,,15,Digital,2025-04-22 05:14:18
644,POL000000644,730,4,19,20240725,20240728,20250728,2024-07-25,2024-07-28,2025-07-28,Active,Annual,Approved,Standard,3,4178.64,348.22,232000,4178.64,4178.64,1,0,0,0.0,None,,25,Agency,2025-02-14 05:03:49
645,POL000000645,608,6,16,20230529,20230603,20240602,2023-05-29,2023-06-03,2024-06-02,Active,Half-yearly,Approved,Standard,5,1833.1,152.76,92000,1833.1,1833.1,1,0,0,0.0,None,,18,Direct,2025-03-13 15:05:20
646,POL000000646,203,10,21,20260903,20260910,20270910,2026-09-03,2026-09-10,2027-09-10,Active,Monthly,Approved with Loading,Elevated,7,3399.0,283.25,254000,0.0,0.0,0,0,0,0.0,None,,15,Agency,2026-09-24 14:17:06
647,POL000000647,99,9,1,20250601,20250604,20260604,2025-06-01,2025-06-04,2026-06-04,Active,Annual,Approved with Loading,Elevated,3,2411.62,200.97,251000,2411.62,2411.62,1,0,0,0.0,None,,15,Digital,2026-07-14 01:04:05
648,POL000000648,326,5,24,20250926,20251008,20261008,2025-09-26,2025-10-08,2026-10-08,Active,Half-yearly,Approved,Standard,12,3296.71,274.73,93000,0.0,0.0,0,0,0,0.0,None,,10,Agency,2025-10-22 15:06:48
649,POL000000649,487,5,3,20241220,20241229,20251229,2024-12-20,2024-12-29,2025-12-29,Active,Quarterly,Approved,Low,9,3632.42,302.7,148000,3632.42,3632.42,1,0,0,0.0,None,,15,Broker / IFA,2025-05-10 17:20:38
650,POL000000650,102,8,7,20231107,20231121,20241120,2023-11-07,2023-11-21,2024-11-20,Active,Annual,Approved,Standard,14,1967.34,163.94,180000,1967.34,1967.34,1,0,0,0.0,None,,10,Bancassurance,2024-12-01 01:22:39
651,POL000000651,93,11,2,20230531,20230608,20240607,2023-05-31,2023-06-08,2024-06-07,Lapsed,Monthly,Approved with Loading,Elevated,8,9455.77,787.98,210000,9455.77,0.0,0,1,0,0.0,None,,10,Broker / IFA,2026-08-09 10:41:57
652,POL000000652,125,5,16,20260827,20260904,20270904,2026-08-27,2026-09-04,2027-09-04,Active,Monthly,Approved,Standard,8,3155.34,262.94,111000,0.0,0.0,0,0,0,0.0,None,,20,Direct,2026-09-17 10:58:49
653,POL000000653,697,4,24,20250623,20250702,20260702,2025-06-23,2025-07-02,2026-07-02,Lapsed,Quarterly,Approved,Low,9,3839.7,319.97,320000,3839.7,0.0,0,1,0,0.0,None,,25,Agency,2026-07-01 23:34:11
654,POL000000654,386,2,2,20250619,20250628,20260628,2025-06-19,2025-06-28,2026-06-28,Active,Monthly,Approved with Loading,Elevated,9,4739.0,394.92,1125000,4739.0,4739.0,1,0,0,0.0,None,,5,Broker / IFA,2026-04-11 13:35:39
655,POL000000655,249,9,21,20230505,20230517,20240516,2023-05-05,2023-05-17,2024-05-16,Active,Quarterly,Approved,Low,12,774.52,64.54,102000,774.52,0.0,0,0,0,0.0,None,,20,Agency,2024-12-30 04:15:14
656,POL000000656,219,12,19,20250614,20250702,20260702,2025-06-14,2025-07-02,2026-07-02,Active,Monthly,Approved,Standard,18,4832.6,402.72,171000,4832.6,4832.6,1,0,0,0.0,None,,10,Agency,2025-09-23 14:36:33
657,POL000000657,208,4,20,20250814,20250818,20260818,2025-08-14,2025-08-18,2026-08-18,Lapsed,Monthly,Approved,Standard,4,3759.81,313.32,258000,3759.81,0.0,0,1,0,0.0,None,,30,Agency,2026-06-16 13:20:53
658,POL000000658,188,2,1,20251230,20260109,20270109,2025-12-30,2026-01-09,2027-01-09,Active,Monthly,Approved,Low,10,1596.35,133.03,753000,0.0,0.0,0,0,0,0.0,None,,5,Digital,2026-09-18 14:09:09
659,POL000000659,142,1,9,20250211,20250225,20260225,2025-02-11,2025-02-25,2026-02-25,Active,Monthly,Approved,Standard,14,2122.24,176.85,1472000,2122.24,0.0,0,0,0,0.0,None,,20,Bancassurance,2025-04-25 04:26:26
660,POL000000660,75,1,10,20260925,20260925,20270925,2026-09-25,2026-09-25,2027-09-25,Active,Annual,Approved,Low,0,316.04,26.34,270000,0.0,0.0,0,0,0,0.0,None,,5,Agency,2026-09-25 09:01:38
661,POL000000661,129,9,11,20231029,20231107,20241106,2023-10-29,2023-11-07,2024-11-06,Active,Monthly,Approved,Standard,9,3621.15,301.76,491000,3621.15,0.0,0,0,0,0.0,None,,20,Bancassurance,2024-07-17 21:36:30
662,POL000000662,175,5,20,20260723,20260724,20270724,2026-07-23,2026-07-24,2027-07-24,Active,Monthly,Approved,Standard,1,3146.85,262.24,128000,0.0,0.0,0,0,0,0.0,None,,10,Agency,2026-08-23 13:48:06
663,POL000000663,26,11,20,20250515,20250515,20260515,2025-05-15,2025-05-15,2026-05-15,Lapsed,Half-yearly,Approved with Loading,Elevated,0,17308.69,1442.39,595000,17308.69,0.0,0,1,0,0.0,None,,20,Agency,2026-04-09 12:27:52
664,POL000000664,29,6,14,20230626,20230703,20240702,2023-06-26,2023-07-03,2024-07-02,Active,Monthly,Approved,Standard,7,8900.46,741.7,305000,8900.46,8900.46,1,0,0,0.0,None,,15,Bancassurance,2026-03-30 06:00:41
665,POL000000665,371,1,23,20250428,20250512,20260512,2025-04-28,2025-05-12,2026-05-12,Claimed,Quarterly,Approved,Standard,14,240.0,20.0,127000,240.0,0.0,0,0,1,100208.88,Paid,2026-09-06,10,Bancassurance,2026-01-14 21:17:42
666,POL000000666,87,4,1,20230616,20230630,20240629,2023-06-16,2023-06-30,2024-06-29,Active,Monthly,Approved,Standard,14,8939.49,744.96,253000,8939.49,8939.49,1,0,0,0.0,None,,20,Digital,2026-06-22 12:42:34
667,POL000000667,291,12,10,20251110,20251112,20261112,2025-11-10,2025-11-12,2026-11-12,Cancelled,Monthly,Approved with Loading,Elevated,2,26288.29,2190.69,559000,0.0,0.0,0,0,0,0.0,None,,20,Agency,2025-12-10 00:41:14
668,POL000000668,582,1,5,20250726,20250807,20260807,2025-07-26,2025-08-07,2026-08-07,Active,Monthly,Approved,Standard,12,1076.86,89.74,715000,1076.86,1076.86,1,0,0,0.0,None,,20,Direct,2026-02-14 05:00:52
669,POL000000669,629,9,13,20250928,20251001,20261001,2025-09-28,2025-10-01,2026-10-01,Lapsed,Monthly,Approved,Low,3,1963.32,163.61,353000,0.0,0.0,0,1,0,0.0,None,,15,Broker / IFA,2026-04-20 16:18:57
670,POL000000670,240,1,16,20240522,20240525,20250525,2024-05-22,2024-05-25,2025-05-25,Active,Monthly,Approved,Standard,3,328.13,27.34,134000,328.13,328.13,1,0,0,0.0,None,,5,Direct,2025-09-26 07:48:36
671,POL000000671,328,2,24,20260830,20260901,20270901,2026-08-30,2026-09-01,2027-09-01,Active,Monthly,Approved,Low,2,427.92,35.66,153000,0.0,0.0,0,0,0,0.0,None,,10,Agency,2026-09-06 05:44:05
672,POL000000672,198,5,6,20260312,20260320,20270320,2026-03-12,2026-03-20,2027-03-20,Active,Monthly,Approved,Low,8,2254.86,187.9,142000,0.0,0.0,0,0,0,0.0,None,,10,Agency,2026-05-21 03:50:42
673,POL000000673,610,2,25,20240314,20240321,20250321,2024-03-14,2024-03-21,2025-03-21,Active,Quarterly,Approved,Standard,7,1383.86,115.32,642000,1383.86,1383.86,1,0,0,0.0,None,,20,Agency,2026-01-05 18:59:29
674,POL000000674,634,11,11,20240929,20241001,20251001,2024-09-29,2024-10-01,2025-10-01,Active,Annual,Approved,Low,2,2057.42,171.45,110000,2057.42,2057.42,1,0,0,0.0,None,,20,Bancassurance,2026-04-19 04:21:13
675,POL000000675,59,3,11,20240220,20240310,20250310,2024-02-20,2024-03-10,2025-03-10,Active,Annual,Approved,Standard,19,4086.39,340.53,250000,4086.39,4086.39,1,0,0,0.0,None,,25,Bancassurance,2026-06-25 00:02:20
676,POL000000676,305,7,5,20240818,20240822,20250822,2024-08-18,2024-08-22,2025-08-22,Active,Monthly,Approved,Standard,4,5220.37,435.03,521000,5220.37,5220.37,1,0,0,0.0,None,,20,Direct,2024-10-22 03:05:28
677,POL000000677,8,11,20,20260713,20260802,20270802,2026-07-13,2026-08-02,2027-08-02,Active,Monthly,Approved,Standard,20,21855.64,1821.3,638000,0.0,0.0,0,0,0,0.0,None,,20,Agency,2026-09-18 11:36:03
678,POL000000678,694,4,3,20260903,20260908,20270908,2026-09-03,2026-09-08,2027-09-08,Active,Annual,Approved,Standard,5,11782.2,981.85,520000,0.0,0.0,0,0,0,0.0,None,,30,Broker / IFA,2026-09-18 05:04:12
679,POL000000679,504,1,22,20240131,20240209,20250208,2024-01-31,2024-02-09,2025-02-08,Matured,Annual,Approved,Standard,9,1641.44,136.79,629000,1641.44,1641.44,1,0,0,0.0,None,,2,Bancassurance,2025-08-20 02:42:29
680,POL000000680,369,10,1,20260102,20260108,20270108,2026-01-02,2026-01-08,2027-01-08,Active,Monthly,Approved,Standard,6,956.06,79.67,111000,0.0,0.0,0,0,0,0.0,None,,15,Digital,2026-05-18 02:19:25
681,POL000000681,252,1,1,20231031,20231110,20241109,2023-10-31,2023-11-10,2024-11-09,Active,Quarterly,Approved,Standard,10,1449.57,120.8,498000,1449.57,1449.57,1,0,0,0.0,None,,20,Digital,2025-05-27 13:28:29
682,POL000000682,573,8,14,20260316,20260403,20270403,2026-03-16,2026-04-03,2027-04-03,Active,Monthly,Approved,Low,18,6361.35,530.11,461000,0.0,0.0,0,0,0,0.0,None,,20,Bancassurance,2026-06-03 12:02:26
683,POL000000683,227,10,3,20250630,20250702,20260702,2025-06-30,2025-07-02,2026-07-02,Active,Monthly,Approved,Low,2,1649.02,137.42,164000,1649.02,1649.02,1,0,0,0.0,None,,15,Broker / IFA,2026-06-06 02:02:10
684,POL000000684,557,5,18,20260628,20260709,20270709,2026-06-28,2026-07-09,2027-07-09,Active,Half-yearly,Approved,Standard,11,7126.25,593.85,129000,0.0,0.0,0,0,0,0.0,None,,15,Digital,2026-09-19 03:30:37
685,POL000000685,735,2,10,20240701,20240705,20250705,2024-07-01,2024-07-05,2025-07-05,Claimed,Monthly,Approved,Low,4,882.94,73.58,384000,882.94,0.0,0,0,1,323578.44,Paid,2024-07-17,20,Agency,2025-05-01 18:43:29
686,POL000000686,176,5,4,20231216,20231230,20241229,2023-12-16,2023-12-30,2024-12-29,Claimed,Half-yearly,Approved,Standard,14,13955.18,1162.93,439000,13955.18,13955.18,1,0,1,256610.16,Paid,2025-10-31,15,Agency,2024-08-03 23:10:31
687,POL000000687,395,9,3,20240208,20240223,20250222,2024-02-08,2024-02-23,2025-02-22,Active,Monthly,Approved,Low,15,1322.96,110.25,273000,1322.96,1322.96,1,0,0,0.0,None,,20,Broker / IFA,2025-04-04 18:58:33
688,POL000000688,429,7,3,20230508,20230520,20240519,2023-05-08,2023-05-20,2024-05-19,Active,Monthly,Approved,Low,12,2500.93,208.41,314000,2500.93,2500.93,1,0,0,0.0,None,,15,Broker / IFA,2023-08-25 21:57:52
689,POL000000689,197,9,18,20250423,20250428,20260428,2025-04-23,2025-04-28,2026-04-28,Active,Monthly,Approved,Low,5,1125.1,93.76,117000,1125.1,1125.1,1,0,0,0.0,None,,5,Digital,2025-12-11 11:59:20
690,POL000000690,39,4,19,20260120,20260223,20270223,2026-01-20,2026-02-23,2027-02-23,Active,Monthly,Approved,Low,34,8449.21,704.1,605000,0.0,0.0,0,0,0,0.0,None,,30,Agency,2026-05-11 11:15:06
691,POL000000691,63,11,25,20260806,20260812,20270812,2026-08-06,2026-08-12,2027-08-12,Active,Annual,Approved,Standard,6,27425.05,2285.42,945000,0.0,0.0,0,0,0,0.0,None,,10,Agency,2026-09-13 02:06:25
692,POL000000692,92,1,12,20260814,20260830,20270830,2026-08-14,2026-08-30,2027-08-30,Active,Monthly,Approved,Low,16,240.0,20.0,151000,0.0,0.0,0,0,0,0.0,None,,10,Agency,2026-09-18 17:27:56
693,POL000000693,665,7,11,20230930,20231004,20241003,2023-09-30,2023-10-04,2024-10-03,Active,Monthly,Approved,Standard,4,2167.33,180.61,192000,2167.33,2167.33,1,0,0,0.0,None,,15,Bancassurance,2026-08-11 18:30:50
694,POL000000694,470,2,3,20240606,20240627,20250627,2024-06-06,2024-06-27,2025-06-27,Active,Annual,Approved,Low,21,1325.94,110.5,643000,1325.94,1325.94,1,0,0,0.0,None,,15,Broker / IFA,2024-09-19 11:24:53
695,POL000000695,350,1,13,20231109,20231114,20241113,2023-11-09,2023-11-14,2024-11-13,Active,Monthly,Approved,Standard,5,240.0,20.0,109000,240.0,240.0,1,0,0,0.0,None,,10,Broker / IFA,2025-09-25 12:12:15
696,POL000000696,726,5,1,20251107,20251119,20261119,2025-11-07,2025-11-19,2026-11-19,Active,Monthly,Approved,Standard,12,5188.46,432.37,236000,0.0,0.0,0,0,0,0.0,None,,20,Digital,2026-02-20 12:54:58
697,POL000000697,296,4,3,20250909,20250920,20260920,2025-09-09,2025-09-20,2026-09-20,Active,Monthly,Approved,Low,11,14124.36,1177.03,657000,14124.36,0.0,0,0,0,0.0,None,,25,Broker / IFA,2025-10-01 09:14:04
698,POL000000698,235,10,21,20240628,20240702,20250702,2024-06-28,2024-07-02,2025-07-02,Active,Annual,Approved,Low,4,1608.49,134.04,376000,1608.49,1608.49,1,0,0,0.0,None,,10,Agency,2024-09-13 21:26:00
699,POL000000699,646,8,18,20241016,20241027,20251027,2024-10-16,2024-10-27,2025-10-27,Active,Monthly,Approved with Loading,Elevated,11,5879.35,489.95,385000,5879.35,5879.35,1,0,0,0.0,None,,20,Digital,2026-03-15 04:05:07
700,POL000000700,248,3,23,20231002,20231012,20241011,2023-10-02,2023-10-12,2024-10-11,Active,Monthly,Approved,Standard,10,4650.29,387.52,316000,4650.29,0.0,0,0,0,0.0,None,,20,Bancassurance,2026-08-05 19:52:44
701,POL000000701,632,11,1,20240417,20240423,20250423,2024-04-17,2024-04-23,2025-04-23,Claimed,Quarterly,Approved,Standard,6,4366.88,363.91,200000,4366.88,0.0,0,0,2,29732.39,Paid,2024-09-15,15,Digital,2025-02-13 20:08:15
702,POL000000702,507,9,18,20230827,20230917,20240916,2023-08-27,2023-09-17,2024-09-16,Active,Monthly,Approved,Low,21,899.72,74.98,130000,899.72,0.0,0,0,0,0.0,None,,15,Digital,2026-01-01 23:11:37
703,POL000000703,688,9,21,20230102,20230119,20240119,2023-01-02,2023-01-19,2024-01-19,Active,Monthly,Approved,Standard,17,522.65,43.55,81000,522.65,522.65,1,0,0,0.0,None,,5,Agency,2023-07-29 20:24:40
704,POL000000704,135,7,23,20260618,20260620,20270620,2026-06-18,2026-06-20,2027-06-20,Active,Half-yearly,Approved,Low,2,3264.93,272.08,441000,0.0,0.0,0,0,0,0.0,None,,15,Bancassurance,2026-07-26 03:00:33
705,POL000000705,678,2,19,20260523,20260603,20270603,2026-05-23,2026-06-03,2027-06-03,Active,Annual,Approved,Low,11,298.36,24.86,181000,0.0,0.0,0,0,0,0.0,None,,10,Agency,2026-09-12 02:29:23
706,POL000000706,278,12,23,20260215,20260225,20270225,2026-02-15,2026-02-25,2027-02-25,Active,Monthly,Approved,Standard,10,13053.71,1087.81,537000,0.0,0.0,0,0,0,0.0,None,,20,Bancassurance,2026-07-01 05:11:21
707,POL000000707,144,9,6,20260216,20260228,20270228,2026-02-16,2026-02-28,2027-02-28,Active,Monthly,Approved,Standard,12,1282.48,106.87,150000,0.0,0.0,0,0,0,0.0,None,,15,Agency,2026-07-29 00:53:20
708,POL000000708,232,2,16,20240821,20240825,20250825,2024-08-21,2024-08-25,2025-08-25,Active,Monthly,Approved,Low,4,1142.23,95.19,483000,1142.23,1142.23,1,0,0,0.0,None,,10,Direct,2026-05-08 04:33:43
709,POL000000709,567,10,24,20250315,20250319,20260319,2025-03-15,2025-03-19,2026-03-19,Active,Monthly,Approved,Standard,4,2520.98,210.08,219000,2520.98,2520.98,1,0,0,0.0,None,,5,Agency,2026-03-04 18:37:18
710,POL000000710,552,2,14,20260428,20260517,20270517,2026-04-28,2026-05-17,2027-05-17,Active,Quarterly,Approved,Low,19,1020.27,85.02,811000,0.0,0.0,0,0,0,0.0,None,,20,Bancassurance,2026-07-23 17:00:37
711,POL000000711,10,3,15,20231219,20240102,20250101,2023-12-19,2024-01-02,2025-01-01,Active,Annual,Approved,Low,14,1460.64,121.72,144000,1460.64,0.0,0,0,0,0.0,None,,25,Bancassurance,2025-09-03 01:36:04
712,POL000000712,110,5,15,20250501,20250515,20260515,2025-05-01,2025-05-15,2026-05-15,Active,Half-yearly,Approved,Standard,14,13492.17,1124.35,464000,13492.17,13492.17,1,0,0,0.0,None,,15,Bancassurance,2026-05-21 07:10:05
713,POL000000713,144,7,14,20241116,20241122,20251122,2024-11-16,2024-11-22,2025-11-22,Active,Annual,Approved,Standard,6,5263.56,438.63,481000,5263.56,5263.56,1,0,0,0.0,None,,20,Bancassurance,2026-06-28 07:47:20
714,POL000000714,327,6,23,20240119,20240121,20250120,2024-01-19,2024-01-21,2025-01-20,Active,Monthly,Approved,Standard,2,3674.27,306.19,146000,3674.27,3674.27,1,0,0,0.0,None,,18,Bancassurance,2025-08-18 20:08:31
715,POL000000715,683,7,21,20260919,20260925,20270925,2026-09-19,2026-09-25,2027-09-25,Active,Monthly,Approved,Standard,6,6785.26,565.44,635000,0.0,0.0,0,0,0,0.0,None,,20,Agency,2026-09-25 06:28:09
716,POL000000716,84,2,3,20260401,20260408,20270408,2026-04-01,2026-04-08,2027-04-08,Active,Monthly,Approved,Low,7,1873.66,156.14,623000,0.0,0.0,0,0,0,0.0,None,,20,Broker / IFA,2026-07-14 10:34:14
717,POL000000717,301,1,14,20240715,20240719,20250719,2024-07-15,2024-07-19,2025-07-19,Matured,Annual,Approved,Standard,4,1544.65,128.72,532000,1544.65,1544.65,1,0,0,0.0,None,,1,Bancassurance,2025-04-11 17:11:01
718,POL000000718,748,5,22,20260314,20260319,20270319,2026-03-14,2026-03-19,2027-03-19,Active,Monthly,Approved,Low,5,1748.0,145.67,74000,0.0,0.0,0,0,0,0.0,None,,10,Bancassurance,2026-08-07 03:22:50
719,POL000000719,413,3,4,20251228,20260109,20270109,2025-12-28,2026-01-09,2027-01-09,Active,Monthly,Approved,Standard,12,8312.15,692.68,601000,0.0,0.0,0,0,0,0.0,None,,20,Agency,2026-03-15 18:49:26
720,POL000000720,140,9,18,20231104,20231119,20241118,2023-11-04,2023-11-19,2024-11-18,Active,Quarterly,Approved with Loading,Elevated,15,1747.04,145.59,192000,1747.04,1747.04,1,0,0,0.0,None,,15,Digital,2024-08-31 08:31:00
721,POL000000721,475,2,9,20250522,20250530,20260530,2025-05-22,2025-05-30,2026-05-30,Active,Monthly,Approved,Standard,8,2618.98,218.25,1052000,2618.98,2618.98,1,0,0,0.0,None,,10,Bancassurance,2026-09-06 09:19:20
722,POL000000722,574,4,19,20250301,20250307,20260307,2025-03-01,2025-03-07,2026-03-07,Active,Quarterly,Approved,Low,6,9572.72,797.73,575000,9572.72,9572.72,1,0,0,0.0,None,,20,Agency,2025-12-04 17:33:27
723,POL000000723,161,1,4,20240221,20240306,20250306,2024-02-21,2024-03-06,2025-03-06,Matured,Monthly,Approved,Low,14,1641.25,136.77,757000,1641.25,0.0,0,0,0,0.0,None,,2,Agency,2025-03-01 18:20:18
724,POL000000724,669,2,9,20230201,20230208,20240208,2023-02-01,2023-02-08,2024-02-08,Active,Monthly,Approved,Low,7,914.18,76.18,455000,914.18,914.18,1,0,0,0.0,None,,20,Bancassurance,2026-02-02 09:31:30
725,POL000000725,660,10,18,20250711,20250713,20260713,2025-07-11,2025-07-13,2026-07-13,Active,Annual,Approved,Low,2,2522.67,210.22,358000,2522.67,2522.67,1,0,0,0.0,None,,5,Digital,2025-08-26 09:25:33
726,POL000000726,665,4,4,20250919,20250924,20260924,2025-09-19,2025-09-24,2026-09-24,Active,Annual,Approved with Loading,Elevated,5,3280.44,273.37,127000,3280.44,3280.44,1,0,0,0.0,None,,20,Agency,2025-12-13 08:29:10
727,POL000000727,118,5,18,20231227,20240102,20250101,2023-12-27,2024-01-02,2025-01-01,Active,Monthly,Approved,Standard,6,1141.67,95.14,51000,1141.67,1141.67,1,0,0,0.0,None,,15,Digital,2026-03-20 19:35:19
728,POL000000728,726,8,9,20241210,20241214,20251214,2024-12-10,2024-12-14,2025-12-14,Claimed,Monthly,Approved,Low,4,2121.61,176.8,200000,2121.61,2121.61,1,0,1,131168.9,Paid,2025-02-19,20,Bancassurance,2025-04-30 13:33:36
729,POL000000729,645,6,21,20260724,20260820,20270820,2026-07-24,2026-08-20,2027-08-20,Active,Half-yearly,Approved,Low,27,6806.31,567.19,273000,0.0,0.0,0,0,0,0.0,None,,10,Agency,2026-09-17 23:53:07
730,POL000000730,692,4,19,20230428,20230512,20240511,2023-04-28,2023-05-12,2024-05-11,Active,Monthly,Approved with Loading,Elevated,14,10107.47,842.29,378000,10107.47,10107.47,1,0,0,0.0,None,,20,Agency,2023-08-29 04:25:48
731,POL000000731,448,1,18,20260224,20260226,20270226,2026-02-24,2026-02-26,2027-02-26,Lapsed,Monthly,Approved,Standard,2,247.71,20.64,125000,0.0,0.0,0,1,0,0.0,None,,2,Digital,2026-07-24 16:56:22
732,POL000000732,720,7,4,20231215,20240101,20241231,2023-12-15,2024-01-01,2024-12-31,Active,Monthly,Approved,Low,17,1353.59,112.8,155000,1353.59,1353.59,1,0,0,0.0,None,,20,Agency,2024-11-16 23:09:54
733,POL000000733,73,3,18,20250402,20250407,20260407,2025-04-02,2025-04-07,2026-04-07,Active,Monthly,Approved,Low,5,7107.67,592.31,602000,7107.67,7107.67,1,0,0,0.0,None,,20,Digital,2026-06-07 06:32:30
734,POL000000734,460,1,16,20230310,20230324,20240323,2023-03-10,2023-03-24,2024-03-23,Matured,Monthly,Approved,Low,14,632.14,52.68,538000,632.14,632.14,1,0,0,0.0,None,,2,Direct,2025-06-10 13:29:30
735,POL000000735,234,9,16,20230611,20230619,20240618,2023-06-11,2023-06-19,2024-06-18,Active,Monthly,Approved,Standard,8,3942.28,328.52,320000,3942.28,3942.28,1,0,0,0.0,None,,10,Direct,2024-08-14 22:30:09
736,POL000000736,472,1,5,20231223,20240102,20250101,2023-12-23,2024-01-02,2025-01-01,Active,Monthly,Approved,Low,10,240.0,20.0,125000,240.0,240.0,1,0,0,0.0,None,,20,Direct,2025-12-29 19:46:42
737,POL000000737,398,9,4,20251027,20251031,20261031,2025-10-27,2025-10-31,2026-10-31,Active,Monthly,Approved,Standard,4,3054.37,254.53,408000,0.0,0.0,0,0,0,0.0,None,,10,Agency,2026-08-22 14:27:44
738,POL000000738,332,9,24,20260225,20260315,20270315,2026-02-25,2026-03-15,2027-03-15,Active,Monthly,Approved,Standard,18,1026.0,85.5,117000,0.0,0.0,0,0,0,0.0,None,,20,Agency,2026-08-18 21:53:45
739,POL000000739,590,7,5,20230211,20230221,20240221,2023-02-11,2023-02-21,2024-02-21,Active,Monthly,Approved,Standard,10,7393.86,616.16,609000,7393.86,7393.86,1,0,0,0.0,None,,20,Direct,2024-12-21 02:01:17
740,POL000000740,493,1,5,20250802,20250819,20260819,2025-08-02,2025-08-19,2026-08-19,Matured,Annual,Approved,Low,17,360.81,30.07,237000,360.81,0.0,0,0,0,0.0,None,,1,Direct,2026-01-02 07:03:19
741,POL000000741,426,5,8,20251004,20251011,20261011,2025-10-04,2025-10-11,2026-10-11,Active,Monthly,Approved,Standard,7,8791.24,732.6,337000,0.0,0.0,0,0,0,0.0,None,,10,Bancassurance,2026-09-01 12:29:05
742,POL000000742,515,7,11,20260609,20260628,20270628,2026-06-09,2026-06-28,2027-06-28,Active,Annual,Approved,Standard,19,3778.73,314.89,196000,0.0,0.0,0,0,0,0.0,None,,10,Bancassurance,2026-08-31 10:12:03
743,POL000000743,391,11,8,20260920,20260921,20270921,2026-09-20,2026-09-21,2027-09-21,Active,Monthly,Approved,Standard,1,2388.85,199.07,153000,0.0,0.0,0,0,0,0.0,None,,10,Bancassurance,2026-09-25 11:20:58
744,POL000000744,682,8,1,20240726,20240802,20250802,2024-07-26,2024-08-02,2025-08-02,Active,Monthly,Approved,Low,7,2518.14,209.84,295000,2518.14,2518.14,1,0,0,0.0,None,,10,Digital,2026-09-08 15:42:41
745,POL000000745,599,3,13,20260608,20260623,20270623,2026-06-08,2026-06-23,2027-06-23,Lapsed,Monthly,Approved,Standard,15,4157.97,346.5,381000,0.0,0.0,0,1,0,0.0,None,,30,Broker / IFA,2026-09-16 05:10:47
746,POL000000746,412,6,13,20240320,20240324,20250324,2024-03-20,2024-03-24,2025-03-24,Active,Monthly,Approved,Standard,4,3917.79,326.48,182000,3917.79,3917.79,1,0,0,0.0,None,,10,Broker / IFA,2026-01-07 08:12:52
747,POL000000747,38,10,16,20230201,20230202,20240202,2023-02-01,2023-02-02,2024-02-02,Active,Monthly,Approved,Standard,1,830.19,69.18,130000,830.19,830.19,1,0,0,0.0,None,,5,Direct,2026-06-02 00:55:16
748,POL000000748,630,2,14,20240701,20240708,20250708,2024-07-01,2024-07-08,2025-07-08,Active,Annual,Approved,Low,7,467.17,38.93,256000,467.17,467.17,1,0,0,0.0,None,,20,Bancassurance,2026-04-19 07:36:41
749,POL000000749,646,11,2,20240425,20240508,20250508,2024-04-25,2024-05-08,2025-05-08,Active,Monthly,Approved,Standard,13,1469.64,122.47,107000,1469.64,1469.64,1,0,0,0.0,None,,15,Broker / IFA,2025-09-04 05:15:30
750,POL000000750,58,3,7,20260217,20260218,20270218,2026-02-17,2026-02-18,2027-02-18,Active,Monthly,Approved,Standard,1,4260.21,355.02,339000,0.0,0.0,0,0,0,0.0,None,,25,Bancassurance,2026-04-22 05:57:54
751,POL000000751,166,2,14,20260905,20260914,20270914,2026-09-05,2026-09-14,2027-09-14,Active,Quarterly,Approved,Low,9,1519.15,126.6,506000,0.0,0.0,0,0,0,0.0,None,,10,Bancassurance,2026-09-22 05:05:18
752,POL000000752,33,7,18,20230902,20230914,20240913,2023-09-02,2023-09-14,2024-09-13,Lapsed,Annual,Approved,Standard,12,3249.27,270.77,230000,3249.27,0.0,0,1,0,0.0,None,,20,Digital,2026-05-12 04:46:56
753,POL000000753,205,3,4,20251006,20251025,20261025,2025-10-06,2025-10-25,2026-10-25,Active,Monthly,Approved,Standard,19,2109.91,175.83,116000,0.0,0.0,0,0,0,0.0,None,,20,Agency,2025-12-02 14:15:12
754,POL000000754,57,2,18,20250625,20250705,20260705,2025-06-25,2025-07-05,2026-07-05,Active,Monthly,Approved,Low,10,813.95,67.83,321000,813.95,0.0,0,0,0,0.0,None,,5,Digital,2026-06-21 17:09:17
755,POL000000755,38,8,12,20251229,20260102,20270102,2025-12-29,2026-01-02,2027-01-02,Active,Monthly,Approved,Low,4,9550.43,795.87,891000,0.0,0.0,0,0,0,0.0,None,,15,Agency,2026-03-07 20:38:28
756,POL000000756,491,3,14,20260812,20260815,20270815,2026-08-12,2026-08-15,2027-08-15,Active,Monthly,Approved,Low,3,4777.01,398.08,214000,0.0,0.0,0,0,0,0.0,None,,20,Bancassurance,2026-08-23 23:57:06
757,POL000000757,576,12,18,20260111,20260117,20270117,2026-01-11,2026-01-17,2027-01-17,Active,Monthly,Approved with Loading,Elevated,6,52000.0,4333.33,1153000,0.0,0.0,0,0,0,0.0,None,,10,Digital,2026-06-03 14:19:19
758,POL000000758,639,2,18,20230601,20230616,20240615,2023-06-01,2023-06-16,2024-06-15,Active,Monthly,Approved,Low,15,929.97,77.5,393000,929.97,929.97,1,0,0,0.0,None,,10,Digital,2026-07-10 13:29:17
759,POL000000759,665,5,6,20240116,20240127,20250126,2024-01-16,2024-01-27,2025-01-26,Active,Monthly,Approved,Low,11,3511.74,292.64,170000,3511.74,3511.74,1,0,0,0.0,None,,20,Agency,2026-01-02 18:42:18
760,POL000000760,391,8,21,20241022,20241026,20251026,2024-10-22,2024-10-26,2025-10-26,Active,Monthly,Approved,Low,4,5538.0,461.5,632000,5538.0,5538.0,1,0,0,0.0,None,,20,Agency,2025-11-24 00:56:54
761,POL000000761,708,6,23,20230715,20230729,20240728,2023-07-15,2023-07-29,2024-07-28,Active,Quarterly,Approved,Standard,14,8715.59,726.3,252000,8715.59,8715.59,1,0,0,0.0,None,,15,Bancassurance,2026-02-05 11:23:20
762,POL000000762,191,8,24,20231210,20231231,20241230,2023-12-10,2023-12-31,2024-12-30,Active,Monthly,Approved with Loading,Elevated,21,4477.47,373.12,281000,4477.47,4477.47,1,0,0,0.0,None,,10,Agency,2025-06-03 21:12:11
763,POL000000763,386,4,24,20230112,20230126,20240126,2023-01-12,2023-01-26,2024-01-26,Active,Quarterly,Approved,Standard,14,4567.84,380.65,352000,4567.84,0.0,0,0,0,0.0,None,,20,Agency,2025-11-22 19:56:32
764,POL000000764,72,9,15,20240215,20240223,20250222,2024-02-15,2024-02-23,2025-02-22,Active,Monthly,Approved,Low,8,721.94,60.16,84000,721.94,721.94,1,0,0,0.0,None,,15,Bancassurance,2024-03-25 04:54:19
765,POL000000765,89,3,25,20231113,20231225,20241224,2023-11-13,2023-12-25,2024-12-24,Active,Quarterly,Approved,Standard,42,1156.06,96.34,79000,1156.06,1156.06,1,0,0,0.0,None,,25,Agency,2024-01-21 04:23:07
766,POL000000766,708,9,18,20240430,20240506,20250506,2024-04-30,2024-05-06,2025-05-06,Active,Monthly,Approved,Standard,6,1087.76,90.65,220000,1087.76,1087.76,1,0,0,0.0,None,,5,Digital,2025-02-26 17:20:12
767,POL000000767,584,3,1,20250103,20250104,20260104,2025-01-03,2025-01-04,2026-01-04,Active,Monthly,Approved,Low,1,4691.48,390.96,379000,4691.48,4691.48,1,0,0,0.0,None,,20,Digital,2026-03-28 03:12:33
768,POL000000768,465,9,20,20231030,20231109,20241108,2023-10-30,2023-11-09,2024-11-08,Active,Monthly,Approved,Standard,10,459.18,38.26,76000,459.18,459.18,1,0,0,0.0,None,,20,Agency,2023-12-08 19:16:10
769,POL000000769,26,5,17,20240728,20240731,20250731,2024-07-28,2024-07-31,2025-07-31,Active,Monthly,Approved,Standard,3,1555.87,129.66,61000,1555.87,1555.87,1,0,0,0.0,None,,10,Bancassurance,2025-06-23 08:19:02
770,POL000000770,341,5,11,20231023,20231103,20241102,2023-10-23,2023-11-03,2024-11-02,Active,Annual,Approved,Standard,11,1739.55,144.96,67000,1739.55,1739.55,1,0,0,0.0,None,,10,Bancassurance,2025-08-10 08:32:33
771,POL000000771,289,5,7,20241110,20241114,20251114,2024-11-10,2024-11-14,2025-11-14,Active,Half-yearly,Approved,Standard,4,2352.49,196.04,75000,2352.49,2352.49,1,0,0,0.0,None,,15,Bancassurance,2026-01-07 15:11:16
772,POL000000772,658,11,20,20240829,20240909,20250909,2024-08-29,2024-09-09,2025-09-09,Active,Monthly,Approved,Standard,11,3531.07,294.26,152000,3531.07,3531.07,1,0,0,0.0,None,,20,Agency,2025-11-20 16:40:29
773,POL000000773,347,2,20,20251208,20251221,20261221,2025-12-08,2025-12-21,2026-12-21,Active,Monthly,Approved,Standard,13,3827.69,318.97,987000,0.0,0.0,0,0,0,0.0,None,,15,Agency,2026-03-28 09:27:48
774,POL000000774,671,6,18,20251230,20260105,20270105,2025-12-30,2026-01-05,2027-01-05,Active,Annual,Approved,Low,6,5451.39,454.28,324000,0.0,0.0,0,0,0,0.0,None,,18,Digital,2026-01-26 22:23:49
775,POL000000775,361,1,18,20241030,20241103,20251103,2024-10-30,2024-11-03,2025-11-03,Matured,Monthly,Approved,Standard,4,3915.31,326.28,1486000,3915.31,3915.31,1,0,0,0.0,None,,1,Digital,2026-06-01 00:11:29
776,POL000000776,37,7,8,20260723,20260802,20270802,2026-07-23,2026-08-02,2027-08-02,Active,Half-yearly,Approved,Standard,10,7104.5,592.04,492000,0.0,0.0,0,0,0,0.0,None,,20,Bancassurance,2026-08-10 10:27:58
777,POL000000777,72,11,6,20260822,20260823,20270823,2026-08-22,2026-08-23,2027-08-23,Active,Quarterly,Approved,Low,1,9116.59,759.72,647000,0.0,0.0,0,0,0,0.0,None,,15,Agency,2026-09-25 08:47:25
778,POL000000778,477,4,2,20250430,20250503,20260503,2025-04-30,2025-05-03,2026-05-03,Active,Monthly,Approved,Standard,3,12223.9,1018.66,690000,12223.9,12223.9,1,0,0,0.0,None,,25,Broker / IFA,2026-01-24 07:57:00
779,POL000000779,58,4,4,20260615,20260622,20270622,2026-06-15,2026-06-22,2027-06-22,Active,Monthly,Approved with Loading,Elevated,7,5424.31,452.03,170000,0.0,0.0,0,0,0,0.0,None,,25,Agency,2026-07-15 08:27:32
780,POL000000780,665,9,25,20251127,20251204,20261204,2025-11-27,2025-12-04,2026-12-04,Active,Half-yearly,Approved,Standard,7,1997.15,166.43,225000,0.0,0.0,0,0,0,0.0,None,,5,Agency,2026-02-03 05:22:25
781,POL000000781,651,1,2,20240216,20240224,20250223,2024-02-16,2024-02-24,2025-02-23,Matured,Annual,Approved,Low,8,1531.28,127.61,1102000,1531.28,0.0,0,0,0,0.0,None,,1,Broker / IFA,2024-05-11 00:41:45
782,POL000000782,113,11,7,20240917,20241015,20251015,2024-09-17,2024-10-15,2025-10-15,Claimed,Annual,Approved,Low,28,3100.37,258.36,114000,3100.37,3100.37,1,0,1,68249.78,Paid,2025-06-24,15,Bancassurance,2025-05-25 07:45:56
783,POL000000783,398,1,4,20240708,20240709,20250709,2024-07-08,2024-07-09,2025-07-09,Active,Annual,Approved,Standard,1,807.97,67.33,325000,807.97,807.97,1,0,0,0.0,None,,20,Agency,2024-08-22 03:10:20
784,POL000000784,332,9,5,20231221,20231228,20241227,2023-12-21,2023-12-28,2024-12-27,Active,Annual,Approved,Low,7,1442.08,120.17,243000,1442.08,1442.08,1,0,0,0.0,None,,5,Direct,2024-11-09 01:17:14
785,POL000000785,106,5,24,20250522,20250527,20260527,2025-05-22,2025-05-27,2026-05-27,Active,Monthly,Approved,Standard,5,3595.61,299.63,85000,3595.61,3595.61,1,0,0,0.0,None,,20,Agency,2025-08-29 13:20:07
786,POL000000786,287,5,5,20230925,20231006,20241005,2023-09-25,2023-10-06,2024-10-05,Lapsed,Monthly,Approved,Standard,11,948.07,79.01,64000,948.07,0.0,0,1,0,0.0,None,,20,Direct,2026-03-21 01:36:14
787,POL000000787,595,4,7,20231013,20231027,20241026,2023-10-13,2023-10-27,2024-10-26,Active,Monthly,Approved,Standard,14,12124.99,1010.42,714000,12124.99,12124.99,1,0,0,0.0,None,,30,Bancassurance,2026-09-13 17:48:55
788,POL000000788,62,9,22,20230908,20230925,20240924,2023-09-08,2023-09-25,2024-09-24,Active,Monthly,Approved,Low,17,2636.0,219.67,388000,2636.0,0.0,0,0,0,0.0,None,,15,Bancassurance,2024-10-08 19:34:32
789,POL000000789,207,1,18,20230103,20230107,20240107,2023-01-03,2023-01-07,2024-01-07,Matured,Monthly,Approved,Low,4,693.53,57.79,570000,693.53,693.53,1,0,0,0.0,None,,2,Digital,2025-08-02 17:32:02
790,POL000000790,666,6,16,20260210,20260215,20270215,2026-02-10,2026-02-15,2027-02-15,Active,Annual,Approved,Low,5,2663.52,221.96,123000,0.0,0.0,0,0,0,0.0,None,,18,Direct,2026-04-23 03:23:11
791,POL000000791,164,5,6,20260111,20260113,20270113,2026-01-11,2026-01-13,2027-01-13,Active,Quarterly,Approved,Low,2,1357.44,113.12,51000,0.0,0.0,0,0,0,0.0,None,,10,Agency,2026-07-10 10:18:14
792,POL000000792,359,6,8,20250719,20250722,20260722,2025-07-19,2025-07-22,2026-07-22,Cancelled,Monthly,Approved,Standard,3,7592.84,632.74,343000,7592.84,0.0,0,0,0,0.0,None,,15,Bancassurance,2026-02-18 07:44:13
793,POL000000793,244,2,18,20231114,20231117,20241116,2023-11-14,2023-11-17,2024-11-16,Active,Half-yearly,Approved,Standard,3,919.25,76.6,173000,919.25,919.25,1,0,0,0.0,None,,10,Digital,2025-11-23 18:07:21
794,POL000000794,409,11,21,20230510,20230528,20240527,2023-05-10,2023-05-28,2024-05-27,Active,Quarterly,Approved,Standard,18,2053.99,171.17,101000,2053.99,0.0,0,0,0,0.0,None,,20,Agency,2025-08-14 13:56:26
795,POL000000795,181,9,20,20230105,20230108,20240108,2023-01-05,2023-01-08,2024-01-08,Active,Monthly,Approved with Loading,Elevated,3,3565.77,297.15,251000,3565.77,3565.77,1,0,0,0.0,None,,20,Agency,2023-09-19 01:48:47
796,POL000000796,33,1,25,20231222,20240101,20241231,2023-12-22,2024-01-01,2024-12-31,Matured,Monthly,Approved,Low,10,1135.37,94.61,594000,1135.37,1135.37,1,0,0,0.0,None,,1,Agency,2024-04-15 17:26:04
797,POL000000797,268,7,13,20260630,20260706,20270706,2026-06-30,2026-07-06,2027-07-06,Active,Annual,Approved,Low,6,1418.13,118.18,130000,0.0,0.0,0,0,0,0.0,None,,15,Broker / IFA,2026-08-06 00:06:12
798,POL000000798,587,1,7,20240422,20240426,20250426,2024-04-22,2024-04-26,2025-04-26,Matured,Quarterly,Approved,Low,4,1073.32,89.44,494000,1073.32,1073.32,1,0,0,0.0,None,,1,Bancassurance,2024-05-19 03:58:09
799,POL000000799,607,12,22,20240517,20240522,20250522,2024-05-17,2024-05-22,2025-05-22,Claimed,Quarterly,Approved,Standard,5,14683.57,1223.63,730000,14683.57,14683.57,1,0,1,550839.49,Paid,2026-01-15,15,Bancassurance,2024-10-29 13:25:25
800,POL000000800,142,8,11,20251215,20251219,20261219,2025-12-15,2025-12-19,2026-12-19,Active,Monthly,Approved,Standard,4,11607.55,967.3,1196000,0.0,0.0,0,0,0,0.0,None,,20,Bancassurance,2026-03-02 15:26:08
801,POL000000801,305,1,13,20230118,20230121,20240121,2023-01-18,2023-01-21,2024-01-21,Matured,Quarterly,Approved,Standard,3,918.39,76.53,486000,918.39,918.39,1,0,0,0.0,None,,2,Broker / IFA,2023-06-04 09:39:55
802,POL000000802,386,10,21,20260809,20260909,20270909,2026-08-09,2026-09-09,2027-09-09,Active,Quarterly,Approved,Standard,31,759.81,63.32,101000,0.0,0.0,0,0,0,0.0,None,,5,Agency,2026-09-18 00:57:41
803,POL000000803,474,3,13,20250914,20250927,20260927,2025-09-14,2025-09-27,2026-09-27,Active,Monthly,Approved,Low,13,5081.9,423.49,427000,0.0,0.0,0,0,0,0.0,None,,20,Broker / IFA,2025-10-18 21:18:17
804,POL000000804,278,10,22,20231110,20231127,20241126,2023-11-10,2023-11-27,2024-11-26,Active,Monthly,Approved,Standard,17,1372.39,114.37,133000,1372.39,1372.39,1,0,0,0.0,None,,10,Bancassurance,2024-11-29 01:24:55
805,POL000000805,617,11,2,20250126,20250203,20260203,2025-01-26,2025-02-03,2026-02-03,Active,Annual,Approved,Low,8,2960.07,246.67,104000,2960.07,2960.07,1,0,0,0.0,None,,20,Broker / IFA,2025-05-16 16:26:22
806,POL000000806,683,12,2,20251006,20251008,20261008,2025-10-06,2025-10-08,2026-10-08,Cancelled,Monthly,Approved,Standard,2,7052.81,587.73,297000,0.0,0.0,0,0,0,0.0,None,,10,Broker / IFA,2025-12-14 01:32:27
807,POL000000807,287,12,23,20240228,20240311,20250311,2024-02-28,2024-03-11,2025-03-11,Active,Annual,Approved,Standard,12,5479.26,456.6,179000,5479.26,5479.26,1,0,0,0.0,None,,10,Bancassurance,2025-09-28 13:12:26
808,POL000000808,74,3,17,20231129,20231217,20241216,2023-11-29,2023-12-17,2024-12-16,Active,Monthly,Approved,Standard,18,2248.09,187.34,186000,2248.09,2248.09,1,0,0,0.0,None,,30,Bancassurance,2024-08-06 01:42:14
809,POL000000809,212,10,1,20230401,20230411,20240410,2023-04-01,2023-04-11,2024-04-10,Active,Monthly,Approved with Loading,Elevated,10,3451.71,287.64,154000,3451.71,3451.71,1,0,0,0.0,None,,5,Digital,2024-12-03 03:22:11
810,POL000000810,663,6,21,20241118,20241126,20251126,2024-11-18,2024-11-26,2025-11-26,Active,Quarterly,Approved,Standard,8,16952.63,1412.72,435000,16952.63,16952.63,1,0,0,0.0,None,,10,Agency,2025-02-03 01:10:44
811,POL000000811,718,12,20,20240224,20240302,20250302,2024-02-24,2024-03-02,2025-03-02,Active,Monthly,Approved,Standard,7,27670.33,2305.86,748000,27670.33,27670.33,1,0,0,0.0,None,,10,Agency,2024-03-15 23:21:25
812,POL000000812,204,9,12,20250129,20250216,20260216,2025-01-29,2025-02-16,2026-02-16,Active,Monthly,Approved,Standard,18,871.67,72.64,106000,871.67,871.67,1,0,0,0.0,None,,20,Agency,2025-12-18 00:53:58
813,POL000000813,266,5,8,20250906,20250913,20260913,2025-09-06,2025-09-13,2026-09-13,Active,Monthly,Approved,Standard,7,4317.55,359.8,159000,4317.55,4317.55,1,0,0,0.0,None,,20,Bancassurance,2026-06-03 02:30:56
814,POL000000814,274,7,2,20240904,20240914,20250914,2024-09-04,2024-09-14,2025-09-14,Lapsed,Monthly,Approved with Loading,Elevated,10,5443.99,453.67,461000,5443.99,0.0,0,1,0,0.0,None,,10,Broker / IFA,2025-08-17 09:35:50
815,POL000000815,374,2,1,20231201,20231205,20241204,2023-12-01,2023-12-05,2024-12-04,Active,Monthly,Approved,Standard,4,2645.69,220.47,1022000,2645.69,2645.69,1,0,0,0.0,None,,5,Digital,2024-01-17 01:21:48
816,POL000000816,523,1,13,20251107,20251110,20261110,2025-11-07,2025-11-10,2026-11-10,Active,Monthly,Approved,Standard,3,3438.38,286.53,1412000,0.0,0.0,0,0,0,0.0,None,,10,Broker / IFA,2026-07-11 04:58:11
817,POL000000817,57,4,25,20260207,20260218,20270218,2026-02-07,2026-02-18,2027-02-18,Claimed,Monthly,Approved,Standard,11,3589.28,299.11,166000,0.0,0.0,0,0,1,42998.96,Paid,2026-06-23,25,Agency,2026-06-01 09:29:36
818,POL000000818,406,4,19,20260909,20260922,20270922,2026-09-09,2026-09-22,2027-09-22,Active,Monthly,Approved,Standard,13,17904.02,1492.0,728000,0.0,0.0,0,0,0,0.0,None,,20,Agency,2026-09-25 07:39:29
819,POL000000819,9,5,7,20241209,20241215,20251215,2024-12-09,2024-12-15,2025-12-15,Active,Monthly,Approved,Low,6,3432.94,286.08,128000,3432.94,3432.94,1,0,0,0.0,None,,10,Bancassurance,2026-02-11 21:55:02
820,POL000000820,290,4,5,20251223,20260105,20270105,2025-12-23,2026-01-05,2027-01-05,Active,Annual,Approved,Standard,13,1607.45,133.95,160000,0.0,0.0,0,0,0,0.0,None,,30,Direct,2026-04-26 04:42:15
821,POL000000821,417,5,18,20241113,20241125,20251125,2024-11-13,2024-11-25,2025-11-25,Active,Half-yearly,Approved,Standard,12,1264.65,105.39,56000,1264.65,1264.65,1,0,0,0.0,None,,15,Digital,2025-03-26 11:41:09
822,POL000000822,686,1,6,20250328,20250402,20260402,2025-03-28,2025-04-02,2026-04-02,Matured,Quarterly,Approved,Standard,5,1201.93,100.16,605000,1201.93,1201.93,1,0,0,0.0,None,,1,Agency,2026-09-13 01:10:45
823,POL000000823,519,5,1,20250808,20250809,20260809,2025-08-08,2025-08-09,2026-08-09,Active,Annual,Approved,Standard,1,2902.47,241.87,204000,2902.47,2902.47,1,0,0,0.0,None,,20,Digital,2025-11-30 17:26:37
824,POL000000824,564,7,4,20240222,20240227,20250226,2024-02-22,2024-02-27,2025-02-26,Lapsed,Annual,Approved,Standard,5,4299.7,358.31,469000,4299.7,0.0,0,1,0,0.0,None,,15,Agency,2025-05-10 04:03:52
825,POL000000825,481,4,18,20240910,20240922,20250922,2024-09-10,2024-09-22,2025-09-22,Active,Monthly,Approved,Low,12,4678.86,389.9,263000,4678.86,4678.86,1,0,0,0.0,None,,20,Digital,2025-03-31 17:31:54
826,POL000000826,458,2,12,20260911,20260913,20270913,2026-09-11,2026-09-13,2027-09-13,Active,Monthly,Approved,Standard,2,1715.22,142.94,654000,0.0,0.0,0,0,0,0.0,None,,20,Agency,2026-09-17 18:35:29
827,POL000000827,704,9,8,20230619,20230622,20240621,2023-06-19,2023-06-22,2024-06-21,Active,Annual,Approved,Standard,3,1809.25,150.77,342000,1809.25,1809.25,1,0,0,0.0,None,,20,Bancassurance,2026-07-28 00:20:41
828,POL000000828,584,9,21,20251225,20260114,20270114,2025-12-25,2026-01-14,2027-01-14,Active,Monthly,Approved,Low,20,4418.94,368.24,234000,0.0,0.0,0,0,0,0.0,None,,20,Agency,2026-08-06 23:17:47
829,POL000000829,97,7,1,20230105,20230117,20240117,2023-01-05,2023-01-17,2024-01-17,Active,Monthly,Approved,Standard,12,2675.01,222.92,231000,2675.01,2675.01,1,0,0,0.0,None,,20,Digital,2024-03-22 23:23:41
830,POL000000830,295,6,23,20231021,20231107,20241106,2023-10-21,2023-11-07,2024-11-06,Active,Monthly,Approved,Standard,17,9932.59,827.72,318000,9932.59,9932.59,1,0,0,0.0,None,,10,Bancassurance,2025-08-25 06:01:57
831,POL000000831,478,10,24,20250711,20250730,20260730,2025-07-11,2025-07-30,2026-07-30,Active,Monthly,Approved with Loading,Elevated,19,2689.09,224.09,163000,2689.09,2689.09,1,0,0,0.0,None,,5,Agency,2025-10-16 14:38:41
832,POL000000832,53,2,16,20230528,20230604,20240603,2023-05-28,2023-06-04,2024-06-03,Active,Monthly,Approved,Low,7,2662.99,221.92,762000,2662.99,2662.99,1,0,0,0.0,None,,20,Direct,2024-04-02 05:48:12
833,POL000000833,506,7,12,20231220,20231227,20241226,2023-12-20,2023-12-27,2024-12-26,Active,Monthly,Approved,Low,7,1995.66,166.3,263000,1995.66,1995.66,1,0,0,0.0,None,,20,Agency,2025-08-18 01:16:58
834,POL000000834,34,5,11,20240924,20240926,20250926,2024-09-24,2024-09-26,2025-09-26,Active,Monthly,Approved,Standard,2,1917.29,159.77,124000,1917.29,1917.29,1,0,0,0.0,None,,20,Bancassurance,2026-02-10 04:31:47
835,POL000000835,565,5,19,20240701,20240705,20250705,2024-07-01,2024-07-05,2025-07-05,Active,Monthly,Approved,Standard,4,13641.77,1136.81,493000,13641.77,0.0,0,0,0,0.0,None,,15,Agency,2024-09-09 05:08:10
836,POL000000836,599,2,25,20250408,20250413,20260413,2025-04-08,2025-04-13,2026-04-13,Active,Half-yearly,Approved,Low,5,1554.97,129.58,514000,1554.97,1554.97,1,0,0,0.0,None,,5,Agency,2025-12-31 11:28:07
837,POL000000837,226,2,1,20241116,20241122,20251122,2024-11-16,2024-11-22,2025-11-22,Active,Monthly,Approved,Low,6,490.7,40.89,232000,490.7,0.0,0,0,0,0.0,None,,20,Digital,2026-08-17 05:45:24
838,POL000000838,551,1,15,20250602,20250615,20260615,2025-06-02,2025-06-15,2026-06-15,Matured,Quarterly,Approved,Standard,13,739.66,61.64,353000,739.66,0.0,0,0,0,0.0,None,,1,Bancassurance,2025-07-06 02:30:46
839,POL000000839,96,3,18,20260520,20260530,20270530,2026-05-20,2026-05-30,2027-05-30,Active,Annual,Approved,Low,10,8814.7,734.56,670000,0.0,0.0,0,0,0,0.0,None,,25,Digital,2026-06-06 02:37:10
840,POL000000840,428,2,1,20251222,20260108,20270108,2025-12-22,2026-01-08,2027-01-08,Active,Monthly,Approved,Low,17,689.83,57.49,300000,0.0,0.0,0,0,0,0.0,None,,10,Digital,2026-09-11 14:36:22
841,POL000000841,736,11,19,20230321,20230405,20240404,2023-03-21,2023-04-05,2024-04-04,Active,Monthly,Approved,Low,15,6691.92,557.66,556000,6691.92,6691.92,1,0,0,0.0,None,,15,Agency,2025-09-28 02:31:47
842,POL000000842,65,3,11,20241219,20241223,20251223,2024-12-19,2024-12-23,2025-12-23,Active,Annual,Approved with Loading,Elevated,4,7984.86,665.4,294000,7984.86,7984.86,1,0,0,0.0,None,,20,Bancassurance,2025-02-16 17:19:46
843,POL000000843,44,10,9,20260906,20260925,20270925,2026-09-06,2026-09-25,2027-09-25,Active,Monthly,Approved,Low,19,563.11,46.93,91000,0.0,0.0,0,0,0,0.0,None,,5,Bancassurance,2026-09-25 06:26:04
844,POL000000844,639,1,25,20241130,20241201,20251201,2024-11-30,2024-12-01,2025-12-01,Active,Monthly,Approved,Standard,1,906.47,75.54,467000,906.47,906.47,1,0,0,0.0,None,,20,Agency,2026-02-07 23:53:39
845,POL000000845,682,9,10,20240802,20240811,20250811,2024-08-02,2024-08-11,2025-08-11,Active,Monthly,Approved,Standard,9,1096.44,91.37,151000,1096.44,1096.44,1,0,0,0.0,None,,20,Agency,2026-02-13 18:49:47
846,POL000000846,378,7,3,20250813,20250826,20260826,2025-08-13,2025-08-26,2026-08-26,Active,Monthly,Approved,Low,13,3095.13,257.93,299000,3095.13,3095.13,1,0,0,0.0,None,,15,Broker / IFA,2026-03-06 02:45:41
847,POL000000847,377,5,10,20240905,20240917,20250917,2024-09-05,2024-09-17,2025-09-17,Active,Annual,Approved,Low,12,6856.03,571.34,320000,6856.03,6856.03,1,0,0,0.0,None,,20,Agency,2025-09-26 09:27:14
848,POL000000848,140,4,2,20250421,20250507,20260507,2025-04-21,2025-05-07,2026-05-07,Active,Monthly,Approved,Low,16,3348.78,279.06,168000,3348.78,3348.78,1,0,0,0.0,None,,25,Broker / IFA,2025-11-04 18:14:08
849,POL000000849,174,3,12,20250309,20250311,20260311,2025-03-09,2025-03-11,2026-03-11,Cancelled,Monthly,Approved,Standard,2,6560.1,546.68,311000,6560.1,0.0,0,0,0,0.0,None,,30,Agency,2025-11-22 08:59:54
850,POL000000850,104,7,2,20251215,20251222,20261222,2025-12-15,2025-12-22,2026-12-22,Active,Annual,Approved,Standard,7,14157.76,1179.81,854000,0.0,0.0,0,0,0,0.0,None,,10,Broker / IFA,2026-09-17 06:09:48
851,POL000000851,129,3,21,20250327,20250410,20260410,2025-03-27,2025-04-10,2026-04-10,Active,Quarterly,Approved,Low,14,3950.79,329.23,313000,3950.79,3950.79,1,0,0,0.0,None,,25,Agency,2026-01-18 08:03:47
852,POL000000852,491,10,1,20260916,20260924,20270924,2026-09-16,2026-09-24,2027-09-24,Active,Quarterly,Approved,Standard,8,2093.47,174.46,245000,0.0,0.0,0,0,0,0.0,None,,15,Digital,2026-09-24 05:52:51
853,POL000000853,380,3,3,20260510,20260521,20270521,2026-05-10,2026-05-21,2027-05-21,Active,Half-yearly,Approved,Standard,11,2809.14,234.1,137000,0.0,0.0,0,0,0,0.0,None,,20,Broker / IFA,2026-07-26 21:47:49
854,POL000000854,417,11,19,20250322,20250328,20260328,2025-03-22,2025-03-28,2026-03-28,Active,Monthly,Approved,Standard,6,7289.88,607.49,390000,7289.88,7289.88,1,0,0,0.0,None,,15,Agency,2025-08-25 06:18:55
855,POL000000855,221,5,5,20240817,20240825,20250825,2024-08-17,2024-08-25,2025-08-25,Active,Monthly,Approved,Low,8,4360.81,363.4,316000,4360.81,4360.81,1,0,0,0.0,None,,20,Direct,2026-09-13 22:41:09
856,POL000000856,559,1,12,20260731,20260807,20270807,2026-07-31,2026-08-07,2027-08-07,Active,Annual,Approved,Standard,7,1486.51,123.88,651000,0.0,0.0,0,0,0,0.0,None,,2,Agency,2026-08-20 13:35:23
857,POL000000857,726,6,23,20251005,20251009,20261009,2025-10-05,2025-10-09,2026-10-09,Active,Annual,Approved,Standard,4,1995.49,166.29,81000,0.0,0.0,0,0,0,0.0,None,,10,Bancassurance,2025-11-03 08:38:26
858,POL000000858,350,2,10,20260725,20260727,20270727,2026-07-25,2026-07-27,2027-07-27,Active,Monthly,Approved,Low,2,1189.57,99.13,437000,0.0,0.0,0,0,0,0.0,None,,5,Agency,2026-09-24 06:25:22
859,POL000000859,377,4,4,20240308,20240320,20250320,2024-03-08,2024-03-20,2025-03-20,Active,Monthly,Approved,Standard,12,8181.54,681.8,525000,8181.54,8181.54,1,0,0,0.0,None,,20,Agency,2026-01-21 13:56:32
860,POL000000860,343,3,18,20230715,20230726,20240725,2023-07-15,2023-07-26,2024-07-25,Active,Monthly,Approved,Low,11,1076.43,89.7,99000,1076.43,1076.43,1,0,0,0.0,None,,30,Digital,2026-08-13 00:39:19
861,POL000000861,246,12,10,20251221,20260103,20270103,2025-12-21,2026-01-03,2027-01-03,Active,Quarterly,Approved,Standard,13,2926.52,243.88,204000,0.0,0.0,0,0,0,0.0,None,,15,Agency,2026-08-21 10:11:45
862,POL000000862,575,1,6,20251016,20251028,20261028,2025-10-16,2025-10-28,2026-10-28,Active,Monthly,Approved,Standard,12,531.51,44.29,239000,0.0,0.0,0,0,0,0.0,None,,2,Agency,2026-06-15 13:36:20
863,POL000000863,685,11,15,20251119,20251201,20261201,2025-11-19,2025-12-01,2026-12-01,Active,Monthly,Approved,Standard,12,14423.14,1201.93,523000,0.0,0.0,0,0,0,0.0,None,,15,Bancassurance,2026-08-25 17:51:00
864,POL000000864,449,9,9,20230613,20230621,20240620,2023-06-13,2023-06-21,2024-06-20,Active,Quarterly,Approved,Low,8,918.52,76.54,133000,918.52,918.52,1,0,0,0.0,None,,5,Bancassurance,2023-11-03 03:29:05
865,POL000000865,563,2,20,20250212,20250217,20260217,2025-02-12,2025-02-17,2026-02-17,Active,Monthly,Approved,Standard,5,1284.63,107.05,513000,1284.63,1284.63,1,0,0,0.0,None,,20,Agency,2025-03-01 18:55:20
866,POL000000866,670,4,7,20230828,20230911,20240910,2023-08-28,2023-09-11,2024-09-10,Active,Monthly,Approved,Standard,14,1674.95,139.58,109000,1674.95,1674.95,1,0,0,0.0,None,,30,Bancassurance,2026-06-22 10:18:49
867,POL000000867,295,4,8,20251224,20251228,20261228,2025-12-24,2025-12-28,2026-12-28,Active,Monthly,Approved,Standard,4,2651.17,220.93,118000,0.0,0.0,0,0,0,0.0,None,,25,Bancassurance,2026-03-10 08:42:51
868,POL000000868,514,2,16,20240206,20240214,20250213,2024-02-06,2024-02-14,2025-02-13,Active,Annual,Approved,Low,8,2348.9,195.74,1076000,2348.9,2348.9,1,0,0,0.0,None,,15,Direct,2025-07-21 05:59:48
869,POL000000869,88,2,1,20240817,20240825,20250825,2024-08-17,2024-08-25,2025-08-25,Active,Quarterly,Approved,Standard,8,925.48,77.12,328000,925.48,925.48,1,0,0,0.0,None,,10,Digital,2024-11-30 03:57:12
870,POL000000870,442,8,18,20250514,20250613,20260613,2025-05-14,2025-06-13,2026-06-13,Active,Quarterly,Approved,Low,30,3600.6,300.05,519000,3600.6,3600.6,1,0,0,0.0,None,,15,Digital,2026-07-05 23:21:11
871,POL000000871,344,9,18,20250612,20250624,20260624,2025-06-12,2025-06-24,2026-06-24,Active,Monthly,Approved,Standard,12,665.0,55.42,64000,665.0,665.0,1,0,0,0.0,None,,10,Digital,2026-01-04 07:04:17
872,POL000000872,732,3,21,20260712,20260807,20270807,2026-07-12,2026-08-07,2027-08-07,Active,Monthly,Approved,Standard,26,2030.74,169.23,127000,0.0,0.0,0,0,0,0.0,None,,30,Agency,2026-09-04 21:35:50
873,POL000000873,534,3,21,20230209,20230215,20240215,2023-02-09,2023-02-15,2024-02-15,Active,Monthly,Approved,Low,6,2142.47,178.54,147000,2142.47,2142.47,1,0,0,0.0,None,,25,Agency,2025-04-11 02:12:42
874,POL000000874,216,2,18,20260523,20260528,20270528,2026-05-23,2026-05-28,2027-05-28,Active,Annual,Approved,Standard,5,3168.36,264.03,944000,0.0,0.0,0,0,0,0.0,None,,15,Digital,2026-07-18 19:13:00
875,POL000000875,639,4,6,20250406,20250413,20260413,2025-04-06,2025-04-13,2026-04-13,Active,Monthly,Approved,Low,7,6236.39,519.7,459000,6236.39,6236.39,1,0,0,0.0,None,,30,Agency,2025-07-15 13:28:33
876,POL000000876,288,12,10,20250409,20250414,20260414,2025-04-09,2025-04-14,2026-04-14,Active,Monthly,Approved with Loading,Elevated,5,34912.19,2909.35,966000,34912.19,34912.19,1,0,0,0.0,None,,10,Agency,2025-06-29 19:54:09
877,POL000000877,521,8,13,20240601,20240606,20250606,2024-06-01,2024-06-06,2025-06-06,Lapsed,Monthly,Approved,Standard,5,3035.48,252.96,233000,3035.48,0.0,0,1,0,0.0,None,,10,Broker / IFA,2026-06-17 04:06:08
878,POL000000878,10,1,2,20260424,20260426,20270426,2026-04-24,2026-04-26,2027-04-26,Active,Monthly,Approved with Loading,Elevated,2,2104.94,175.41,517000,0.0,0.0,0,0,0,0.0,None,,5,Broker / IFA,2026-07-01 00:36:40
879,POL000000879,530,1,13,20240422,20240425,20250425,2024-04-22,2024-04-25,2025-04-25,Matured,Monthly,Approved,Low,3,347.75,28.98,205000,347.75,347.75,1,0,0,0.0,None,,2,Broker / IFA,2026-05-14 16:14:54
880,POL000000880,534,1,11,20250707,20250719,20260719,2025-07-07,2025-07-19,2026-07-19,Active,Monthly,Approved,Standard,12,3290.12,274.18,1326000,3290.12,3290.12,1,0,0,0.0,None,,20,Bancassurance,2026-01-24 06:46:10
881,POL000000881,344,7,1,20250608,20250611,20260611,2025-06-08,2025-06-11,2026-06-11,Active,Monthly,Approved with Loading,Elevated,3,1844.89,153.74,123000,1844.89,1844.89,1,0,0,0.0,None,,10,Digital,2026-08-26 15:56:02
882,POL000000882,716,1,9,20230915,20230920,20240919,2023-09-15,2023-09-20,2024-09-19,Active,Monthly,Approved,Standard,5,1013.79,84.48,433000,1013.79,1013.79,1,0,0,0.0,None,,10,Bancassurance,2026-04-10 10:14:11
883,POL000000883,503,2,5,20260331,20260405,20270405,2026-03-31,2026-04-05,2027-04-05,Active,Monthly,Approved,Standard,5,1092.12,91.01,576000,0.0,0.0,0,0,0,0.0,None,,20,Direct,2026-06-05 03:05:55
884,POL000000884,178,9,25,20240814,20240823,20250823,2024-08-14,2024-08-23,2025-08-23,Lapsed,Monthly,Approved,Low,9,823.8,68.65,134000,823.8,0.0,0,1,0,0.0,None,,15,Agency,2024-09-23 09:30:31
885,POL000000885,668,1,22,20250930,20251005,20261005,2025-09-30,2025-10-05,2026-10-05,Active,Monthly,Approved,Standard,5,1937.09,161.42,679000,0.0,0.0,0,0,0,0.0,None,,2,Bancassurance,2025-10-07 01:42:56
886,POL000000886,222,12,9,20250206,20250212,20260212,2025-02-06,2025-02-12,2026-02-12,Active,Monthly,Approved,Standard,6,33011.8,2750.98,1041000,33011.8,0.0,0,0,0,0.0,None,,10,Bancassurance,2026-08-23 10:22:26
887,POL000000887,24,8,20,20260802,20260813,20270813,2026-08-02,2026-08-13,2027-08-13,Active,Monthly,Approved,Standard,11,2913.79,242.82,241000,0.0,0.0,0,0,0,0.0,None,,15,Agency,2026-09-11 16:47:54
888,POL000000888,292,5,17,20250208,20250214,20260214,2025-02-08,2025-02-14,2026-02-14,Active,Monthly,Approved,Low,6,2747.03,228.92,132000,2747.03,2747.03,1,0,0,0.0,None,,10,Bancassurance,2026-01-21 06:59:11
889,POL000000889,512,11,14,20240619,20240625,20250625,2024-06-19,2024-06-25,2025-06-25,Active,Quarterly,Approved with Loading,Elevated,6,5797.98,483.16,218000,5797.98,5797.98,1,0,0,0.0,None,,15,Bancassurance,2025-04-22 04:30:44
890,POL000000890,494,5,16,20230917,20230919,20240918,2023-09-17,2023-09-19,2024-09-18,Claimed,Quarterly,Approved,Low,2,2233.21,186.1,82000,2233.21,2233.21,1,0,1,12823.44,Paid,2024-06-13,10,Direct,2024-03-02 16:15:44
891,POL000000891,157,8,6,20260912,20260917,20270917,2026-09-12,2026-09-17,2027-09-17,Active,Monthly,Approved,Standard,5,12956.66,1079.72,742000,0.0,0.0,0,0,0,0.0,None,,20,Agency,2026-09-21 10:40:17
892,POL000000892,299,7,21,20250817,20250904,20260904,2025-08-17,2025-09-04,2026-09-04,Active,Monthly,Approved,Standard,18,4594.48,382.87,543000,4594.48,4594.48,1,0,0,0.0,None,,15,Agency,2026-08-23 01:48:44
893,POL000000893,460,5,5,20240327,20240407,20250407,2024-03-27,2024-04-07,2025-04-07,Active,Monthly,Approved,Low,11,669.76,55.81,53000,669.76,0.0,0,0,0,0.0,None,,10,Direct,2025-04-03 19:11:30
894,POL000000894,92,3,20,20230501,20230509,20240508,2023-05-01,2023-05-09,2024-05-08,Active,Monthly,Approved,Low,8,7388.94,615.74,408000,7388.94,7388.94,1,0,0,0.0,None,,30,Agency,2024-12-25 06:31:16
895,POL000000895,425,2,18,20250614,20250617,20260617,2025-06-14,2025-06-17,2026-06-17,Lapsed,Quarterly,Approved with Loading,Elevated,3,491.14,40.93,174000,491.14,0.0,0,1,0,0.0,None,,20,Digital,2026-01-16 21:51:49
896,POL000000896,310,10,19,20230309,20230323,20240322,2023-03-09,2023-03-23,2024-03-22,Active,Monthly,Approved,Low,14,2700.1,225.01,234000,2700.1,2700.1,1,0,0,0.0,None,,15,Agency,2025-12-04 15:06:58
897,POL000000897,383,7,2,20240513,20240515,20250515,2024-05-13,2024-05-15,2025-05-15,Active,Quarterly,Approved,Standard,2,5767.66,480.64,495000,5767.66,5767.66,1,0,0,0.0,None,,25,Broker / IFA,2025-08-27 14:27:17
898,POL000000898,158,12,3,20260511,20260523,20270523,2026-05-11,2026-05-23,2027-05-23,Claimed,Monthly,Approved,Low,12,9122.53,760.21,446000,0.0,0.0,0,0,1,175966.01,Paid,2026-07-30,10,Broker / IFA,2026-06-03 04:40:43
899,POL000000899,264,8,5,20240607,20240617,20250617,2024-06-07,2024-06-17,2025-06-17,Active,Monthly,Approved,Standard,10,4909.38,409.12,649000,4909.38,4909.38,1,0,0,0.0,None,,20,Direct,2025-03-11 12:16:04
900,POL000000900,349,6,2,20241126,20241207,20251207,2024-11-26,2024-12-07,2025-12-07,Active,Monthly,Approved,Low,11,3669.43,305.79,155000,3669.43,3669.43,1,0,0,0.0,None,,15,Broker / IFA,2025-06-18 01:55:42
901,POL000000901,307,7,9,20250416,20250505,20260505,2025-04-16,2025-05-05,2026-05-05,Active,Monthly,Approved with Loading,Elevated,19,1849.69,154.14,113000,1849.69,1849.69,1,0,0,0.0,None,,20,Bancassurance,2026-05-01 03:30:09
902,POL000000902,560,3,8,20260131,20260216,20270216,2026-01-31,2026-02-16,2027-02-16,Lapsed,Quarterly,Approved,Low,16,6712.94,559.41,540000,0.0,0.0,0,1,0,0.0,None,,25,Bancassurance,2026-03-14 01:11:03
903,POL000000903,51,1,16,20250221,20250228,20260228,2025-02-21,2025-02-28,2026-02-28,Active,Monthly,Approved,Standard,7,488.8,40.73,305000,488.8,488.8,1,0,0,0.0,None,,20,Direct,2026-03-19 00:02:05
904,POL000000904,645,9,5,20240120,20240201,20250131,2024-01-20,2024-02-01,2025-01-31,Active,Annual,Approved,Low,12,1965.88,163.82,382000,1965.88,0.0,0,0,0,0.0,None,,15,Direct,2025-12-22 16:29:31
905,POL000000905,476,9,22,20231221,20240107,20250106,2023-12-21,2024-01-07,2025-01-06,Active,Monthly,Approved,Low,17,615.68,51.31,97000,615.68,615.68,1,0,0,0.0,None,,15,Bancassurance,2026-05-10 20:39:39
906,POL000000906,447,4,4,20240807,20240818,20250818,2024-08-07,2024-08-18,2025-08-18,Active,Monthly,Approved,Standard,11,13437.91,1119.83,700000,13437.91,13437.91,1,0,0,0.0,None,,20,Agency,2024-11-04 06:42:17
907,POL000000907,591,12,2,20240415,20240420,20250420,2024-04-15,2024-04-20,2025-04-20,Active,Monthly,Approved,Low,5,11953.47,996.12,670000,11953.47,11953.47,1,0,0,0.0,None,,20,Broker / IFA,2024-07-13 23:19:51
908,POL000000908,215,1,4,20241125,20241203,20251203,2024-11-25,2024-12-03,2025-12-03,Active,Annual,Approved,Low,8,3775.27,314.61,1337000,3775.27,3775.27,1,0,0,0.0,None,,10,Agency,2026-02-07 11:15:07
909,POL000000909,293,5,18,20240613,20240623,20250623,2024-06-13,2024-06-23,2025-06-23,Lapsed,Monthly,Approved,Standard,10,8534.05,711.17,428000,8534.05,0.0,0,1,0,0.0,None,,10,Digital,2026-09-08 22:11:08
910,POL000000910,367,3,16,20230820,20230826,20240825,2023-08-20,2023-08-26,2024-08-25,Active,Monthly,Approved,Standard,6,1881.09,156.76,128000,1881.09,0.0,0,0,0,0.0,None,,25,Direct,2025-09-27 18:58:56
911,POL000000911,603,10,1,20260422,20260430,20270430,2026-04-22,2026-04-30,2027-04-30,Active,Monthly,Approved,Standard,8,2153.26,179.44,336000,0.0,0.0,0,0,0,0.0,None,,5,Digital,2026-07-03 00:25:30
912,POL000000912,264,2,18,20230317,20230321,20240320,2023-03-17,2023-03-21,2024-03-20,Active,Monthly,Approved,Standard,4,1362.59,113.55,646000,1362.59,1362.59,1,0,0,0.0,None,,20,Digital,2024-06-11 19:42:28
913,POL000000913,591,6,6,20250331,20250409,20260409,2025-03-31,2025-04-09,2026-04-09,Active,Monthly,Approved,Standard,9,3883.06,323.59,120000,3883.06,3883.06,1,0,0,0.0,None,,18,Agency,2025-11-02 18:18:37
914,POL000000914,390,8,20,20230525,20230529,20240528,2023-05-25,2023-05-29,2024-05-28,Active,Monthly,Approved,Standard,4,16505.34,1375.44,953000,16505.34,16505.34,1,0,0,0.0,None,,20,Agency,2026-09-19 02:30:54
915,POL000000915,47,5,9,20240522,20240601,20250601,2024-05-22,2024-06-01,2025-06-01,Active,Annual,Approved,Low,10,5474.37,456.2,207000,5474.37,5474.37,1,0,0,0.0,None,,10,Bancassurance,2026-08-26 10:29:46
916,POL000000916,203,3,19,20241127,20241128,20251128,2024-11-27,2024-11-28,2025-11-28,Active,Quarterly,Approved,Low,1,7297.67,608.14,639000,7297.67,7297.67,1,0,0,0.0,None,,30,Agency,2025-12-09 18:05:42
917,POL000000917,200,5,23,20240906,20240911,20250911,2024-09-06,2024-09-11,2025-09-11,Active,Monthly,Approved,Standard,5,1887.04,157.25,68000,1887.04,1887.04,1,0,0,0.0,None,,10,Bancassurance,2026-09-22 08:36:07
918,POL000000918,668,1,5,20230902,20230911,20240910,2023-09-02,2023-09-11,2024-09-10,Active,Monthly,Approved,Standard,9,1573.95,131.16,547000,1573.95,1573.95,1,0,0,0.0,None,,10,Direct,2026-03-10 00:51:18
919,POL000000919,599,2,17,20240603,20240628,20250628,2024-06-03,2024-06-28,2025-06-28,Active,Monthly,Approved,Standard,25,1247.17,103.93,566000,1247.17,1247.17,1,0,0,0.0,None,,5,Bancassurance,2026-09-07 15:23:22
920,POL000000920,624,7,1,20230104,20230108,20240108,2023-01-04,2023-01-08,2024-01-08,Active,Monthly,Approved,Low,4,591.58,49.3,108000,591.58,591.58,1,0,0,0.0,None,,15,Digital,2023-10-12 07:54:38
921,POL000000921,357,6,14,20260120,20260122,20270122,2026-01-20,2026-01-22,2027-01-22,Active,Annual,Approved,Standard,2,7172.79,597.73,332000,0.0,0.0,0,0,0,0.0,None,,18,Bancassurance,2026-06-25 16:13:18
922,POL000000922,40,1,23,20230525,20230602,20240601,2023-05-25,2023-06-02,2024-06-01,Matured,Annual,Approved,Standard,8,1251.47,104.29,645000,1251.47,1251.47,1,0,0,0.0,None,,1,Bancassurance,2024-06-13 13:09:10
923,POL000000923,548,7,2,20240206,20240212,20250211,2024-02-06,2024-02-12,2025-02-11,Lapsed,Monthly,Approved with Loading,Elevated,6,15151.24,1262.6,636000,15151.24,0.0,0,1,0,0.0,None,,15,Broker / IFA,2025-05-28 11:31:18
924,POL000000924,634,1,25,20230922,20231010,20241009,2023-09-22,2023-10-10,2024-10-09,Active,Annual,Approved,Low,18,1889.79,157.48,858000,1889.79,1889.79,1,0,0,0.0,None,,5,Agency,2024-12-28 17:07:03
925,POL000000925,595,1,12,20230825,20230902,20240901,2023-08-25,2023-09-02,2024-09-01,Matured,Annual,Approved with Loading,Elevated,8,368.67,30.72,122000,368.67,368.67,1,0,0,0.0,None,,2,Agency,2024-09-24 17:50:35
926,POL000000926,407,3,12,20260610,20260616,20270616,2026-06-10,2026-06-16,2027-06-16,Active,Annual,Approved,Standard,6,9795.42,816.28,410000,0.0,0.0,0,0,0,0.0,None,,30,Agency,2026-09-18 11:01:31
927,POL000000927,346,2,1,20230119,20230129,20240129,2023-01-19,2023-01-29,2024-01-29,Active,Quarterly,Approved,Standard,10,1400.45,116.7,465000,1400.45,1400.45,1,0,0,0.0,None,,20,Digital,2025-04-11 00:56:44
928,POL000000928,340,8,18,20241029,20241107,20251107,2024-10-29,2024-11-07,2025-11-07,Active,Monthly,Approved,Standard,9,12036.77,1003.06,1000000,12036.77,12036.77,1,0,0,0.0,None,,15,Digital,2025-01-20 11:41:53
929,POL000000929,673,7,18,20230422,20230501,20240430,2023-04-22,2023-05-01,2024-04-30,Active,Monthly,Approved,Standard,9,1141.35,95.11,130000,1141.35,1141.35,1,0,0,0.0,None,,25,Digital,2026-02-19 22:23:59
930,POL000000930,416,11,2,20230624,20230708,20240707,2023-06-24,2023-07-08,2024-07-07,Active,Half-yearly,Approved,Standard,14,3307.1,275.59,148000,3307.1,3307.1,1,0,0,0.0,None,,10,Broker / IFA,2025-04-18 13:51:25
931,POL000000931,540,1,19,20230311,20230316,20240315,2023-03-11,2023-03-16,2024-03-15,Matured,Monthly,Approved,Standard,5,3011.16,250.93,851000,3011.16,3011.16,1,0,0,0.0,None,,2,Agency,2025-11-08 12:46:46
932,POL000000932,738,8,2,20251108,20251111,20261111,2025-11-08,2025-11-11,2026-11-11,Active,Monthly,Approved,Low,3,3988.59,332.38,357000,0.0,0.0,0,0,0,0.0,None,,10,Broker / IFA,2026-04-21 13:47:33
933,POL000000933,539,6,2,20230716,20230717,20240716,2023-07-16,2023-07-17,2024-07-16,Lapsed,Annual,Approved with Loading,Elevated,1,2710.89,225.91,68000,2710.89,0.0,0,1,0,0.0,None,,18,Broker / IFA,2024-10-05 15:05:23
934,POL000000934,383,2,13,20250131,20250213,20260213,2025-01-31,2025-02-13,2026-02-13,Active,Monthly,Approved with Loading,Elevated,13,1154.02,96.17,242000,1154.02,1154.02,1,0,0,0.0,None,,15,Broker / IFA,2026-07-28 05:21:54
935,POL000000935,617,11,19,20241022,20241108,20251108,2024-10-22,2024-11-08,2025-11-08,Active,Half-yearly,Approved,Standard,17,7107.39,592.28,254000,7107.39,7107.39,1,0,0,0.0,None,,15,Agency,2026-01-24 09:55:10
936,POL000000936,697,4,20,20260328,20260430,20270430,2026-03-28,2026-04-30,2027-04-30,Active,Annual,Approved,Low,33,3042.24,253.52,237000,0.0,0.0,0,0,0,0.0,None,,30,Agency,2026-06-02 02:12:01
937,POL000000937,238,6,9,20230330,20230401,20240331,2023-03-30,2023-04-01,2024-03-31,Active,Annual,Approved,Low,2,1115.48,92.96,62000,1115.48,0.0,0,0,0,0.0,None,,10,Bancassurance,2023-09-29 09:01:30
938,POL000000938,224,2,16,20250518,20250522,20260522,2025-05-18,2025-05-22,2026-05-22,Active,Monthly,Approved,Low,4,1812.74,151.06,920000,1812.74,1812.74,1,0,0,0.0,None,,15,Direct,2025-07-29 23:54:44
939,POL000000939,688,8,22,20260105,20260111,20270111,2026-01-05,2026-01-11,2027-01-11,Active,Half-yearly,Approved,Low,6,7642.21,636.85,782000,0.0,0.0,0,0,0,0.0,None,,10,Bancassurance,2026-07-03 06:59:38
940,POL000000940,379,9,2,20231217,20231224,20241223,2023-12-17,2023-12-24,2024-12-23,Lapsed,Annual,Approved,Standard,7,799.62,66.64,67000,799.62,0.0,0,1,0,0.0,None,,20,Broker / IFA,2024-11-28 17:29:05
941,POL000000941,231,3,5,20260213,20260222,20270222,2026-02-13,2026-02-22,2027-02-22,Active,Monthly,Approved,Low,9,2292.12,191.01,213000,0.0,0.0,0,0,0,0.0,None,,20,Direct,2026-06-17 23:50:22
942,POL000000942,289,3,15,20230806,20230825,20240824,2023-08-06,2023-08-25,2024-08-24,Active,Monthly,Approved with Loading,Elevated,19,9499.4,791.62,618000,9499.4,9499.4,1,0,0,0.0,None,,20,Bancassurance,2024-08-15 22:27:39
943,POL000000943,2,4,15,20250506,20250513,20260513,2025-05-06,2025-05-13,2026-05-13,Lapsed,Monthly,Approved,Low,7,4844.0,403.67,420000,4844.0,0.0,0,1,0,0.0,None,,20,Bancassurance,2026-04-16 06:03:01
944,POL000000944,106,7,10,20260917,20260925,20270925,2026-09-17,2026-09-25,2027-09-25,Active,Annual,Approved,Standard,8,1441.65,120.14,169000,0.0,0.0,0,0,0,0.0,None,,15,Agency,2026-09-25 08:54:41
945,POL000000945,585,10,5,20251025,20251026,20261026,2025-10-25,2025-10-26,2026-10-26,Lapsed,Half-yearly,Approved with Loading,Elevated,1,3355.47,279.62,181000,0.0,0.0,0,1,0,0.0,None,,10,Direct,2026-07-09 08:20:43
946,POL000000946,742,8,21,20230613,20230625,20240624,2023-06-13,2023-06-25,2024-06-24,Active,Annual,Approved,Standard,12,6017.96,501.5,319000,6017.96,6017.96,1,0,0,0.0,None,,10,Agency,2025-08-22 14:38:34
947,POL000000947,723,2,14,20250216,20250219,20260219,2025-02-16,2025-02-19,2026-02-19,Active,Monthly,Approved with Loading,Elevated,3,1530.44,127.54,380000,1530.44,1530.44,1,0,0,0.0,None,,10,Bancassurance,2025-04-02 09:03:19
948,POL000000948,393,1,1,20240206,20240209,20250208,2024-02-06,2024-02-09,2025-02-08,Matured,Half-yearly,Approved,Low,3,406.19,33.85,293000,406.19,406.19,1,0,0,0.0,None,,2,Digital,2024-07-09 11:25:27
949,POL000000949,353,5,5,20260903,20260913,20270913,2026-09-03,2026-09-13,2027-09-13,Active,Half-yearly,Approved,Low,10,9704.84,808.74,468000,0.0,0.0,0,0,0,0.0,None,,20,Direct,2026-09-19 03:09:02
950,POL000000950,289,5,9,20250725,20250802,20260802,2025-07-25,2025-08-02,2026-08-02,Active,Monthly,Approved,Standard,8,6585.61,548.8,317000,6585.61,6585.61,1,0,0,0.0,None,,15,Bancassurance,2026-07-28 18:42:50
951,POL000000951,30,1,5,20240827,20240904,20250904,2024-08-27,2024-09-04,2025-09-04,Matured,Monthly,Approved,Standard,8,1364.11,113.68,772000,1364.11,1364.11,1,0,0,0.0,None,,1,Direct,2025-11-21 15:34:42
952,POL000000952,309,11,24,20260827,20260920,20270920,2026-08-27,2026-09-20,2027-09-20,Active,Monthly,Approved,Standard,24,16190.44,1349.2,743000,0.0,0.0,0,0,0,0.0,None,,20,Agency,2026-09-20 03:52:06
953,POL000000953,335,4,12,20260913,20260914,20270914,2026-09-13,2026-09-14,2027-09-14,Active,Monthly,Approved,Standard,1,15591.28,1299.27,572000,0.0,0.0,0,0,0,0.0,None,,30,Agency,2026-09-19 04:23:46
954,POL000000954,504,11,8,20260114,20260117,20270117,2026-01-14,2026-01-17,2027-01-17,Active,Monthly,Approved,Standard,3,4550.64,379.22,119000,0.0,0.0,0,0,0,0.0,None,,10,Bancassurance,2026-05-22 05:11:22
955,POL000000955,308,4,6,20250615,20250621,20260621,2025-06-15,2025-06-21,2026-06-21,Active,Monthly,Approved,Standard,6,11181.37,931.78,450000,11181.37,11181.37,1,0,0,0.0,None,,20,Agency,2026-06-23 00:54:58
956,POL000000956,368,9,18,20230624,20230627,20240626,2023-06-24,2023-06-27,2024-06-26,Lapsed,Annual,Approved,Low,3,312.12,26.01,69000,312.12,0.0,0,1,0,0.0,None,,10,Digital,2026-04-22 18:00:44
957,POL000000957,640,2,18,20250512,20250522,20260522,2025-05-12,2025-05-22,2026-05-22,Active,Monthly,Approved,Standard,10,282.9,23.58,162000,282.9,282.9,1,0,0,0.0,None,,5,Digital,2026-05-26 15:45:48
958,POL000000958,656,12,9,20260107,20260124,20270124,2026-01-07,2026-01-24,2027-01-24,Active,Quarterly,Approved,Low,17,12692.39,1057.7,697000,0.0,0.0,0,0,0,0.0,None,,10,Bancassurance,2026-03-22 08:08:49
959,POL000000959,27,6,21,20250216,20250314,20260314,2025-02-16,2025-03-14,2026-03-14,Active,Annual,Approved,Standard,26,2096.59,174.72,66000,2096.59,2096.59,1,0,0,0.0,None,,10,Agency,2026-06-10 08:01:41
960,POL000000960,707,4,14,20260903,20260911,20270911,2026-09-03,2026-09-11,2027-09-11,Cancelled,Half-yearly,Approved,Low,8,2431.37,202.61,240000,0.0,0.0,0,0,0,0.0,None,,20,Bancassurance,2026-09-16 13:50:34
961,POL000000961,169,1,5,20240513,20240525,20250525,2024-05-13,2024-05-25,2025-05-25,Matured,Monthly,Approved,Standard,12,1897.44,158.12,857000,1897.44,1897.44,1,0,0,0.0,None,,2,Direct,2025-05-30 21:53:43
962,POL000000962,167,1,24,20230312,20230315,20240314,2023-03-12,2023-03-15,2024-03-14,Matured,Quarterly,Approved,Standard,3,1455.77,121.31,634000,1455.77,1455.77,1,0,0,0.0,None,,1,Agency,2024-10-08 01:14:26
963,POL000000963,650,4,1,20230830,20230914,20240913,2023-08-30,2023-09-14,2024-09-13,Active,Monthly,Approved,Standard,15,5481.65,456.8,432000,5481.65,5481.65,1,0,0,0.0,None,,30,Digital,2025-12-01 10:45:29
964,POL000000964,221,7,21,20230221,20230227,20240227,2023-02-21,2023-02-27,2024-02-27,Active,Quarterly,Approved,Low,6,3334.05,277.84,422000,3334.05,3334.05,1,0,0,0.0,None,,25,Agency,2023-09-25 00:18:30
965,POL000000965,209,4,8,20260221,20260310,20270310,2026-02-21,2026-03-10,2027-03-10,Active,Monthly,Approved,Standard,17,14877.88,1239.82,465000,0.0,0.0,0,0,0,0.0,None,,25,Bancassurance,2026-08-10 15:40:19
966,POL000000966,35,2,2,20230102,20230109,20240109,2023-01-02,2023-01-09,2024-01-09,Active,Annual,Approved,Standard,7,465.56,38.8,273000,465.56,465.56,1,0,0,0.0,None,,10,Broker / IFA,2023-02-05 09:51:30
967,POL000000967,490,9,22,20260326,20260406,20270406,2026-03-26,2026-04-06,2027-04-06,Active,Monthly,Approved,Standard,11,564.6,47.05,83000,0.0,0.0,0,0,0,0.0,None,,10,Bancassurance,2026-07-07 00:33:17
968,POL000000968,287,2,4,20231022,20231104,20241103,2023-10-22,2023-11-04,2024-11-03,Active,Annual,Approved,Low,13,816.36,68.03,250000,816.36,816.36,1,0,0,0.0,None,,5,Agency,2026-09-19 14:16:57
969,POL000000969,230,2,18,20230602,20230710,20240709,2023-06-02,2023-07-10,2024-07-09,Active,Monthly,Approved with Loading,Elevated,38,2031.44,169.29,645000,2031.44,2031.44,1,0,0,0.0,None,,10,Digital,2025-01-21 01:40:19
970,POL000000970,497,10,6,20230131,20230207,20240207,2023-01-31,2023-02-07,2024-02-07,Active,Monthly,Approved,Standard,7,2822.24,235.19,221000,2822.24,2822.24,1,0,0,0.0,None,,10,Agency,2023-03-23 17:39:49
971,POL000000971,539,11,16,20251031,20251109,20261109,2025-10-31,2025-11-09,2026-11-09,Active,Quarterly,Approved,Standard,9,7639.93,636.66,287000,0.0,0.0,0,0,0,0.0,None,,15,Direct,2026-07-15 10:56:21
972,POL000000972,513,3,17,20230204,20230225,20240225,2023-02-04,2023-02-25,2024-02-25,Active,Monthly,Approved with Loading,Elevated,21,3997.03,333.09,208000,3997.03,0.0,0,0,0,0.0,None,,30,Bancassurance,2026-04-18 00:29:45
973,POL000000973,111,9,10,20251110,20251112,20261112,2025-11-10,2025-11-12,2026-11-12,Active,Quarterly,Approved,Low,2,3706.87,308.91,294000,0.0,0.0,0,0,0,0.0,None,,15,Agency,2026-05-02 05:20:41
974,POL000000974,568,9,10,20251118,20251120,20261120,2025-11-18,2025-11-20,2026-11-20,Active,Annual,Approved,Standard,2,1779.39,148.28,210000,0.0,0.0,0,0,0,0.0,None,,20,Agency,2026-06-30 21:07:14
975,POL000000975,172,5,8,20240121,20240129,20250128,2024-01-21,2024-01-29,2025-01-28,Active,Annual,Approved with Loading,Elevated,8,9203.81,766.98,365000,9203.81,9203.81,1,0,0,0.0,None,,20,Bancassurance,2025-12-15 02:23:08
976,POL000000976,513,11,11,20230529,20230610,20240609,2023-05-29,2023-06-10,2024-06-09,Active,Quarterly,Approved,Standard,12,18136.69,1511.39,979000,18136.69,0.0,0,0,0,0.0,None,,20,Bancassurance,2024-11-22 23:41:09
977,POL000000977,97,5,20,20231210,20231215,20241214,2023-12-10,2023-12-15,2024-12-14,Active,Monthly,Approved with Loading,Elevated,5,4566.34,380.53,93000,4566.34,4566.34,1,0,0,0.0,None,,10,Agency,2024-06-08 08:57:22
978,POL000000978,736,6,5,20241119,20241127,20251127,2024-11-19,2024-11-27,2025-11-27,Active,Half-yearly,Approved,Low,8,3369.03,280.75,165000,3369.03,3369.03,1,0,0,0.0,None,,15,Direct,2025-11-16 17:54:23
979,POL000000979,439,9,22,20260519,20260528,20270528,2026-05-19,2026-05-28,2027-05-28,Active,Monthly,Approved with Loading,Elevated,9,841.63,70.14,56000,0.0,0.0,0,0,0,0.0,None,,15,Bancassurance,2026-08-02 09:52:37
980,POL000000980,278,5,18,20230403,20230502,20240501,2023-04-03,2023-05-02,2024-05-01,Lapsed,Monthly,Approved with Loading,Elevated,29,2774.46,231.2,72000,2774.46,0.0,0,1,0,0.0,None,,15,Digital,2024-02-04 10:45:45
981,POL000000981,740,6,21,20260325,20260413,20270413,2026-03-25,2026-04-13,2027-04-13,Active,Quarterly,Approved,Standard,19,9218.44,768.2,261000,0.0,0.0,0,0,0,0.0,None,,10,Agency,2026-07-11 10:46:52
982,POL000000982,574,5,5,20250212,20250222,20260222,2025-02-12,2025-02-22,2026-02-22,Active,Monthly,Approved,Low,10,4530.15,377.51,262000,4530.15,4530.15,1,0,0,0.0,None,,10,Direct,2025-10-06 09:39:35
983,POL000000983,490,7,13,20251221,20260103,20270103,2025-12-21,2026-01-03,2027-01-03,Active,Monthly,Approved,Standard,13,2483.07,206.92,107000,0.0,0.0,0,0,0,0.0,None,,10,Broker / IFA,2026-02-09 12:05:48
984,POL000000984,13,1,21,20250823,20250829,20260829,2025-08-23,2025-08-29,2026-08-29,Cancelled,Monthly,Approved,Low,6,240.0,20.0,143000,240.0,0.0,0,0,0,0.0,None,,10,Agency,2026-06-06 16:37:12
985,POL000000985,140,5,3,20231224,20240103,20250102,2023-12-24,2024-01-03,2025-01-02,Active,Monthly,Approved,Low,10,7268.24,605.69,241000,7268.24,7268.24,1,0,0,0.0,None,,15,Broker / IFA,2026-04-19 21:11:18
986,POL000000986,526,5,7,20240729,20240810,20250810,2024-07-29,2024-08-10,2025-08-10,Cancelled,Quarterly,Approved with Loading,Elevated,12,15301.5,1275.12,292000,15301.5,0.0,0,0,0,0.0,None,,15,Bancassurance,2025-08-09 06:42:15
987,POL000000987,516,7,18,20231219,20231225,20241224,2023-12-19,2023-12-25,2024-12-24,Active,Monthly,Approved,Standard,6,9553.16,796.1,998000,9553.16,9553.16,1,0,0,0.0,None,,15,Digital,2024-06-29 05:20:30
988,POL000000988,188,6,10,20260121,20260131,20270131,2026-01-21,2026-01-31,2027-01-31,Active,Monthly,Approved with Loading,Elevated,10,3916.01,326.33,86000,0.0,0.0,0,0,0,0.0,None,,18,Agency,2026-03-22 18:59:09
989,POL000000989,652,3,18,20240610,20240623,20250623,2024-06-10,2024-06-23,2025-06-23,Active,Annual,Approved,Standard,13,1516.74,126.4,138000,1516.74,1516.74,1,0,0,0.0,None,,20,Digital,2026-04-16 16:26:45
990,POL000000990,115,4,17,20250719,20250723,20260723,2025-07-19,2025-07-23,2026-07-23,Active,Monthly,Approved,Standard,4,1912.21,159.35,148000,1912.21,1912.21,1,0,0,0.0,None,,20,Bancassurance,2026-08-08 20:06:09
991,POL000000991,460,2,17,20260515,20260522,20270522,2026-05-15,2026-05-22,2027-05-22,Active,Monthly,Approved,Low,7,2337.96,194.83,961000,0.0,0.0,0,0,0,0.0,None,,10,Bancassurance,2026-08-24 04:36:47
992,POL000000992,365,9,10,20260715,20260717,20270717,2026-07-15,2026-07-17,2027-07-17,Lapsed,Annual,Approved,Low,2,1898.62,158.22,314000,0.0,0.0,0,1,0,0.0,None,,20,Agency,2026-08-15 13:48:48
993,POL000000993,617,1,11,20230320,20230326,20240325,2023-03-20,2023-03-26,2024-03-25,Active,Monthly,Approved,Standard,6,240.0,20.0,118000,240.0,240.0,1,0,0,0.0,None,,5,Bancassurance,2025-05-21 00:30:44
994,POL000000994,700,1,5,20230415,20230417,20240416,2023-04-15,2023-04-17,2024-04-16,Active,Quarterly,Approved,Low,2,440.6,36.72,146000,440.6,440.6,1,0,0,0.0,None,,20,Direct,2023-11-24 07:50:02
995,POL000000995,390,10,24,20260623,20260627,20270627,2026-06-23,2026-06-27,2027-06-27,Active,Annual,Approved,Standard,4,3054.67,254.56,327000,0.0,0.0,0,0,0,0.0,None,,5,Agency,2026-08-20 10:33:54
996,POL000000996,718,4,25,20240709,20240720,20250720,2024-07-09,2024-07-20,2025-07-20,Claimed,Quarterly,Approved,Low,11,4074.75,339.56,239000,4074.75,4074.75,1,0,1,113502.56,Paid,2025-10-25,30,Agency,2026-04-11 21:36:40
997,POL000000997,670,9,16,20230908,20230917,20240916,2023-09-08,2023-09-17,2024-09-16,Active,Monthly,Approved,Standard,9,551.99,46.0,57000,551.99,551.99,1,0,0,0.0,None,,5,Direct,2024-11-26 00:11:57
998,POL000000998,703,4,24,20260802,20260810,20270810,2026-08-02,2026-08-10,2027-08-10,Active,Annual,Approved,Low,8,9949.15,829.1,710000,0.0,0.0,0,0,0,0.0,None,,20,Agency,2026-08-14 20:47:55
999,POL000000999,506,8,1,20260910,20260916,20270916,2026-09-10,2026-09-16,2027-09-16,Active,Monthly,Approved,Low,6,9745.42,812.12,1162000,0.0,0.0,0,0,0,0.0,None,,20,Digital,2026-09-18 02:05:10
1000,POL000001000,629,9,8,20250221,20250225,20260225,2025-02-21,2025-02-25,2026-02-25,Active,Monthly,Approved,Low,4,1954.12,162.84,174000,1954.12,1954.12,1,0,0,0.0,None,,20,Bancassurance,2026-05-03 10:09:33
1001,POL000001001,313,3,21,20240417,20240506,20250506,2024-04-17,2024-05-06,2025-05-06,Active,Monthly,Approved,Low,19,1059.92,88.33,115000,1059.92,1059.92,1,0,0,0.0,None,,20,Agency,2026-01-16 04:36:06
1002,POL000001002,101,7,16,20250616,20250623,20260623,2025-06-16,2025-06-23,2026-06-23,Active,Half-yearly,Approved,Low,7,7520.12,626.68,887000,7520.12,7520.12,1,0,0,0.0,None,,10,Direct,2026-08-18 19:06:51
1003,POL000001003,666,10,12,20230919,20230927,20240926,2023-09-19,2023-09-27,2024-09-26,Active,Monthly,Approved,Low,8,2262.39,188.53,247000,2262.39,2262.39,1,0,0,0.0,None,,15,Agency,2024-03-24 01:04:58
1004,POL000001004,327,4,11,20230704,20230707,20240706,2023-07-04,2023-07-07,2024-07-06,Active,Quarterly,Approved,Standard,3,6023.68,501.97,336000,6023.68,6023.68,1,0,0,0.0,None,,25,Bancassurance,2025-11-30 00:36:24
1005,POL000001005,406,4,13,20250318,20250413,20260413,2025-03-18,2025-04-13,2026-04-13,Active,Annual,Approved,Standard,26,2454.13,204.51,126000,2454.13,2454.13,1,0,0,0.0,None,,30,Broker / IFA,2025-12-09 15:33:27
1006,POL000001006,207,3,2,20260625,20260711,20270711,2026-06-25,2026-07-11,2027-07-11,Active,Monthly,Approved,Standard,16,1849.15,154.1,95000,0.0,0.0,0,0,0,0.0,None,,25,Broker / IFA,2026-09-10 07:22:59
1007,POL000001007,744,12,3,20240711,20240716,20250716,2024-07-11,2024-07-16,2025-07-16,Active,Monthly,Approved,Low,5,14245.09,1187.09,483000,14245.09,14245.09,1,0,0,0.0,None,,10,Broker / IFA,2025-11-07 17:10:40
1008,POL000001008,635,4,5,20230104,20230119,20240119,2023-01-04,2023-01-19,2024-01-19,Active,Monthly,Approved with Loading,Elevated,15,17197.77,1433.15,644000,17197.77,17197.77,1,0,0,0.0,None,,25,Direct,2024-03-08 10:05:32
1009,POL000001009,535,3,18,20250315,20250329,20260329,2025-03-15,2025-03-29,2026-03-29,Active,Monthly,Approved,Low,14,848.9,70.74,76000,848.9,848.9,1,0,0,0.0,None,,30,Digital,2025-05-27 15:07:51
1010,POL000001010,266,1,24,20230504,20230507,20240506,2023-05-04,2023-05-07,2024-05-06,Active,Monthly,Approved,Standard,3,522.06,43.5,267000,522.06,522.06,1,0,0,0.0,None,,5,Agency,2026-06-20 13:02:52
1011,POL000001011,718,4,10,20230502,20230513,20240512,2023-05-02,2023-05-13,2024-05-12,Active,Monthly,Approved,Standard,11,2899.29,241.61,187000,2899.29,2899.29,1,0,0,0.0,None,,20,Agency,2026-03-29 13:59:30
1012,POL000001012,265,5,22,20230831,20230902,20240901,2023-08-31,2023-09-02,2024-09-01,Active,Annual,Approved,Standard,2,1044.32,87.03,74000,1044.32,1044.32,1,0,0,0.0,None,,10,Bancassurance,2024-09-12 10:45:01
1013,POL000001013,455,8,8,20240513,20240530,20250530,2024-05-13,2024-05-30,2025-05-30,Active,Monthly,Approved,Standard,17,12858.73,1071.56,1033000,12858.73,12858.73,1,0,0,0.0,None,,10,Bancassurance,2024-10-14 11:17:08
1014,POL000001014,600,1,1,20260426,20260508,20270508,2026-04-26,2026-05-08,2027-05-08,Active,Quarterly,Approved,Low,12,555.12,46.26,474000,0.0,0.0,0,0,0,0.0,None,,10,Digital,2026-05-17 18:02:53
1015,POL000001015,603,10,1,20260531,20260613,20270613,2026-05-31,2026-06-13,2027-06-13,Active,Monthly,Approved,Standard,13,1535.34,127.94,224000,0.0,0.0,0,0,0,0.0,None,,15,Digital,2026-06-23 14:26:01
1016,POL000001016,694,5,7,20240912,20240921,20250921,2024-09-12,2024-09-21,2025-09-21,Active,Monthly,Approved,Low,9,3282.9,273.58,190000,3282.9,3282.9,1,0,0,0.0,None,,20,Bancassurance,2024-10-01 19:28:17
1017,POL000001017,228,5,15,20251006,20251026,20261026,2025-10-06,2025-10-26,2026-10-26,Active,Monthly,Approved,Standard,20,1366.49,113.87,71000,0.0,0.0,0,0,0,0.0,None,,15,Bancassurance,2025-11-10 11:36:13
1018,POL000001018,704,3,3,20250629,20250710,20260710,2025-06-29,2025-07-10,2026-07-10,Active,Quarterly,Approved,Standard,11,3192.87,266.07,192000,3192.87,3192.87,1,0,0,0.0,None,,20,Broker / IFA,2026-08-20 08:45:56
1019,POL000001019,212,9,24,20241026,20241110,20251110,2024-10-26,2024-11-10,2025-11-10,Active,Quarterly,Approved with Loading,Elevated,15,4488.65,374.05,263000,4488.65,4488.65,1,0,0,0.0,None,,10,Agency,2025-11-06 13:04:46
1020,POL000001020,460,4,10,20250117,20250124,20260124,2025-01-17,2025-01-24,2026-01-24,Active,Monthly,Approved,Low,7,4197.69,349.81,272000,4197.69,0.0,0,0,0,0.0,None,,25,Agency,2025-04-14 21:36:00
1021,POL000001021,426,6,13,20241216,20241221,20251221,2024-12-16,2024-12-21,2025-12-21,Cancelled,Annual,Approved with Loading,Elevated,5,14913.26,1242.77,341000,14913.26,0.0,0,0,0,0.0,None,,15,Broker / IFA,2024-12-28 15:22:10
1022,POL000001022,332,8,2,20250629,20250703,20260703,2025-06-29,2025-07-03,2026-07-03,Active,Quarterly,Approved,Standard,4,4819.1,401.59,435000,4819.1,4819.1,1,0,0,0.0,None,,10,Broker / IFA,2026-01-10 01:29:46
1023,POL000001023,556,9,5,20251103,20251119,20261119,2025-11-03,2025-11-19,2026-11-19,Active,Quarterly,Approved,Low,16,2653.59,221.13,395000,0.0,0.0,0,0,0,0.0,None,,5,Direct,2026-03-22 21:54:00
1024,POL000001024,644,2,18,20250717,20250720,20260720,2025-07-17,2025-07-20,2026-07-20,Active,Monthly,Approved,Low,3,841.61,70.13,495000,841.61,841.61,1,0,0,0.0,None,,5,Digital,2025-08-24 00:26:14
1025,POL000001025,480,7,6,20250917,20250920,20260920,2025-09-17,2025-09-20,2026-09-20,Active,Monthly,Approved,Standard,3,2035.87,169.66,141000,2035.87,2035.87,1,0,0,0.0,None,,15,Agency,2026-08-12 15:39:43
1026,POL000001026,618,2,2,20230125,20230208,20240208,2023-01-25,2023-02-08,2024-02-08,Active,Monthly,Approved,Standard,14,426.65,35.55,150000,426.65,426.65,1,0,0,0.0,None,,5,Broker / IFA,2024-01-20 13:54:32
1027,POL000001027,324,11,4,20251028,20251106,20261106,2025-10-28,2025-11-06,2026-11-06,Active,Annual,Approved with Loading,Elevated,9,7278.09,606.51,188000,0.0,0.0,0,0,0,0.0,None,,10,Agency,2026-08-19 22:31:08
1028,POL000001028,156,7,10,20260730,20260801,20270801,2026-07-30,2026-08-01,2027-08-01,Active,Monthly,Approved,Standard,2,3468.05,289.0,316000,0.0,0.0,0,0,0,0.0,None,,15,Agency,2026-08-21 00:53:30
1029,POL000001029,33,7,3,20240707,20240711,20250711,2024-07-07,2024-07-11,2025-07-11,Active,Half-yearly,Approved,Low,4,6465.14,538.76,668000,6465.14,6465.14,1,0,0,0.0,None,,20,Broker / IFA,2025-03-27 19:07:08
1030,POL000001030,96,2,5,20240705,20240805,20250805,2024-07-05,2024-08-05,2025-08-05,Active,Monthly,Approved,Low,31,1410.56,117.55,813000,1410.56,1410.56,1,0,0,0.0,None,,20,Direct,2024-10-29 11:30:12
1031,POL000001031,191,7,1,20250212,20250225,20260225,2025-02-12,2025-02-25,2026-02-25,Active,Monthly,Approved,Standard,13,4361.39,363.45,481000,4361.39,4361.39,1,0,0,0.0,None,,20,Digital,2026-03-10 04:49:47
1032,POL000001032,719,2,18,20250813,20250817,20260817,2025-08-13,2025-08-17,2026-08-17,Active,Annual,Approved,Standard,4,464.29,38.69,190000,464.29,464.29,1,0,0,0.0,None,,15,Digital,2025-09-01 02:26:28
1033,POL000001033,139,10,3,20260312,20260318,20270318,2026-03-12,2026-03-18,2027-03-18,Active,Half-yearly,Approved,Standard,6,1449.48,120.79,157000,0.0,0.0,0,0,0,0.0,None,,15,Broker / IFA,2026-06-28 09:44:42
1034,POL000001034,510,6,15,20240507,20240518,20250518,2024-05-07,2024-05-18,2025-05-18,Active,Monthly,Approved,Low,11,4573.2,381.1,183000,4573.2,4573.2,1,0,0,0.0,None,,18,Bancassurance,2025-08-31 18:32:31
1035,POL000001035,258,12,21,20240916,20240925,20250925,2024-09-16,2024-09-25,2025-09-25,Active,Annual,Approved,Standard,9,16575.11,1381.26,491000,16575.11,16575.11,1,0,0,0.0,None,,20,Agency,2025-09-01 01:34:20
1036,POL000001036,427,9,2,20260831,20260904,20270904,2026-08-31,2026-09-04,2027-09-04,Claimed,Annual,Approved,Standard,4,2076.68,173.06,191000,0.0,0.0,0,0,1,38414.89,Paid,2026-09-19,10,Broker / IFA,2026-09-24 12:34:31
1037,POL000001037,725,1,17,20230224,20230312,20240311,2023-02-24,2023-03-12,2024-03-11,Matured,Quarterly,Approved with Loading,Elevated,16,545.81,45.48,127000,545.81,545.81,1,0,0,0.0,None,,2,Bancassurance,2024-07-05 05:40:36
1038,POL000001038,305,6,6,20260425,20260511,20270511,2026-04-25,2026-05-11,2027-05-11,Active,Half-yearly,Approved,Low,16,1556.46,129.71,86000,0.0,0.0,0,0,0,0.0,None,,10,Agency,2026-06-05 10:20:16
1039,POL000001039,43,3,13,20260902,20260910,20270910,2026-09-02,2026-09-10,2027-09-10,Active,Quarterly,Approved,Standard,8,2118.7,176.56,126000,0.0,0.0,0,0,0,0.0,None,,25,Broker / IFA,2026-09-10 14:45:25
1040,POL000001040,250,1,1,20260213,20260223,20270223,2026-02-13,2026-02-23,2027-02-23,Lapsed,Monthly,Approved,Low,10,240.0,20.0,134000,0.0,0.0,0,1,0,0.0,None,,5,Digital,2026-09-18 13:20:16
1041,POL000001041,486,4,14,20240211,20240217,20250216,2024-02-11,2024-02-17,2025-02-16,Active,Monthly,Approved,Low,6,5397.76,449.81,453000,5397.76,5397.76,1,0,0,0.0,None,,25,Bancassurance,2025-01-08 02:28:21
1042,POL000001042,272,1,16,20230130,20230206,20240206,2023-01-30,2023-02-06,2024-02-06,Matured,Monthly,Approved with Loading,Elevated,7,1341.18,111.76,448000,1341.18,1341.18,1,0,0,0.0,None,,2,Direct,2025-02-06 22:44:31
1043,POL000001043,224,5,15,20250120,20250124,20260124,2025-01-20,2025-01-24,2026-01-24,Active,Quarterly,Approved,Low,4,6291.5,524.29,249000,6291.5,6291.5,1,0,0,0.0,None,,20,Bancassurance,2025-02-27 06:35:15
1044,POL000001044,184,5,3,20260619,20260622,20270622,2026-06-19,2026-06-22,2027-06-22,Active,Quarterly,Approved with Loading,Elevated,3,7625.99,635.5,228000,0.0,0.0,0,0,0,0.0,None,,10,Broker / IFA,2026-06-22 23:35:53
1045,POL000001045,522,1,16,20230920,20230923,20240922,2023-09-20,2023-09-23,2024-09-22,Matured,Monthly,Approved,Standard,3,240.35,20.03,154000,240.35,240.35,1,0,0,0.0,None,,2,Direct,2024-05-31 03:37:53
1046,POL000001046,115,4,5,20250221,20250226,20260226,2025-02-21,2025-02-26,2026-02-26,Active,Quarterly,Approved,Low,5,2358.35,196.53,180000,2358.35,2358.35,1,0,0,0.0,None,,30,Direct,2026-03-30 02:07:56
1047,POL000001047,406,2,18,20250611,20250617,20260617,2025-06-11,2025-06-17,2026-06-17,Cancelled,Half-yearly,Approved,Standard,6,1296.28,108.02,560000,1296.28,0.0,0,0,0,0.0,None,,10,Digital,2025-12-24 22:18:43
1048,POL000001048,176,7,6,20260321,20260323,20270323,2026-03-21,2026-03-23,2027-03-23,Active,Half-yearly,Approved,Standard,2,7347.53,612.29,625000,0.0,0.0,0,0,0,0.0,None,,25,Agency,2026-04-18 17:18:41
1049,POL000001049,629,6,11,20230712,20230725,20240724,2023-07-12,2023-07-25,2024-07-24,Active,Annual,Approved,Low,13,10698.67,891.56,410000,10698.67,10698.67,1,0,0,0.0,None,,18,Bancassurance,2024-07-28 01:23:30
1050,POL000001050,136,7,17,20240804,20240814,20250814,2024-08-04,2024-08-14,2025-08-14,Active,Annual,Approved,Standard,10,7297.46,608.12,656000,7297.46,0.0,0,0,0,0.0,None,,15,Bancassurance,2026-05-02 05:52:35
1051,POL000001051,115,9,24,20240419,20240427,20250427,2024-04-19,2024-04-27,2025-04-27,Lapsed,Monthly,Approved,Standard,8,1426.81,118.9,171000,1426.81,0.0,0,1,0,0.0,None,,10,Agency,2026-06-08 09:28:10
1052,POL000001052,82,1,1,20230701,20230714,20240713,2023-07-01,2023-07-14,2024-07-13,Active,Quarterly,Approved,Low,13,240.0,20.0,154000,240.0,240.0,1,0,0,0.0,None,,10,Digital,2026-04-27 11:46:15
1053,POL000001053,315,3,13,20260115,20260127,20270127,2026-01-15,2026-01-27,2027-01-27,Active,Monthly,Approved,Low,12,1216.86,101.4,78000,0.0,0.0,0,0,0,0.0,None,,25,Broker / IFA,2026-02-06 06:11:53
1054,POL000001054,540,1,6,20260314,20260319,20270319,2026-03-14,2026-03-19,2027-03-19,Active,Annual,Approved,Standard,5,644.54,53.71,198000,0.0,0.0,0,0,0,0.0,None,,2,Agency,2026-08-23 22:23:34
1055,POL000001055,131,8,3,20230401,20230428,20240427,2023-04-01,2023-04-28,2024-04-27,Cancelled,Monthly,Approved,Standard,27,12802.96,1066.91,750000,12802.96,0.0,0,0,0,0.0,None,,10,Broker / IFA,2026-01-18 19:43:06
1056,POL000001056,90,11,5,20250114,20250120,20260120,2025-01-14,2025-01-20,2026-01-20,Active,Monthly,Approved with Loading,Elevated,6,16965.65,1413.8,442000,16965.65,0.0,0,0,0,0.0,None,,10,Direct,2026-03-11 13:27:27
1057,POL000001057,649,4,20,20241210,20250103,20260103,2024-12-10,2025-01-03,2026-01-03,Active,Annual,Approved,Low,24,8050.51,670.88,399000,8050.51,8050.51,1,0,0,0.0,None,,25,Agency,2025-11-14 14:42:53
1058,POL000001058,650,9,3,20230608,20230616,20240615,2023-06-08,2023-06-16,2024-06-15,Lapsed,Monthly,Approved,Standard,8,719.49,59.96,92000,719.49,0.0,0,1,0,0.0,None,,15,Broker / IFA,2026-09-25 06:16:54
1059,POL000001059,483,7,10,20240526,20240621,20250621,2024-05-26,2024-06-21,2025-06-21,Active,Annual,Approved,Low,26,1113.5,92.79,102000,1113.5,1113.5,1,0,0,0.0,None,,20,Agency,2024-12-04 11:02:56
1060,POL000001060,128,5,14,20241227,20250104,20260104,2024-12-27,2025-01-04,2026-01-04,Active,Quarterly,Approved,Low,8,3276.05,273.0,149000,3276.05,3276.05,1,0,0,0.0,None,,20,Bancassurance,2026-01-31 08:45:40
1061,POL000001061,226,3,21,20250927,20251006,20261006,2025-09-27,2025-10-06,2026-10-06,Lapsed,Quarterly,Approved,Standard,9,13481.63,1123.47,739000,0.0,0.0,0,1,0,0.0,None,,25,Agency,2026-04-23 14:59:03
1062,POL000001062,649,9,19,20250526,20250609,20260609,2025-05-26,2025-06-09,2026-06-09,Active,Monthly,Approved,Standard,14,3474.91,289.58,472000,3474.91,3474.91,1,0,0,0.0,None,,10,Agency,2025-08-17 01:21:25
1063,POL000001063,75,1,13,20230603,20230609,20240608,2023-06-03,2023-06-09,2024-06-08,Lapsed,Monthly,Approved,Low,6,240.0,20.0,150000,240.0,0.0,0,1,0,0.0,None,,10,Broker / IFA,2023-09-13 01:21:29
1064,POL000001064,698,12,3,20251125,20251128,20261128,2025-11-25,2025-11-28,2026-11-28,Lapsed,Quarterly,Approved,Low,3,20894.77,1741.23,751000,0.0,0.0,0,1,0,0.0,None,,20,Broker / IFA,2026-09-09 01:48:45
1065,POL000001065,319,10,5,20231006,20231031,20241030,2023-10-06,2023-10-31,2024-10-30,Active,Monthly,Approved,Standard,25,3029.55,252.46,222000,3029.55,3029.55,1,0,0,0.0,None,,5,Direct,2024-03-12 12:44:20
1066,POL000001066,611,8,18,20230716,20230722,20240721,2023-07-16,2023-07-22,2024-07-21,Claimed,Annual,Approved,Standard,6,7713.97,642.83,722000,7713.97,7713.97,1,0,1,421543.46,Paid,2024-08-26,15,Digital,2025-12-05 22:27:08
1067,POL000001067,101,2,1,20230102,20230123,20240123,2023-01-02,2023-01-23,2024-01-23,Cancelled,Monthly,Approved,Low,21,2658.06,221.5,1047000,2658.06,0.0,0,0,0,0.0,None,,5,Digital,2023-08-30 13:44:46
1068,POL000001068,422,2,17,20260221,20260310,20270310,2026-02-21,2026-03-10,2027-03-10,Claimed,Annual,Approved,Low,17,255.38,21.28,173000,0.0,0.0,0,0,1,89461.95,Paid,2026-03-13,15,Bancassurance,2026-04-26 03:00:21
1069,POL000001069,231,9,5,20250524,20250608,20260608,2025-05-24,2025-06-08,2026-06-08,Active,Monthly,Approved,Low,15,1225.74,102.14,249000,1225.74,1225.74,1,0,0,0.0,None,,20,Direct,2025-09-06 05:15:59
1070,POL000001070,651,3,2,20260213,20260222,20270222,2026-02-13,2026-02-22,2027-02-22,Active,Half-yearly,Approved,Low,9,2876.0,239.67,401000,0.0,0.0,0,0,0,0.0,None,,30,Broker / IFA,2026-08-23 08:59:18
1071,POL000001071,513,9,17,20230727,20230729,20240728,2023-07-27,2023-07-29,2024-07-28,Active,Half-yearly,Approved,Standard,2,772.79,64.4,57000,772.79,772.79,1,0,0,0.0,None,,15,Bancassurance,2026-03-08 06:57:46
1072,POL000001072,579,5,17,20240616,20240620,20250620,2024-06-16,2024-06-20,2025-06-20,Active,Monthly,Approved,Low,4,3479.68,289.97,198000,3479.68,3479.68,1,0,0,0.0,None,,10,Bancassurance,2025-03-10 03:02:02
1073,POL000001073,672,9,5,20231006,20231013,20241012,2023-10-06,2023-10-13,2024-10-12,Active,Monthly,Approved,Standard,7,617.31,51.44,71000,617.31,617.31,1,0,0,0.0,None,,15,Direct,2026-07-28 09:12:50
1074,POL000001074,415,6,6,20230211,20230227,20240227,2023-02-11,2023-02-27,2024-02-27,Active,Monthly,Approved,Standard,16,1731.56,144.3,78000,1731.56,0.0,0,0,0,0.0,None,,18,Agency,2026-08-25 10:09:35
1075,POL000001075,504,2,5,20231115,20231122,20241121,2023-11-15,2023-11-22,2024-11-21,Active,Monthly,Approved,Low,7,970.15,80.85,342000,970.15,0.0,0,0,0,0.0,None,,20,Direct,2025-03-13 15:07:13
1076,POL000001076,637,5,4,20260826,20260901,20270901,2026-08-26,2026-09-01,2027-09-01,Active,Monthly,Approved,Standard,6,3470.55,289.21,168000,0.0,0.0,0,0,0,0.0,None,,15,Agency,2026-09-07 10:43:17
1077,POL000001077,254,2,9,20250201,20250204,20260204,2025-02-01,2025-02-04,2026-02-04,Active,Quarterly,Approved,Standard,3,1339.97,111.66,917000,1339.97,1339.97,1,0,0,0.0,None,,10,Bancassurance,2025-05-27 19:18:18
1078,POL000001078,535,7,25,20260919,20260925,20270925,2026-09-19,2026-09-25,2027-09-25,Active,Monthly,Approved with Loading,Elevated,6,13961.03,1163.42,775000,0.0,0.0,0,0,0,0.0,None,,10,Agency,2026-09-25 05:19:27
1079,POL000001079,537,4,4,20231127,20231201,20241130,2023-11-27,2023-12-01,2024-11-30,Lapsed,Monthly,Approved,Low,4,4791.57,399.3,240000,4791.57,0.0,0,1,0,0.0,None,,30,Agency,2024-07-12 17:00:30
1080,POL000001080,609,11,16,20251001,20251004,20261004,2025-10-01,2025-10-04,2026-10-04,Active,Monthly,Approved,Standard,3,5863.53,488.63,244000,0.0,0.0,0,0,0,0.0,None,,10,Direct,2026-05-07 01:36:23
1081,POL000001081,479,11,3,20231118,20231128,20241127,2023-11-18,2023-11-28,2024-11-27,Active,Quarterly,Approved with Loading,Elevated,10,37074.49,3089.54,993000,37074.49,37074.49,1,0,0,0.0,None,,20,Broker / IFA,2026-03-07 02:17:02
1082,POL000001082,158,12,11,20240325,20240401,20250401,2024-03-25,2024-04-01,2025-04-01,Active,Monthly,Approved,Standard,7,3721.63,310.14,150000,3721.63,3721.63,1,0,0,0.0,None,,10,Bancassurance,2026-03-03 02:10:28
1083,POL000001083,12,3,4,20260419,20260425,20270425,2026-04-19,2026-04-25,2027-04-25,Active,Monthly,Approved,Low,6,7811.04,650.92,500000,0.0,0.0,0,0,0,0.0,None,,30,Agency,2026-05-24 20:45:20
1084,POL000001084,185,3,13,20250728,20250808,20260808,2025-07-28,2025-08-08,2026-08-08,Active,Monthly,Approved,Standard,11,4049.93,337.49,278000,4049.93,4049.93,1,0,0,0.0,None,,20,Broker / IFA,2026-05-03 17:18:37
1085,POL000001085,12,11,10,20250310,20250319,20260319,2025-03-10,2025-03-19,2026-03-19,Active,Quarterly,Approved,Standard,9,14304.72,1192.06,612000,14304.72,14304.72,1,0,0,0.0,None,,15,Agency,2025-07-18 22:06:00
1086,POL000001086,380,7,21,20230329,20230411,20240410,2023-03-29,2023-04-11,2024-04-10,Active,Monthly,Approved,Standard,13,1627.49,135.62,122000,1627.49,1627.49,1,0,0,0.0,None,,20,Agency,2023-08-06 23:47:07
1087,POL000001087,671,9,20,20250517,20250531,20260531,2025-05-17,2025-05-31,2026-05-31,Cancelled,Monthly,Approved,Low,14,1051.26,87.6,107000,1051.26,0.0,0,0,0,0.0,None,,15,Agency,2025-06-09 01:05:07
1088,POL000001088,651,5,21,20260714,20260727,20270727,2026-07-14,2026-07-27,2027-07-27,Active,Annual,Approved,Low,13,949.45,79.12,74000,0.0,0.0,0,0,0,0.0,None,,15,Agency,2026-08-10 17:41:28
1089,POL000001089,643,1,18,20241009,20241012,20251012,2024-10-09,2024-10-12,2025-10-12,Active,Monthly,Approved with Loading,Elevated,3,2527.45,210.62,738000,2527.45,2527.45,1,0,0,0.0,None,,10,Digital,2026-05-20 05:53:27
1090,POL000001090,107,6,9,20260606,20260611,20270611,2026-06-06,2026-06-11,2027-06-11,Active,Annual,Approved,Standard,5,6034.31,502.86,349000,0.0,0.0,0,0,0,0.0,None,,18,Bancassurance,2026-08-01 10:29:55
1091,POL000001091,448,9,16,20240625,20240703,20250703,2024-06-25,2024-07-03,2025-07-03,Active,Monthly,Approved with Loading,Elevated,8,1780.71,148.39,109000,1780.71,1780.71,1,0,0,0.0,None,,10,Direct,2024-08-13 07:34:29
1092,POL000001092,147,9,23,20250808,20250815,20260815,2025-08-08,2025-08-15,2026-08-15,Active,Monthly,Approved,Low,7,1874.78,156.23,209000,1874.78,1874.78,1,0,0,0.0,None,,5,Bancassurance,2026-09-08 14:09:22
1093,POL000001093,466,7,17,20251208,20251217,20261217,2025-12-08,2025-12-17,2026-12-17,Active,Monthly,Approved,Standard,9,4485.1,373.76,249000,0.0,0.0,0,0,0,0.0,None,,10,Bancassurance,2025-12-21 02:53:37
1094,POL000001094,76,5,7,20251126,20251207,20261207,2025-11-26,2025-12-07,2026-12-07,Active,Monthly,Approved,Low,11,1898.5,158.21,93000,0.0,0.0,0,0,0,0.0,None,,15,Bancassurance,2026-06-04 00:23:26
1095,POL000001095,433,11,21,20240508,20240519,20250519,2024-05-08,2024-05-19,2025-05-19,Active,Annual,Approved,Standard,11,6658.21,554.85,306000,6658.21,6658.21,1,0,0,0.0,None,,10,Agency,2025-02-09 08:47:45
1096,POL000001096,259,8,25,20230118,20230209,20240209,2023-01-18,2023-02-09,2024-02-09,Active,Annual,Approved with Loading,Elevated,22,10072.23,839.35,711000,10072.23,0.0,0,0,0,0.0,None,,20,Agency,2023-05-28 22:54:18
1097,POL000001097,130,11,5,20251020,20251025,20261025,2025-10-20,2025-10-25,2026-10-25,Active,Monthly,Approved,Standard,5,3458.04,288.17,149000,0.0,0.0,0,0,0,0.0,None,,20,Direct,2026-07-24 10:40:46
1098,POL000001098,170,2,20,20251120,20251125,20261125,2025-11-20,2025-11-25,2026-11-25,Active,Quarterly,Approved,Low,5,446.56,37.21,207000,0.0,0.0,0,0,0,0.0,None,,10,Agency,2026-08-19 02:22:05
1099,POL000001099,51,1,7,20260224,20260304,20270304,2026-02-24,2026-03-04,2027-03-04,Active,Half-yearly,Approved,Low,8,240.0,20.0,107000,0.0,0.0,0,0,0,0.0,None,,20,Bancassurance,2026-07-06 13:41:02
1100,POL000001100,129,6,7,20240731,20240810,20250810,2024-07-31,2024-08-10,2025-08-10,Active,Annual,Approved,Standard,10,3473.05,289.42,125000,3473.05,3473.05,1,0,0,0.0,None,,18,Bancassurance,2026-01-12 17:04:11
1101,POL000001101,736,7,19,20250602,20250605,20260605,2025-06-02,2025-06-05,2026-06-05,Active,Monthly,Approved,Standard,3,1090.6,90.88,115000,1090.6,1090.6,1,0,0,0.0,None,,15,Agency,2026-05-21 11:16:43
1102,POL000001102,112,10,5,20240325,20240327,20250327,2024-03-25,2024-03-27,2025-03-27,Active,Annual,Approved,Standard,2,1325.8,110.48,152000,1325.8,1325.8,1,0,0,0.0,None,,5,Direct,2025-05-04 09:10:05
1103,POL000001103,71,7,1,20260817,20260823,20270823,2026-08-17,2026-08-23,2027-08-23,Active,Annual,Approved with Loading,Elevated,6,5555.2,462.93,372000,0.0,0.0,0,0,0,0.0,None,,15,Digital,2026-09-07 03:35:54
1104,POL000001104,246,11,9,20260416,20260424,20270424,2026-04-16,2026-04-24,2027-04-24,Active,Annual,Approved,Standard,8,13429.04,1119.09,363000,0.0,0.0,0,0,0,0.0,None,,10,Bancassurance,2026-07-01 10:45:57
1105,POL000001105,242,3,5,20230213,20230301,20240229,2023-02-13,2023-03-01,2024-02-29,Active,Annual,Approved,Standard,16,5831.39,485.95,363000,5831.39,5831.39,1,0,0,0.0,None,,25,Direct,2023-08-04 15:11:34
1106,POL000001106,203,7,9,20230829,20230904,20240903,2023-08-29,2023-09-04,2024-09-03,Active,Monthly,Approved,Low,6,1693.14,141.1,126000,1693.14,1693.14,1,0,0,0.0,None,,20,Bancassurance,2026-01-30 07:01:31
1107,POL000001107,113,2,18,20260120,20260126,20270126,2026-01-20,2026-01-26,2027-01-26,Active,Monthly,Approved,Low,6,918.4,76.53,576000,0.0,0.0,0,0,0,0.0,None,,15,Digital,2026-01-28 13:00:49
1108,POL000001108,52,8,6,20260424,20260428,20270428,2026-04-24,2026-04-28,2027-04-28,Active,Monthly,Approved,Standard,4,16614.84,1384.57,1129000,0.0,0.0,0,0,0,0.0,None,,10,Agency,2026-07-18 00:53:00
1109,POL000001109,749,9,16,20240615,20240617,20250617,2024-06-15,2024-06-17,2025-06-17,Active,Monthly,Approved,Low,2,2249.47,187.46,422000,2249.47,2249.47,1,0,0,0.0,None,,5,Direct,2024-06-19 07:07:07
1110,POL000001110,298,2,18,20241115,20241201,20251201,2024-11-15,2024-12-01,2025-12-01,Active,Monthly,Approved,Standard,16,506.75,42.23,181000,506.75,506.75,1,0,0,0.0,None,,15,Digital,2025-07-02 14:47:13
1111,POL000001111,441,8,19,20240816,20240826,20250826,2024-08-16,2024-08-26,2025-08-26,Active,Monthly,Approved,Standard,10,6390.16,532.51,552000,6390.16,6390.16,1,0,0,0.0,None,,20,Agency,2025-07-19 09:17:35
1112,POL000001112,160,5,16,20250604,20250615,20260615,2025-06-04,2025-06-15,2026-06-15,Active,Monthly,Approved,Low,11,7646.93,637.24,341000,7646.93,0.0,0,0,0,0.0,None,,20,Direct,2026-05-20 20:20:39
1113,POL000001113,528,4,23,20250917,20250926,20260926,2025-09-17,2025-09-26,2026-09-26,Active,Annual,Approved with Loading,Elevated,9,5582.18,465.18,231000,0.0,0.0,0,0,0,0.0,None,,20,Bancassurance,2025-10-11 11:03:23
1114,POL000001114,54,4,21,20260204,20260301,20270301,2026-02-04,2026-03-01,2027-03-01,Active,Monthly,Approved,Standard,25,3552.97,296.08,262000,0.0,0.0,0,0,0,0.0,None,,30,Agency,2026-08-07 21:17:54
1115,POL000001115,688,3,13,20260707,20260718,20270718,2026-07-07,2026-07-18,2027-07-18,Active,Monthly,Approved,Standard,11,4101.3,341.78,262000,0.0,0.0,0,0,0,0.0,None,,30,Broker / IFA,2026-08-04 20:38:22
1116,POL000001116,154,1,4,20250130,20250217,20260217,2025-01-30,2025-02-17,2026-02-17,Active,Monthly,Approved,Standard,18,294.71,24.56,107000,294.71,294.71,1,0,0,0.0,None,,20,Agency,2026-06-07 23:07:57
1117,POL000001117,748,4,21,20251223,20260102,20270102,2025-12-23,2026-01-02,2027-01-02,Active,Quarterly,Approved,Standard,10,2050.58,170.88,106000,0.0,0.0,0,0,0,0.0,None,,25,Agency,2026-03-26 07:35:55
1118,POL000001118,662,11,12,20240120,20240122,20250121,2024-01-20,2024-01-22,2025-01-21,Lapsed,Monthly,Approved,Standard,2,13411.18,1117.6,725000,13411.18,0.0,0,1,0,0.0,None,,15,Agency,2025-01-11 20:08:38
1119,POL000001119,330,1,13,20230110,20230122,20240122,2023-01-10,2023-01-22,2024-01-22,Matured,Monthly,Approved,Standard,12,440.93,36.74,222000,440.93,440.93,1,0,0,0.0,None,,2,Broker / IFA,2024-04-25 20:07:42
1120,POL000001120,439,7,5,20250313,20250326,20260326,2025-03-13,2025-03-26,2026-03-26,Active,Half-yearly,Approved,Standard,13,3261.82,271.82,329000,3261.82,3261.82,1,0,0,0.0,None,,15,Direct,2025-12-30 15:10:06
1121,POL000001121,152,12,21,20231005,20231009,20241008,2023-10-05,2023-10-09,2024-10-08,Active,Annual,Approved,Standard,4,4986.59,415.55,181000,4986.59,4986.59,1,0,0,0.0,None,,15,Agency,2026-06-12 18:05:41
1122,POL000001122,102,1,6,20250404,20250411,20260411,2025-04-04,2025-04-11,2026-04-11,Active,Quarterly,Approved,Standard,7,248.85,20.74,104000,248.85,248.85,1,0,0,0.0,None,,10,Agency,2025-12-17 03:33:44
1123,POL000001123,63,9,23,20240903,20240918,20250918,2024-09-03,2024-09-18,2025-09-18,Lapsed,Half-yearly,Approved,Standard,15,504.15,42.01,54000,504.15,0.0,0,1,0,0.0,None,,5,Bancassurance,2026-03-27 17:53:53
1124,POL000001124,261,1,2,20250210,20250218,20260218,2025-02-10,2025-02-18,2026-02-18,Active,Monthly,Approved,Standard,8,256.85,21.4,125000,256.85,256.85,1,0,0,0.0,None,,20,Broker / IFA,2025-04-20 01:04:21
1125,POL000001125,181,2,16,20240804,20240811,20250811,2024-08-04,2024-08-11,2025-08-11,Active,Annual,Approved,Low,7,516.93,43.08,171000,516.93,516.93,1,0,0,0.0,None,,15,Direct,2025-08-08 18:27:00
1126,POL000001126,131,3,22,20240527,20240613,20250613,2024-05-27,2024-06-13,2025-06-13,Active,Monthly,Approved,Low,17,8076.2,673.02,420000,8076.2,8076.2,1,0,0,0.0,None,,30,Bancassurance,2024-12-31 06:21:30
1127,POL000001127,636,6,7,20231224,20240115,20250114,2023-12-24,2024-01-15,2025-01-14,Claimed,Half-yearly,Approved,Standard,22,2278.27,189.86,80000,2278.27,2278.27,1,0,1,18355.4,Paid,2026-06-06,15,Bancassurance,2025-06-21 00:12:17
1128,POL000001128,390,2,17,20240726,20240804,20250804,2024-07-26,2024-08-04,2025-08-04,Active,Monthly,Approved,Standard,9,1741.27,145.11,773000,1741.27,1741.27,1,0,0,0.0,None,,20,Bancassurance,2026-02-05 10:08:03
1129,POL000001129,695,9,6,20240716,20240728,20250728,2024-07-16,2024-07-28,2025-07-28,Active,Monthly,Approved,Standard,12,3443.5,286.96,477000,3443.5,3443.5,1,0,0,0.0,None,,10,Agency,2026-07-20 07:58:39
1130,POL000001130,303,3,12,20230218,20230227,20240227,2023-02-18,2023-02-27,2024-02-27,Active,Annual,Approved,Standard,9,3946.92,328.91,285000,3946.92,3946.92,1,0,0,0.0,None,,30,Agency,2026-09-11 10:10:22
1131,POL000001131,88,12,8,20250818,20250823,20260823,2025-08-18,2025-08-23,2026-08-23,Active,Monthly,Approved,Standard,5,6914.07,576.17,229000,6914.07,6914.07,1,0,0,0.0,None,,15,Bancassurance,2025-11-26 20:10:50
1132,POL000001132,605,3,9,20250502,20250514,20260514,2025-05-02,2025-05-14,2026-05-14,Active,Monthly,Approved,Standard,12,1677.46,139.79,107000,1677.46,0.0,0,0,0,0.0,None,,30,Bancassurance,2025-12-07 18:08:34
1133,POL000001133,299,9,18,20230224,20230228,20240228,2023-02-24,2023-02-28,2024-02-28,Active,Monthly,Approved,Low,4,471.09,39.26,56000,471.09,471.09,1,0,0,0.0,None,,5,Digital,2024-11-12 06:25:45
1134,POL000001134,259,7,20,20250603,20250616,20260616,2025-06-03,2025-06-16,2026-06-16,Active,Quarterly,Approved,Standard,13,1488.2,124.02,151000,1488.2,1488.2,1,0,0,0.0,None,,15,Agency,2025-07-25 02:42:45
1135,POL000001135,16,2,19,20240525,20240608,20250608,2024-05-25,2024-06-08,2025-06-08,Active,Monthly,Approved,Low,14,3247.58,270.63,711000,3247.58,3247.58,1,0,0,0.0,None,,10,Agency,2025-05-01 03:09:07
1136,POL000001136,479,1,19,20250415,20250424,20260424,2025-04-15,2025-04-24,2026-04-24,Matured,Monthly,Approved,Standard,9,1331.65,110.97,426000,1331.65,1331.65,1,0,0,0.0,None,,1,Agency,2025-10-07 15:19:03
1137,POL000001137,233,7,2,20231224,20240102,20250101,2023-12-24,2024-01-02,2025-01-01,Active,Monthly,Approved,Standard,9,2273.41,189.45,200000,2273.41,2273.41,1,0,0,0.0,None,,10,Broker / IFA,2026-07-26 19:53:05
1138,POL000001138,276,1,16,20260601,20260606,20270606,2026-06-01,2026-06-06,2027-06-06,Lapsed,Quarterly,Approved with Loading,Elevated,5,754.05,62.84,240000,0.0,0.0,0,1,0,0.0,None,,2,Direct,2026-08-10 00:14:03
1139,POL000001139,299,12,6,20231031,20231104,20241103,2023-10-31,2023-11-04,2024-11-03,Active,Annual,Approved,Standard,4,11356.27,946.36,372000,11356.27,11356.27,1,0,0,0.0,None,,15,Agency,2025-11-09 04:02:29
1140,POL000001140,190,7,22,20231229,20240103,20250102,2023-12-29,2024-01-03,2025-01-02,Active,Half-yearly,Approved with Loading,Elevated,5,6107.44,508.95,542000,6107.44,6107.44,1,0,0,0.0,None,,15,Bancassurance,2026-09-25 02:00:56
1141,POL000001141,715,9,18,20251218,20251220,20261220,2025-12-18,2025-12-20,2026-12-20,Claimed,Annual,Approved,Low,2,1545.23,128.77,181000,0.0,0.0,0,0,1,105413.06,Paid,2026-08-12,20,Digital,2026-04-28 19:49:10
1142,POL000001142,689,2,8,20230422,20230428,20240427,2023-04-22,2023-04-28,2024-04-27,Active,Monthly,Approved,Standard,6,3323.07,276.92,825000,3323.07,3323.07,1,0,0,0.0,None,,10,Bancassurance,2025-02-12 14:42:27
1143,POL000001143,36,1,21,20260116,20260128,20270128,2026-01-16,2026-01-28,2027-01-28,Lapsed,Annual,Approved,Low,12,240.0,20.0,103000,0.0,0.0,0,1,0,0.0,None,,1,Agency,2026-08-24 14:00:41
1144,POL000001144,247,12,25,20240315,20240317,20250317,2024-03-15,2024-03-17,2025-03-17,Active,Annual,Approved,Standard,2,7719.83,643.32,399000,7719.83,7719.83,1,0,0,0.0,None,,20,Agency,2025-03-31 21:19:44
1145,POL000001145,294,6,4,20230704,20230708,20240707,2023-07-04,2023-07-08,2024-07-07,Claimed,Quarterly,Approved,Low,4,7863.37,655.28,414000,7863.37,0.0,0,0,1,100967.84,Paid,2025-06-02,18,Agency,2024-01-24 13:46:37
1146,POL000001146,652,12,25,20260824,20260917,20270917,2026-08-24,2026-09-17,2027-09-17,Active,Annual,Approved,Standard,24,9553.68,796.14,587000,0.0,0.0,0,0,0,0.0,None,,20,Agency,2026-09-20 00:23:05
1147,POL000001147,475,3,10,20260622,20260626,20270626,2026-06-22,2026-06-26,2027-06-26,Active,Annual,Approved,Low,4,10579.35,881.61,548000,0.0,0.0,0,0,0,0.0,None,,20,Agency,2026-07-12 12:40:36
1148,POL000001148,151,3,14,20250915,20250929,20260929,2025-09-15,2025-09-29,2026-09-29,Active,Monthly,Approved,Standard,14,7768.33,647.36,587000,0.0,0.0,0,0,0,0.0,None,,30,Bancassurance,2025-11-30 04:45:19
1149,POL000001149,549,2,5,20241129,20241206,20251206,2024-11-29,2024-12-06,2025-12-06,Active,Quarterly,Approved,Standard,7,1091.77,90.98,327000,1091.77,0.0,0,0,0,0.0,None,,15,Direct,2026-04-22 09:20:05
1150,POL000001150,46,1,5,20230517,20230527,20240526,2023-05-17,2023-05-27,2024-05-26,Lapsed,Monthly,Approved,Standard,10,3040.91,253.41,1047000,3040.91,0.0,0,1,0,0.0,None,,5,Direct,2026-04-07 15:20:45
1151,POL000001151,29,1,3,20231122,20231126,20241125,2023-11-22,2023-11-26,2024-11-25,Active,Annual,Approved,Standard,4,741.62,61.8,389000,741.62,741.62,1,0,0,0.0,None,,10,Broker / IFA,2026-09-07 20:53:51
1152,POL000001152,98,9,16,20250320,20250331,20260331,2025-03-20,2025-03-31,2026-03-31,Active,Annual,Approved,Low,11,1700.76,141.73,192000,1700.76,1700.76,1,0,0,0.0,None,,20,Direct,2025-10-20 18:47:52
1153,POL000001153,233,2,19,20231202,20231204,20241203,2023-12-02,2023-12-04,2024-12-03,Active,Monthly,Approved,Low,2,853.47,71.12,336000,853.47,853.47,1,0,0,0.0,None,,15,Agency,2024-09-21 01:49:20
1154,POL000001154,424,2,16,20230304,20230322,20240321,2023-03-04,2023-03-22,2024-03-21,Active,Annual,Approved,Low,18,1610.83,134.24,969000,1610.83,1610.83,1,0,0,0.0,None,,5,Direct,2023-05-13 08:18:35
1155,POL000001155,602,12,9,20231210,20231227,20241226,2023-12-10,2023-12-27,2024-12-26,Active,Monthly,Approved,Low,17,17392.15,1449.35,1090000,17392.15,17392.15,1,0,0,0.0,None,,15,Bancassurance,2024-12-17 12:54:32
1156,POL000001156,121,1,18,20260211,20260228,20270228,2026-02-11,2026-02-28,2027-02-28,Active,Monthly,Approved,Low,17,240.0,20.0,137000,0.0,0.0,0,0,0,0.0,None,,10,Digital,2026-05-25 13:41:59
1157,POL000001157,275,4,12,20250916,20250923,20260923,2025-09-16,2025-09-23,2026-09-23,Active,Quarterly,Approved with Loading,Elevated,7,23253.97,1937.83,662000,23253.97,23253.97,1,0,0,0.0,None,,30,Agency,2025-11-23 11:43:01
1158,POL000001158,390,1,18,20241219,20241228,20251228,2024-12-19,2024-12-28,2025-12-28,Active,Monthly,Approved,Standard,9,407.48,33.96,131000,407.48,0.0,0,0,0,0.0,None,,5,Digital,2025-01-10 01:06:35
1159,POL000001159,392,6,13,20230508,20230512,20240511,2023-05-08,2023-05-12,2024-05-11,Active,Annual,Approved,Standard,4,3116.8,259.73,129000,3116.8,3116.8,1,0,0,0.0,None,,10,Broker / IFA,2024-03-21 17:01:17
1160,POL000001160,86,2,24,20241208,20241220,20251220,2024-12-08,2024-12-20,2025-12-20,Active,Monthly,Approved,Standard,12,2554.11,212.84,1083000,2554.11,2554.11,1,0,0,0.0,None,,15,Agency,2025-07-24 01:09:21
1161,POL000001161,343,4,16,20251006,20251019,20261019,2025-10-06,2025-10-19,2026-10-19,Active,Monthly,Approved,Low,13,6634.2,552.85,528000,0.0,0.0,0,0,0,0.0,None,,30,Direct,2025-12-29 08:39:46
1162,POL000001162,660,5,1,20260102,20260105,20270105,2026-01-02,2026-01-05,2027-01-05,Active,Monthly,Approved,Standard,3,7375.92,614.66,349000,0.0,0.0,0,0,0,0.0,None,,15,Digital,2026-03-21 05:52:42
1163,POL000001163,406,10,1,20240107,20240112,20250111,2024-01-07,2024-01-12,2025-01-11,Active,Annual,Approved,Standard,5,1263.44,105.29,111000,1263.44,1263.44,1,0,0,0.0,None,,10,Digital,2024-08-02 20:40:11
1164,POL000001164,289,2,17,20250112,20250116,20260116,2025-01-12,2025-01-16,2026-01-16,Active,Monthly,Approved,Standard,4,2773.11,231.09,762000,2773.11,2773.11,1,0,0,0.0,None,,5,Bancassurance,2025-01-19 12:34:15
1165,POL000001165,44,3,1,20230630,20230714,20240713,2023-06-30,2023-07-14,2024-07-13,Active,Monthly,Approved,Low,14,2861.83,238.49,322000,2861.83,2861.83,1,0,0,0.0,None,,20,Digital,2025-03-29 14:39:32
1166,POL000001166,115,9,1,20250417,20250429,20260429,2025-04-17,2025-04-29,2026-04-29,Claimed,Monthly,Approved with Loading,Elevated,12,444.74,37.06,86000,444.74,444.74,1,0,1,69810.98,Paid,2026-08-09,5,Digital,2026-03-19 21:01:03
1167,POL000001167,226,2,18,20260320,20260402,20270402,2026-03-20,2026-04-02,2027-04-02,Active,Quarterly,Approved,Low,13,347.79,28.98,370000,0.0,0.0,0,0,0,0.0,None,,20,Digital,2026-08-21 15:25:29
1168,POL000001168,262,7,18,20241007,20241014,20251014,2024-10-07,2024-10-14,2025-10-14,Lapsed,Annual,Approved,Standard,7,1426.47,118.87,187000,1426.47,0.0,0,1,0,0.0,None,,25,Digital,2025-10-19 14:26:13
1169,POL000001169,310,3,10,20230328,20230401,20240331,2023-03-28,2023-04-01,2024-03-31,Active,Annual,Approved,Standard,4,9209.0,767.42,694000,9209.0,9209.0,1,0,0,0.0,None,,25,Agency,2026-07-18 02:29:27
1170,POL000001170,89,10,20,20230902,20230909,20240908,2023-09-02,2023-09-09,2024-09-08,Active,Annual,Approved,Standard,7,1022.32,85.19,81000,1022.32,1022.32,1,0,0,0.0,None,,10,Agency,2025-12-06 20:54:39
1171,POL000001171,605,5,16,20251106,20251108,20261108,2025-11-06,2025-11-08,2026-11-08,Active,Monthly,Approved with Loading,Elevated,2,9270.68,772.56,205000,0.0,0.0,0,0,0,0.0,None,,15,Direct,2026-03-26 13:29:54
1172,POL000001172,641,7,25,20240711,20240714,20250714,2024-07-11,2024-07-14,2025-07-14,Lapsed,Monthly,Approved with Loading,Elevated,3,8899.73,741.64,435000,8899.73,0.0,0,1,0,0.0,None,,25,Agency,2026-08-19 17:48:54
1173,POL000001173,320,1,1,20230910,20230924,20240923,2023-09-10,2023-09-24,2024-09-23,Matured,Half-yearly,Approved,Standard,14,1325.38,110.45,763000,1325.38,1325.38,1,0,0,0.0,None,,2,Digital,2024-07-11 10:56:36
1174,POL000001174,627,1,17,20260331,20260411,20270411,2026-03-31,2026-04-11,2027-04-11,Claimed,Monthly,Approved,Standard,11,3019.7,251.64,1212000,0.0,0.0,0,0,1,173148.67,Paid,2026-05-16,2,Bancassurance,2026-05-08 16:20:15
1175,POL000001175,600,2,13,20251216,20251223,20261223,2025-12-16,2025-12-23,2026-12-23,Active,Half-yearly,Approved,Standard,7,721.87,60.16,253000,0.0,0.0,0,0,0,0.0,None,,15,Broker / IFA,2026-05-13 13:55:05
1176,POL000001176,153,10,12,20250130,20250205,20260205,2025-01-30,2025-02-05,2026-02-05,Active,Monthly,Approved,Low,6,2725.34,227.11,300000,2725.34,2725.34,1,0,0,0.0,None,,15,Agency,2025-03-08 04:38:35
1177,POL000001177,234,9,20,20260722,20260806,20270806,2026-07-22,2026-08-06,2027-08-06,Active,Annual,Approved,Standard,15,3313.3,276.11,446000,0.0,0.0,0,0,0,0.0,None,,15,Agency,2026-09-25 05:46:13
1178,POL000001178,550,6,14,20251204,20251221,20261221,2025-12-04,2025-12-21,2026-12-21,Active,Monthly,Approved,Low,17,7911.18,659.26,440000,0.0,0.0,0,0,0,0.0,None,,15,Bancassurance,2026-09-02 06:40:04
1179,POL000001179,502,1,10,20260624,20260628,20270628,2026-06-24,2026-06-28,2027-06-28,Active,Monthly,Approved,Standard,4,540.94,45.08,279000,0.0,0.0,0,0,0,0.0,None,,20,Agency,2026-08-09 10:48:47
1180,POL000001180,38,1,24,20260523,20260530,20270530,2026-05-23,2026-05-30,2027-05-30,Active,Monthly,Approved,Low,7,1821.38,151.78,890000,0.0,0.0,0,0,0,0.0,None,,10,Agency,2026-07-24 10:20:39
1181,POL000001181,682,4,5,20250717,20250719,20260719,2025-07-17,2025-07-19,2026-07-19,Cancelled,Monthly,Approved,Low,2,1595.18,132.93,172000,1595.18,0.0,0,0,0,0.0,None,,20,Direct,2026-08-31 10:35:51
1182,POL000001182,196,11,7,20230624,20230628,20240627,2023-06-24,2023-06-28,2024-06-27,Lapsed,Quarterly,Approved with Loading,Elevated,4,4683.42,390.28,213000,4683.42,0.0,0,1,0,0.0,None,,15,Bancassurance,2026-07-31 04:17:24
1183,POL000001183,415,10,23,20230113,20230118,20240118,2023-01-13,2023-01-18,2024-01-18,Active,Annual,Approved,Standard,5,768.87,64.07,112000,768.87,768.87,1,0,0,0.0,None,,5,Bancassurance,2026-03-01 12:33:28
1184,POL000001184,606,6,17,20250625,20250703,20260703,2025-06-25,2025-07-03,2026-07-03,Active,Monthly,Approved,Standard,8,1479.96,123.33,62000,1479.96,1479.96,1,0,0,0.0,None,,10,Bancassurance,2026-06-15 00:48:55
1185,POL000001185,405,12,8,20250426,20250504,20260504,2025-04-26,2025-05-04,2026-05-04,Active,Monthly,Approved with Loading,Elevated,8,5264.6,438.72,162000,5264.6,5264.6,1,0,0,0.0,None,,10,Bancassurance,2026-01-09 09:46:29
1186,POL000001186,152,7,4,20241218,20250101,20260101,2024-12-18,2025-01-01,2026-01-01,Active,Quarterly,Approved,Standard,14,9199.86,766.66,535000,9199.86,9199.86,1,0,0,0.0,None,,15,Agency,2025-02-16 03:10:50
1187,POL000001187,708,12,1,20230228,20230310,20240309,2023-02-28,2023-03-10,2024-03-09,Active,Quarterly,Approved,Standard,10,25086.15,2090.51,957000,25086.15,0.0,0,0,0,0.0,None,,15,Digital,2023-03-15 13:27:00
1188,POL000001188,8,8,25,20240511,20240516,20250516,2024-05-11,2024-05-16,2025-05-16,Active,Monthly,Approved,Standard,5,2619.06,218.26,181000,2619.06,0.0,0,0,0,0.0,None,,20,Agency,2026-08-12 23:53:25
1189,POL000001189,553,4,18,20250709,20250721,20260721,2025-07-09,2025-07-21,2026-07-21,Lapsed,Monthly,Approved,Low,12,7505.43,625.45,457000,7505.43,0.0,0,1,0,0.0,None,,30,Digital,2026-07-02 15:45:34
1190,POL000001190,46,12,1,20251002,20251004,20261004,2025-10-02,2025-10-04,2026-10-04,Active,Monthly,Approved,Standard,2,24678.43,2056.54,1069000,0.0,0.0,0,0,0,0.0,None,,20,Digital,2026-04-09 19:02:34
1191,POL000001191,665,9,20,20251203,20251219,20261219,2025-12-03,2025-12-19,2026-12-19,Active,Monthly,Approved,Standard,16,1859.34,154.94,215000,0.0,0.0,0,0,0,0.0,None,,5,Agency,2026-09-16 11:38:34
1192,POL000001192,600,8,18,20230303,20230314,20240313,2023-03-03,2023-03-14,2024-03-13,Active,Monthly,Approved,Standard,11,2698.51,224.88,296000,2698.51,2698.51,1,0,0,0.0,None,,20,Digital,2024-10-06 18:59:47
1193,POL000001193,545,3,3,20230629,20230704,20240703,2023-06-29,2023-07-04,2024-07-03,Active,Monthly,Approved,Low,5,2883.21,240.27,267000,2883.21,2883.21,1,0,0,0.0,None,,20,Broker / IFA,2024-07-24 19:15:37
1194,POL000001194,256,5,5,20241204,20241212,20251212,2024-12-04,2024-12-12,2025-12-12,Active,Monthly,Approved with Loading,Elevated,8,3813.53,317.79,147000,3813.53,3813.53,1,0,0,0.0,None,,15,Direct,2025-08-20 01:33:39
1195,POL000001195,541,2,11,20231126,20231202,20241201,2023-11-26,2023-12-02,2024-12-01,Active,Monthly,Approved,Standard,6,883.99,73.67,321000,883.99,883.99,1,0,0,0.0,None,,10,Bancassurance,2026-07-30 17:17:17
1196,POL000001196,689,8,13,20260423,20260428,20270428,2026-04-23,2026-04-28,2027-04-28,Active,Monthly,Approved,Standard,5,4223.2,351.93,256000,0.0,0.0,0,0,0,0.0,None,,20,Broker / IFA,2026-06-06 18:42:25
1197,POL000001197,251,11,3,20260502,20260516,20270516,2026-05-02,2026-05-16,2027-05-16,Active,Quarterly,Approved,Standard,14,7027.41,585.62,393000,0.0,0.0,0,0,0,0.0,None,,15,Broker / IFA,2026-08-12 23:39:00
1198,POL000001198,51,1,24,20250112,20250116,20260116,2025-01-12,2025-01-16,2026-01-16,Matured,Monthly,Approved,Low,4,379.3,31.61,210000,379.3,379.3,1,0,0,0.0,None,,1,Agency,2026-07-09 13:55:34
1199,POL000001199,672,5,9,20260815,20260903,20270903,2026-08-15,2026-09-03,2027-09-03,Active,Monthly,Approved with Loading,Elevated,19,6600.25,550.02,160000,0.0,0.0,0,0,0,0.0,None,,10,Bancassurance,2026-09-10 02:36:38
1200,POL000001200,288,12,2,20250801,20250806,20260806,2025-08-01,2025-08-06,2026-08-06,Active,Quarterly,Approved,Standard,5,10044.11,837.01,364000,10044.11,10044.11,1,0,0,0.0,None,,20,Broker / IFA,2026-08-30 01:36:34
1201,POL000001201,718,7,22,20250814,20250820,20260820,2025-08-14,2025-08-20,2026-08-20,Active,Monthly,Approved,Standard,6,1070.09,89.17,101000,1070.09,1070.09,1,0,0,0.0,None,,15,Bancassurance,2025-11-24 02:06:49
1202,POL000001202,707,2,2,20260424,20260501,20270501,2026-04-24,2026-05-01,2027-05-01,Active,Quarterly,Approved,Low,7,1539.58,128.3,826000,0.0,0.0,0,0,0,0.0,None,,10,Broker / IFA,2026-08-05 22:08:04
1203,POL000001203,625,2,18,20250624,20250703,20260703,2025-06-24,2025-07-03,2026-07-03,Active,Annual,Approved,Low,9,812.7,67.73,401000,812.7,812.7,1,0,0,0.0,None,,10,Digital,2025-07-09 19:51:04
1204,POL000001204,682,5,9,20241105,20241111,20251111,2024-11-05,2024-11-11,2025-11-11,Claimed,Annual,Approved,Low,6,2977.64,248.14,159000,2977.64,2977.64,1,0,1,44676.79,Paid,2025-11-23,20,Bancassurance,2025-10-13 10:30:06
1205,POL000001205,421,2,18,20250908,20250910,20260910,2025-09-08,2025-09-10,2026-09-10,Cancelled,Monthly,Approved with Loading,Elevated,2,843.08,70.26,203000,843.08,0.0,0,0,0,0.0,None,,10,Digital,2026-09-20 16:45:30
1206,POL000001206,350,3,2,20240810,20240817,20250817,2024-08-10,2024-08-17,2025-08-17,Active,Monthly,Approved,Low,7,1209.36,100.78,96000,1209.36,1209.36,1,0,0,0.0,None,,25,Broker / IFA,2025-12-25 02:26:16
1207,POL000001207,702,5,18,20250322,20250329,20260329,2025-03-22,2025-03-29,2026-03-29,Active,Quarterly,Approved,Standard,7,5267.3,438.94,321000,5267.3,5267.3,1,0,0,0.0,None,,15,Digital,2025-08-05 19:56:30
1208,POL000001208,496,3,13,20250511,20250515,20260515,2025-05-11,2025-05-15,2026-05-15,Active,Monthly,Approved,Low,4,1710.48,142.54,175000,1710.48,1710.48,1,0,0,0.0,None,,30,Broker / IFA,2026-08-14 10:50:47
1209,POL000001209,69,2,1,20240618,20240621,20250621,2024-06-18,2024-06-21,2025-06-21,Active,Monthly,Approved,Low,3,832.28,69.36,395000,832.28,832.28,1,0,0,0.0,None,,10,Digital,2026-08-16 18:39:42
1210,POL000001210,653,7,11,20250702,20250707,20260707,2025-07-02,2025-07-07,2026-07-07,Active,Quarterly,Approved,Low,5,1206.32,100.53,161000,1206.32,1206.32,1,0,0,0.0,None,,25,Bancassurance,2025-10-16 01:43:47
1211,POL000001211,647,5,24,20231102,20231119,20241118,2023-11-02,2023-11-19,2024-11-18,Active,Monthly,Approved,Low,17,1865.68,155.47,100000,1865.68,1865.68,1,0,0,0.0,None,,10,Agency,2025-03-28 11:10:14
1212,POL000001212,272,3,20,20241108,20241112,20251112,2024-11-08,2024-11-12,2025-11-12,Lapsed,Monthly,Approved,Low,4,1779.3,148.28,92000,1779.3,0.0,0,1,0,0.0,None,,30,Agency,2026-02-24 01:49:53
1213,POL000001213,257,3,23,20240324,20240415,20250415,2024-03-24,2024-04-15,2025-04-15,Active,Annual,Approved,Low,22,2208.42,184.04,150000,2208.42,2208.42,1,0,0,0.0,None,,30,Bancassurance,2026-03-25 21:19:38
1214,POL000001214,126,3,13,20260917,20260920,20270920,2026-09-17,2026-09-20,2027-09-20,Active,Quarterly,Approved,Low,3,3876.68,323.06,300000,0.0,0.0,0,0,0,0.0,None,,30,Broker / IFA,2026-09-22 00:24:55
1215,POL000001215,496,3,19,20230711,20230720,20240719,2023-07-11,2023-07-20,2024-07-19,Active,Monthly,Approved,Low,9,901.99,75.17,144000,901.99,901.99,1,0,0,0.0,None,,25,Agency,2025-01-14 05:10:41
1216,POL000001216,471,9,12,20240227,20240302,20250302,2024-02-27,2024-03-02,2025-03-02,Active,Monthly,Approved,Standard,4,1667.5,138.96,168000,1667.5,1667.5,1,0,0,0.0,None,,20,Agency,2024-08-28 13:40:20
1217,POL000001217,369,5,21,20231128,20231130,20241129,2023-11-28,2023-11-30,2024-11-29,Active,Monthly,Approved,Low,2,4938.21,411.52,435000,4938.21,0.0,0,0,0,0.0,None,,20,Agency,2025-03-02 14:36:12
1218,POL000001218,106,9,22,20240413,20240424,20250424,2024-04-13,2024-04-24,2025-04-24,Lapsed,Monthly,Approved,Low,11,750.86,62.57,114000,750.86,0.0,0,1,0,0.0,None,,20,Bancassurance,2025-01-07 06:56:27
1219,POL000001219,234,6,16,20230716,20230717,20240716,2023-07-16,2023-07-17,2024-07-16,Claimed,Monthly,Approved,Standard,1,16202.15,1350.18,410000,16202.15,16202.15,1,0,1,77453.92,Paid,2025-09-09,10,Direct,2024-02-24 20:27:44
1220,POL000001220,45,4,5,20250329,20250408,20260408,2025-03-29,2025-04-08,2026-04-08,Lapsed,Annual,Approved,Standard,10,4691.81,390.98,202000,4691.81,0.0,0,1,0,0.0,None,,25,Direct,2025-04-28 13:56:58
1221,POL000001221,671,2,21,20260416,20260425,20270425,2026-04-16,2026-04-25,2027-04-25,Active,Annual,Approved,Low,9,383.16,31.93,151000,0.0,0.0,0,0,0,0.0,None,,15,Agency,2026-05-04 13:51:09
1222,POL000001222,506,1,1,20230123,20230124,20240124,2023-01-23,2023-01-24,2024-01-24,Matured,Monthly,Approved,Low,1,381.71,31.81,196000,381.71,381.71,1,0,0,0.0,None,,1,Digital,2023-03-03 00:20:29
1223,POL000001223,618,7,25,20240427,20240517,20250517,2024-04-27,2024-05-17,2025-05-17,Active,Quarterly,Approved,Low,20,1688.18,140.68,117000,1688.18,1688.18,1,0,0,0.0,None,,20,Agency,2025-08-20 21:51:45
1224,POL000001224,484,3,4,20250714,20250723,20260723,2025-07-14,2025-07-23,2026-07-23,Active,Monthly,Approved,Standard,9,14052.09,1171.01,594000,14052.09,14052.09,1,0,0,0.0,None,,20,Agency,2026-09-17 21:17:32
1225,POL000001225,656,11,8,20260221,20260223,20270223,2026-02-21,2026-02-23,2027-02-23,Active,Half-yearly,Approved,Standard,2,17613.56,1467.8,926000,0.0,0.0,0,0,0,0.0,None,,20,Bancassurance,2026-02-24 13:49:38
1226,POL000001226,540,8,19,20230604,20230625,20240624,2023-06-04,2023-06-25,2024-06-24,Active,Annual,Approved,Standard,21,9710.19,809.18,456000,9710.19,9710.19,1,0,0,0.0,None,,10,Agency,2023-11-02 04:07:29
1227,POL000001227,173,2,16,20250923,20250926,20260926,2025-09-23,2025-09-26,2026-09-26,Active,Monthly,Approved,Standard,3,1484.85,123.74,597000,0.0,0.0,0,0,0,0.0,None,,20,Direct,2026-06-14 05:52:24
1228,POL000001228,670,6,23,20260730,20260804,20270804,2026-07-30,2026-08-04,2027-08-04,Active,Monthly,Approved,Standard,5,3849.89,320.82,119000,0.0,0.0,0,0,0,0.0,None,,10,Bancassurance,2026-08-14 08:20:16
1229,POL000001229,677,8,18,20241207,20241210,20251210,2024-12-07,2024-12-10,2025-12-10,Active,Quarterly,Approved,Low,3,1211.92,100.99,177000,1211.92,1211.92,1,0,0,0.0,None,,20,Digital,2026-07-20 06:22:53
1230,POL000001230,272,11,3,20250207,20250217,20260217,2025-02-07,2025-02-17,2026-02-17,Active,Monthly,Approved,Standard,10,13288.41,1107.37,486000,13288.41,13288.41,1,0,0,0.0,None,,10,Broker / IFA,2025-10-04 08:27:47
1231,POL000001231,389,6,5,20251221,20251230,20261230,2025-12-21,2025-12-30,2026-12-30,Active,Monthly,Approved,Standard,9,1748.24,145.69,118000,0.0,0.0,0,0,0,0.0,None,,18,Direct,2026-03-26 03:12:54
1232,POL000001232,162,5,11,20250411,20250502,20260502,2025-04-11,2025-05-02,2026-05-02,Active,Monthly,Approved,Standard,21,5838.72,486.56,318000,5838.72,5838.72,1,0,0,0.0,None,,20,Bancassurance,2025-12-04 21:48:51
1233,POL000001233,299,7,15,20231111,20231121,20241120,2023-11-11,2023-11-21,2024-11-20,Active,Monthly,Approved,Standard,10,6673.94,556.16,507000,6673.94,6673.94,1,0,0,0.0,None,,15,Bancassurance,2024-03-12 03:19:14
1234,POL000001234,434,7,24,20250124,20250125,20260125,2025-01-24,2025-01-25,2026-01-25,Lapsed,Monthly,Approved,Standard,1,6635.63,552.97,363000,6635.63,0.0,0,1,0,0.0,None,,20,Agency,2025-03-17 19:37:16
1235,POL000001235,696,5,7,20230217,20230227,20240227,2023-02-17,2023-02-27,2024-02-27,Claimed,Annual,Approved with Loading,Elevated,10,8987.54,748.96,340000,8987.54,8987.54,1,0,1,109614.2,Paid,2023-06-30,20,Bancassurance,2023-10-29 10:15:30
1236,POL000001236,464,7,21,20231029,20231101,20241031,2023-10-29,2023-11-01,2024-10-31,Active,Monthly,Approved,Low,3,7926.26,660.52,553000,7926.26,7926.26,1,0,0,0.0,None,,10,Agency,2024-08-24 02:34:31
1237,POL000001237,615,11,1,20241215,20241227,20251227,2024-12-15,2024-12-27,2025-12-27,Lapsed,Half-yearly,Approved,Standard,12,21079.11,1756.59,673000,21079.11,0.0,0,1,0,0.0,None,,10,Digital,2025-05-25 21:49:50
1238,POL000001238,480,2,1,20230930,20231004,20241003,2023-09-30,2023-10-04,2024-10-03,Active,Annual,Approved,Low,4,1383.54,115.3,588000,1383.54,1383.54,1,0,0,0.0,None,,20,Digital,2024-11-03 19:45:06
1239,POL000001239,569,7,25,20240319,20240327,20250327,2024-03-19,2024-03-27,2025-03-27,Active,Annual,Approved,Low,8,2092.11,174.34,187000,2092.11,2092.11,1,0,0,0.0,None,,25,Agency,2024-08-04 00:06:50
1240,POL000001240,260,3,10,20260402,20260409,20270409,2026-04-02,2026-04-09,2027-04-09,Active,Monthly,Approved with Loading,Elevated,7,5971.94,497.66,249000,0.0,0.0,0,0,0,0.0,None,,25,Agency,2026-08-09 04:43:34
1241,POL000001241,407,1,16,20231226,20231230,20241229,2023-12-26,2023-12-30,2024-12-29,Active,Annual,Approved,Standard,4,302.62,25.22,154000,302.62,302.62,1,0,0,0.0,None,,10,Direct,2025-07-15 07:06:52
1242,POL000001242,435,1,1,20231027,20231107,20241106,2023-10-27,2023-11-07,2024-11-06,Matured,Monthly,Approved,Low,11,867.04,72.25,850000,867.04,867.04,1,0,0,0.0,None,,1,Digital,2024-09-19 22:32:43
1243,POL000001243,369,4,20,20260723,20260809,20270809,2026-07-23,2026-08-09,2027-08-09,Active,Monthly,Approved,Low,17,4223.55,351.96,340000,0.0,0.0,0,0,0,0.0,None,,30,Agency,2026-08-10 19:13:04
1244,POL000001244,300,1,1,20260101,20260113,20270113,2026-01-01,2026-01-13,2027-01-13,Active,Annual,Approved,Standard,12,714.25,59.52,357000,0.0,0.0,0,0,0,0.0,None,,10,Digital,2026-07-02 02:37:34
1245,POL000001245,8,6,10,20230116,20230122,20240122,2023-01-16,2023-01-22,2024-01-22,Active,Quarterly,Approved,Standard,6,3629.26,302.44,120000,3629.26,0.0,0,0,0,0.0,None,,10,Agency,2026-02-18 00:59:25
1246,POL000001246,627,3,23,20250414,20250426,20260426,2025-04-14,2025-04-26,2026-04-26,Active,Monthly,Approved,Standard,12,1238.54,103.21,75000,1238.54,1238.54,1,0,0,0.0,None,,20,Bancassurance,2025-06-18 21:55:49
1247,POL000001247,461,3,21,20240606,20240611,20250611,2024-06-06,2024-06-11,2025-06-11,Active,Annual,Approved,Standard,5,2084.13,173.68,122000,2084.13,2084.13,1,0,0,0.0,None,,30,Agency,2025-04-20 10:21:48
1248,POL000001248,328,4,24,20240927,20241001,20251001,2024-09-27,2024-10-01,2025-10-01,Active,Quarterly,Approved,Low,4,3852.35,321.03,208000,3852.35,3852.35,1,0,0,0.0,None,,20,Agency,2025-03-29 05:35:19
1249,POL000001249,290,3,3,20240630,20240707,20250707,2024-06-30,2024-07-07,2025-07-07,Active,Monthly,Approved,Low,7,4536.94,378.08,280000,4536.94,4536.94,1,0,0,0.0,None,,30,Broker / IFA,2026-05-12 20:48:03
1250,POL000001250,462,3,5,20250715,20250720,20260720,2025-07-15,2025-07-20,2026-07-20,Active,Annual,Approved,Standard,5,2810.53,234.21,175000,2810.53,2810.53,1,0,0,0.0,None,,30,Direct,2025-12-18 19:55:37
1251,POL000001251,103,7,7,20241204,20241214,20251214,2024-12-04,2024-12-14,2025-12-14,Active,Quarterly,Approved,Standard,10,1497.99,124.83,136000,1497.99,1497.99,1,0,0,0.0,None,,25,Bancassurance,2025-09-05 04:39:05
1252,POL000001252,414,9,4,20250610,20250614,20260614,2025-06-10,2025-06-14,2026-06-14,Active,Half-yearly,Approved,Standard,4,2016.27,168.02,297000,2016.27,2016.27,1,0,0,0.0,None,,5,Agency,2026-01-20 00:02:54
1253,POL000001253,105,10,6,20260520,20260527,20270527,2026-05-20,2026-05-27,2027-05-27,Cancelled,Monthly,Approved,Standard,7,3451.07,287.59,212000,0.0,0.0,0,0,0,0.0,None,,15,Agency,2026-09-10 16:34:51
1254,POL000001254,457,2,1,20230217,20230222,20240222,2023-02-17,2023-02-22,2024-02-22,Active,Quarterly,Approved,Low,5,359.69,29.97,158000,359.69,359.69,1,0,0,0.0,None,,20,Digital,2024-05-18 02:02:05
1255,POL000001255,425,1,1,20250715,20250717,20260717,2025-07-15,2025-07-17,2026-07-17,Active,Quarterly,Approved with Loading,Elevated,2,3821.22,318.44,1132000,3821.22,3821.22,1,0,0,0.0,None,,5,Digital,2025-10-05 13:43:57
1256,POL000001256,276,2,23,20230605,20230618,20240617,2023-06-05,2023-06-18,2024-06-17,Active,Monthly,Approved,Standard,13,2561.87,213.49,877000,2561.87,2561.87,1,0,0,0.0,None,,20,Bancassurance,2024-03-22 11:11:47
1257,POL000001257,347,8,3,20250313,20250407,20260407,2025-03-13,2025-04-07,2026-04-07,Active,Quarterly,Approved with Loading,Elevated,25,3030.71,252.56,211000,3030.71,0.0,0,0,0,0.0,None,,15,Broker / IFA,2026-01-19 08:15:11
1258,POL000001258,212,12,9,20230924,20231005,20241004,2023-09-24,2023-10-05,2024-10-04,Active,Quarterly,Approved,Standard,11,11758.11,979.84,387000,11758.11,11758.11,1,0,0,0.0,None,,15,Bancassurance,2025-02-17 19:58:36
1259,POL000001259,99,10,5,20230111,20230117,20240117,2023-01-11,2023-01-17,2024-01-17,Active,Monthly,Approved with Loading,Elevated,6,1901.32,158.44,171000,1901.32,1901.32,1,0,0,0.0,None,,15,Direct,2025-12-28 06:26:25
1260,POL000001260,32,6,4,20240420,20240508,20250508,2024-04-20,2024-05-08,2025-05-08,Active,Annual,Approved,Standard,18,5094.07,424.51,124000,5094.07,0.0,0,0,0,0.0,None,,15,Agency,2025-03-11 05:54:49
1261,POL000001261,658,11,11,20250415,20250427,20260427,2025-04-15,2025-04-27,2026-04-27,Active,Monthly,Approved,Standard,12,7504.31,625.36,293000,7504.31,7504.31,1,0,0,0.0,None,,10,Bancassurance,2025-07-29 14:04:05
1262,POL000001262,660,5,14,20240615,20240706,20250706,2024-06-15,2024-07-06,2025-07-06,Active,Quarterly,Approved,Standard,21,4003.69,333.64,135000,4003.69,4003.69,1,0,0,0.0,None,,15,Bancassurance,2025-11-30 14:25:05
1263,POL000001263,718,8,20,20240928,20241001,20251001,2024-09-28,2024-10-01,2025-10-01,Lapsed,Quarterly,Approved,Standard,3,7362.61,613.55,685000,7362.61,0.0,0,1,0,0.0,None,,10,Agency,2026-05-19 01:14:04
1264,POL000001264,263,10,21,20250720,20250722,20260722,2025-07-20,2025-07-22,2026-07-22,Active,Half-yearly,Approved,Low,2,1073.33,89.44,208000,1073.33,1073.33,1,0,0,0.0,None,,5,Agency,2025-12-25 15:14:31
1265,POL000001265,619,8,7,20250403,20250422,20260422,2025-04-03,2025-04-22,2026-04-22,Active,Annual,Approved,Standard,19,4511.45,375.95,568000,4511.45,4511.45,1,0,0,0.0,None,,10,Bancassurance,2025-12-04 10:16:48
1266,POL000001266,82,4,10,20240812,20240830,20250830,2024-08-12,2024-08-30,2025-08-30,Active,Monthly,Approved,Standard,18,7507.2,625.6,396000,7507.2,7507.2,1,0,0,0.0,None,,20,Agency,2026-06-09 00:43:19
1267,POL000001267,444,10,5,20231105,20231120,20241119,2023-11-05,2023-11-20,2024-11-19,Active,Quarterly,Approved,Low,15,1883.92,156.99,365000,1883.92,1883.92,1,0,0,0.0,None,,10,Direct,2025-05-12 21:40:40
1268,POL000001268,590,1,10,20250818,20250829,20260829,2025-08-18,2025-08-29,2026-08-29,Active,Quarterly,Approved with Loading,Elevated,11,1309.41,109.12,295000,1309.41,1309.41,1,0,0,0.0,None,,10,Agency,2026-04-02 14:50:37
1269,POL000001269,523,7,24,20250416,20250424,20260424,2025-04-16,2025-04-24,2026-04-24,Lapsed,Monthly,Approved,Standard,8,12798.31,1066.53,949000,12798.31,0.0,0,1,0,0.0,None,,25,Agency,2025-09-07 12:57:39
1270,POL000001270,379,11,17,20250921,20250929,20260929,2025-09-21,2025-09-29,2026-09-29,Active,Annual,Approved,Standard,8,12835.67,1069.64,416000,0.0,0.0,0,0,0,0.0,None,,15,Bancassurance,2026-07-05 17:46:41
1271,POL000001271,589,12,3,20250622,20250629,20260629,2025-06-22,2025-06-29,2026-06-29,Active,Quarterly,Approved with Loading,Elevated,7,25200.33,2100.03,483000,25200.33,25200.33,1,0,0,0.0,None,,15,Broker / IFA,2026-03-06 10:03:13
1272,POL000001272,22,10,11,20260102,20260114,20270114,2026-01-02,2026-01-14,2027-01-14,Active,Monthly,Approved,Low,12,872.86,72.74,124000,0.0,0.0,0,0,0,0.0,None,,5,Bancassurance,2026-03-08 23:16:49
1273,POL000001273,450,10,13,20260411,20260423,20270423,2026-04-11,2026-04-23,2027-04-23,Cancelled,Monthly,Approved,Standard,12,1991.15,165.93,246000,0.0,0.0,0,0,0,0.0,None,,15,Broker / IFA,2026-06-07 07:02:05
1274,POL000001274,516,11,15,20240605,20240608,20250608,2024-06-05,2024-06-08,2025-06-08,Active,Monthly,Approved,Standard,3,2465.94,205.5,152000,2465.94,0.0,0,0,0,0.0,None,,10,Bancassurance,2026-06-19 04:03:40
1275,POL000001275,478,1,10,20250527,20250531,20260531,2025-05-27,2025-05-31,2026-05-31,Active,Monthly,Approved,Standard,4,3125.37,260.45,1430000,3125.37,3125.37,1,0,0,0.0,None,,20,Agency,2025-10-10 02:55:01
1276,POL000001276,346,8,18,20251026,20251105,20261105,2025-10-26,2025-11-05,2026-11-05,Claimed,Monthly,Approved,Standard,10,2181.63,181.8,197000,0.0,0.0,0,0,1,73180.47,Paid,2026-01-25,10,Digital,2026-03-12 00:53:06
1277,POL000001277,40,11,1,20250927,20251001,20261001,2025-09-27,2025-10-01,2026-10-01,Active,Annual,Approved,Standard,4,13334.65,1111.22,418000,0.0,0.0,0,0,0,0.0,None,,15,Digital,2026-04-30 02:57:05
1278,POL000001278,740,7,21,20251223,20260101,20270101,2025-12-23,2026-01-01,2027-01-01,Active,Monthly,Approved,Standard,9,11247.87,937.32,893000,0.0,0.0,0,0,0,0.0,None,,15,Agency,2026-07-03 09:45:56
1279,POL000001279,308,12,22,20230408,20230414,20240413,2023-04-08,2023-04-14,2024-04-13,Active,Monthly,Approved,Standard,6,5374.12,447.84,261000,5374.12,5374.12,1,0,0,0.0,None,,20,Bancassurance,2025-09-29 16:04:56
1280,POL000001280,406,1,16,20260407,20260417,20270417,2026-04-07,2026-04-17,2027-04-17,Active,Quarterly,Approved,Standard,10,1346.88,112.24,567000,0.0,0.0,0,0,0,0.0,None,,10,Direct,2026-09-23 00:01:52
1281,POL000001281,295,5,11,20260308,20260322,20270322,2026-03-08,2026-03-22,2027-03-22,Active,Annual,Approved,Low,14,1425.83,118.82,92000,0.0,0.0,0,0,0,0.0,None,,10,Bancassurance,2026-09-24 19:21:29
1282,POL000001282,528,5,23,20240411,20240415,20250415,2024-04-11,2024-04-15,2025-04-15,Active,Annual,Approved,Standard,4,10918.54,909.88,299000,10918.54,10918.54,1,0,0,0.0,None,,20,Bancassurance,2024-06-04 03:32:28
1283,POL000001283,491,1,14,20240523,20240529,20250529,2024-05-23,2024-05-29,2025-05-29,Matured,Monthly,Approved,Low,6,552.21,46.02,223000,552.21,552.21,1,0,0,0.0,None,,2,Bancassurance,2025-12-20 12:53:53
1284,POL000001284,101,10,2,20230828,20230901,20240831,2023-08-28,2023-09-01,2024-08-31,Active,Monthly,Approved,Low,4,1406.59,117.22,177000,1406.59,1406.59,1,0,0,0.0,None,,15,Broker / IFA,2026-06-01 21:02:21
1285,POL000001285,553,11,20,20231030,20231109,20241108,2023-10-30,2023-11-09,2024-11-08,Active,Monthly,Approved,Low,10,21160.64,1763.39,886000,21160.64,21160.64,1,0,0,0.0,None,,20,Agency,2025-01-27 16:28:07
1286,POL000001286,559,5,23,20240802,20240817,20250817,2024-08-02,2024-08-17,2025-08-17,Active,Annual,Approved,Low,15,2639.49,219.96,113000,2639.49,2639.49,1,0,0,0.0,None,,10,Bancassurance,2026-01-06 01:02:13
1287,POL000001287,602,1,20,20230102,20230109,20240109,2023-01-02,2023-01-09,2024-01-09,Matured,Annual,Approved,Standard,7,521.29,43.44,270000,521.29,521.29,1,0,0,0.0,None,,1,Agency,2025-07-19 21:00:08
1288,POL000001288,427,1,21,20250208,20250213,20260213,2025-02-08,2025-02-13,2026-02-13,Active,Monthly,Approved,Standard,5,817.47,68.12,505000,817.47,817.47,1,0,0,0.0,None,,2,Agency,2025-03-05 06:06:07
1289,POL000001289,255,10,20,20240927,20241006,20251006,2024-09-27,2024-10-06,2025-10-06,Active,Monthly,Approved,Low,9,656.89,54.74,100000,656.89,656.89,1,0,0,0.0,None,,5,Agency,2026-01-21 12:42:27
1290,POL000001290,8,2,19,20230517,20230604,20240603,2023-05-17,2023-06-04,2024-06-03,Active,Monthly,Approved,Standard,18,801.35,66.78,305000,801.35,801.35,1,0,0,0.0,None,,10,Agency,2024-07-05 22:46:29
1291,POL000001291,34,3,19,20240523,20240604,20250604,2024-05-23,2024-06-04,2025-06-04,Active,Quarterly,Approved,Standard,12,8137.62,678.14,528000,8137.62,8137.62,1,0,0,0.0,None,,25,Agency,2025-03-16 15:30:57
1292,POL000001292,307,6,8,20260611,20260626,20270626,2026-06-11,2026-06-26,2027-06-26,Active,Annual,Approved,Standard,15,5912.67,492.72,232000,0.0,0.0,0,0,0,0.0,None,,18,Bancassurance,2026-08-28 18:57:24
1293,POL000001293,145,4,25,20230220,20230228,20240228,2023-02-20,2023-02-28,2024-02-28,Lapsed,Annual,Approved with Loading,Elevated,8,5446.27,453.86,230000,5446.27,0.0,0,1,0,0.0,None,,25,Agency,2025-03-27 09:04:56
1294,POL000001294,228,6,8,20260430,20260508,20270508,2026-04-30,2026-05-08,2027-05-08,Active,Monthly,Approved,Standard,8,12370.05,1030.84,399000,0.0,0.0,0,0,0,0.0,None,,15,Bancassurance,2026-06-24 16:56:40
1295,POL000001295,75,3,24,20241111,20241116,20251116,2024-11-11,2024-11-16,2025-11-16,Lapsed,Quarterly,Approved,Low,5,2009.18,167.43,239000,2009.18,0.0,0,1,0,0.0,None,,25,Agency,2025-08-01 09:42:58
1296,POL000001296,704,5,10,20230204,20230221,20240221,2023-02-04,2023-02-21,2024-02-21,Active,Quarterly,Approved,Standard,17,5333.34,444.44,261000,5333.34,5333.34,1,0,0,0.0,None,,15,Agency,2026-02-25 23:47:57
1297,POL000001297,497,10,11,20250713,20250720,20260720,2025-07-13,2025-07-20,2026-07-20,Active,Monthly,Approved,Standard,7,2060.59,171.72,222000,2060.59,2060.59,1,0,0,0.0,None,,5,Bancassurance,2025-12-26 06:47:38
1298,POL000001298,26,1,6,20251207,20251209,20261209,2025-12-07,2025-12-09,2026-12-09,Cancelled,Monthly,Approved,Standard,2,1060.16,88.35,343000,0.0,0.0,0,0,0,0.0,None,,20,Agency,2026-03-18 07:26:51
1299,POL000001299,141,9,12,20250411,20250414,20260414,2025-04-11,2025-04-14,2026-04-14,Claimed,Annual,Approved with Loading,Elevated,3,10787.77,898.98,473000,10787.77,0.0,0,0,1,348364.55,Paid,2025-05-18,20,Agency,2025-04-25 08:40:22
1300,POL000001300,662,2,5,20250915,20250922,20260922,2025-09-15,2025-09-22,2026-09-22,Active,Quarterly,Approved,Standard,7,3540.92,295.08,1181000,3540.92,3540.92,1,0,0,0.0,None,,5,Direct,2026-04-14 15:51:09
1301,POL000001301,427,10,4,20230124,20230130,20240130,2023-01-24,2023-01-30,2024-01-30,Lapsed,Annual,Approved,Standard,6,1229.52,102.46,108000,1229.52,0.0,0,1,0,0.0,None,,15,Agency,2023-07-10 09:33:20
1302,POL000001302,443,3,20,20231001,20231016,20241015,2023-10-01,2023-10-16,2024-10-15,Active,Monthly,Approved,Standard,15,11999.88,999.99,745000,11999.88,11999.88,1,0,0,0.0,None,,25,Agency,2023-11-16 00:46:24
1303,POL000001303,700,6,12,20250308,20250316,20260316,2025-03-08,2025-03-16,2026-03-16,Active,Monthly,Approved,Low,8,4696.68,391.39,198000,4696.68,4696.68,1,0,0,0.0,None,,15,Agency,2025-03-31 09:31:07
1304,POL000001304,424,4,5,20250322,20250407,20260407,2025-03-22,2025-04-07,2026-04-07,Active,Annual,Approved,Standard,16,6750.8,562.57,651000,6750.8,6750.8,1,0,0,0.0,None,,25,Direct,2025-10-19 01:58:34
1305,POL000001305,41,6,11,20250917,20250925,20260925,2025-09-17,2025-09-25,2026-09-25,Active,Annual,Approved with Loading,Elevated,8,2467.49,205.62,86000,2467.49,2467.49,1,0,0,0.0,None,,18,Bancassurance,2026-05-25 00:00:13
1306,POL000001306,663,2,1,20250421,20250428,20260428,2025-04-21,2025-04-28,2026-04-28,Active,Annual,Approved,Standard,7,469.19,39.1,175000,469.19,469.19,1,0,0,0.0,None,,10,Digital,2026-02-27 14:33:31
1307,POL000001307,296,4,18,20231030,20231107,20241106,2023-10-30,2023-11-07,2024-11-06,Active,Monthly,Approved,Low,8,4222.11,351.84,164000,4222.11,4222.11,1,0,0,0.0,None,,30,Digital,2024-03-16 21:59:53
1308,POL000001308,683,8,23,20231026,20231028,20241027,2023-10-26,2023-10-28,2024-10-27,Active,Annual,Approved,Standard,2,4092.46,341.04,282000,4092.46,4092.46,1,0,0,0.0,None,,10,Bancassurance,2026-09-12 18:27:49
1309,POL000001309,105,4,2,20230124,20230130,20240130,2023-01-24,2023-01-30,2024-01-30,Active,Monthly,Approved with Loading,Elevated,6,4095.95,341.33,185000,4095.95,4095.95,1,0,0,0.0,None,,20,Broker / IFA,2023-03-17 06:25:54
1310,POL000001310,26,3,10,20240629,20240705,20250705,2024-06-29,2024-07-05,2025-07-05,Active,Monthly,Approved,Standard,6,5850.68,487.56,332000,5850.68,5850.68,1,0,0,0.0,None,,20,Agency,2025-01-22 23:52:14
1311,POL000001311,329,11,2,20251205,20251210,20261210,2025-12-05,2025-12-10,2026-12-10,Active,Quarterly,Approved,Standard,5,15425.44,1285.45,492000,0.0,0.0,0,0,0,0.0,None,,15,Broker / IFA,2026-05-30 12:59:08
1312,POL000001312,61,8,9,20230401,20230409,20240408,2023-04-01,2023-04-09,2024-04-08,Active,Quarterly,Approved,Standard,8,5209.4,434.12,441000,5209.4,5209.4,1,0,0,0.0,None,,10,Bancassurance,2025-06-29 08:19:43
1313,POL000001313,139,8,16,20240308,20240312,20250312,2024-03-08,2024-03-12,2025-03-12,Active,Monthly,Approved,Standard,4,1703.1,141.92,178000,1703.1,1703.1,1,0,0,0.0,None,,20,Direct,2025-12-19 06:30:57
1314,POL000001314,549,10,1,20230628,20230721,20240720,2023-06-28,2023-07-21,2024-07-20,Active,Monthly,Approved,Standard,23,1243.41,103.62,110000,1243.41,1243.41,1,0,0,0.0,None,,5,Digital,2025-07-14 12:05:48
1315,POL000001315,253,7,18,20250820,20250901,20260901,2025-08-20,2025-09-01,2026-09-01,Active,Annual,Approved,Standard,12,3709.19,309.1,294000,3709.19,3709.19,1,0,0,0.0,None,,25,Digital,2025-09-25 05:06:49
1316,POL000001316,406,1,18,20230121,20230207,20240207,2023-01-21,2023-02-07,2024-02-07,Active,Annual,Approved,Low,17,685.7,57.14,413000,685.7,685.7,1,0,0,0.0,None,,5,Digital,2025-10-24 13:09:30
1317,POL000001317,574,7,12,20241111,20241125,20251125,2024-11-11,2024-11-25,2025-11-25,Active,Monthly,Approved,Standard,14,2340.02,195.0,150000,2340.02,2340.02,1,0,0,0.0,None,,15,Agency,2025-12-31 11:20:45
1318,POL000001318,385,1,18,20241109,20241116,20251116,2024-11-09,2024-11-16,2025-11-16,Matured,Annual,Approved,Standard,7,1464.39,122.03,873000,1464.39,1464.39,1,0,0,0.0,None,,1,Digital,2026-06-14 10:23:40
1319,POL000001319,58,2,18,20231006,20231012,20241011,2023-10-06,2023-10-12,2024-10-11,Active,Annual,Approved with Loading,Elevated,6,1324.68,110.39,285000,1324.68,1324.68,1,0,0,0.0,None,,15,Digital,2026-07-17 09:35:50
1320,POL000001320,351,6,7,20250113,20250127,20260127,2025-01-13,2025-01-27,2026-01-27,Active,Monthly,Approved,Standard,14,8826.05,735.5,415000,8826.05,8826.05,1,0,0,0.0,None,,15,Bancassurance,2025-12-15 07:19:25
1321,POL000001321,723,2,6,20240224,20240227,20250226,2024-02-24,2024-02-27,2025-02-26,Active,Quarterly,Approved with Loading,Elevated,3,2879.74,239.98,766000,2879.74,2879.74,1,0,0,0.0,None,,15,Agency,2026-07-03 22:41:02
1322,POL000001322,487,7,16,20241024,20241031,20251031,2024-10-24,2024-10-31,2025-10-31,Claimed,Monthly,Approved,Low,7,4417.45,368.12,664000,4417.45,4417.45,1,0,1,157208.9,Paid,2025-05-11,25,Direct,2025-09-06 00:07:08
1323,POL000001323,536,1,3,20230426,20230505,20240504,2023-04-26,2023-05-05,2024-05-04,Active,Monthly,Approved with Loading,Elevated,9,984.93,82.08,280000,984.93,984.93,1,0,0,0.0,None,,20,Broker / IFA,2024-04-14 10:45:19
1324,POL000001324,380,3,22,20260321,20260404,20270404,2026-03-21,2026-04-04,2027-04-04,Active,Monthly,Approved,Standard,14,2183.63,181.97,109000,0.0,0.0,0,0,0,0.0,None,,25,Bancassurance,2026-05-07 05:14:17
1325,POL000001325,211,10,1,20260310,20260313,20270313,2026-03-10,2026-03-13,2027-03-13,Active,Monthly,Approved,Low,3,688.86,57.4,121000,0.0,0.0,0,0,0,0.0,None,,5,Digital,2026-03-24 14:45:29
1326,POL000001326,13,4,13,20241004,20241012,20251012,2024-10-04,2024-10-12,2025-10-12,Active,Half-yearly,Approved,Low,8,2068.47,172.37,101000,2068.47,0.0,0,0,0,0.0,None,,25,Broker / IFA,2025-01-15 13:27:20
1327,POL000001327,407,10,1,20260512,20260516,20270516,2026-05-12,2026-05-16,2027-05-16,Active,Monthly,Approved,Standard,4,2391.14,199.26,262000,0.0,0.0,0,0,0,0.0,None,,10,Digital,2026-05-19 01:42:53
1328,POL000001328,742,9,24,20250505,20250513,20260513,2025-05-05,2025-05-13,2026-05-13,Active,Monthly,Approved,Standard,8,616.73,51.39,82000,616.73,616.73,1,0,0,0.0,None,,15,Agency,2025-05-17 12:40:33
1329,POL000001329,77,6,22,20260416,20260503,20270503,2026-04-16,2026-05-03,2027-05-03,Active,Monthly,Approved,Low,17,6920.88,576.74,280000,0.0,0.0,0,0,0,0.0,None,,18,Bancassurance,2026-08-18 08:06:35
1330,POL000001330,551,1,10,20260505,20260521,20270521,2026-05-05,2026-05-21,2027-05-21,Active,Annual,Approved,Low,16,261.04,21.75,155000,0.0,0.0,0,0,0,0.0,None,,2,Agency,2026-06-11 11:48:27
1331,POL000001331,625,1,3,20250726,20250813,20260813,2025-07-26,2025-08-13,2026-08-13,Active,Quarterly,Approved,Low,18,1054.18,87.85,932000,1054.18,1054.18,1,0,0,0.0,None,,2,Broker / IFA,2026-03-20 15:56:02
1332,POL000001332,39,10,19,20260414,20260428,20270428,2026-04-14,2026-04-28,2027-04-28,Active,Monthly,Approved,Standard,14,3581.75,298.48,304000,0.0,0.0,0,0,0,0.0,None,,10,Agency,2026-09-11 20:48:51
1333,POL000001333,557,3,12,20251012,20251018,20261018,2025-10-12,2025-10-18,2026-10-18,Active,Half-yearly,Approved with Loading,Elevated,6,19069.24,1589.1,622000,0.0,0.0,0,0,0,0.0,None,,25,Agency,2026-08-20 20:18:36
1334,POL000001334,527,2,11,20230404,20230418,20240417,2023-04-04,2023-04-18,2024-04-17,Active,Monthly,Approved,Standard,14,2264.33,188.69,658000,2264.33,2264.33,1,0,0,0.0,None,,15,Bancassurance,2024-03-01 16:47:54
1335,POL000001335,63,6,16,20260810,20260904,20270904,2026-08-10,2026-09-04,2027-09-04,Active,Annual,Approved,Standard,25,7350.35,612.53,247000,0.0,0.0,0,0,0,0.0,None,,18,Direct,2026-09-04 10:05:58
1336,POL000001336,442,1,18,20241217,20250101,20260101,2024-12-17,2025-01-01,2026-01-01,Matured,Annual,Approved,Standard,15,240.0,20.0,155000,240.0,240.0,1,0,0,0.0,None,,1,Digital,2025-10-09 21:25:02
1337,POL000001337,618,1,8,20230930,20231024,20241023,2023-09-30,2023-10-24,2024-10-23,Active,Monthly,Approved,Low,24,240.0,20.0,137000,240.0,240.0,1,0,0,0.0,None,,20,Bancassurance,2025-09-18 13:40:03
1338,POL000001338,710,5,16,20230112,20230118,20240118,2023-01-12,2023-01-18,2024-01-18,Active,Monthly,Approved,Standard,6,7689.14,640.76,404000,7689.14,7689.14,1,0,0,0.0,None,,10,Direct,2025-04-16 11:11:17
1339,POL000001339,584,4,18,20250621,20250626,20260626,2025-06-21,2025-06-26,2026-06-26,Active,Monthly,Approved,Standard,5,2772.25,231.02,168000,2772.25,2772.25,1,0,0,0.0,None,,20,Digital,2026-05-17 09:06:41
1340,POL000001340,231,9,25,20250413,20250503,20260503,2025-04-13,2025-05-03,2026-05-03,Active,Quarterly,Approved,Standard,20,3525.93,293.83,436000,3525.93,3525.93,1,0,0,0.0,None,,5,Agency,2025-11-09 10:13:21
1341,POL000001341,405,9,10,20240909,20240917,20250917,2024-09-09,2024-09-17,2025-09-17,Active,Monthly,Approved,Standard,8,2254.98,187.92,251000,2254.98,0.0,0,0,0,0.0,None,,20,Agency,2026-03-25 22:59:21
1342,POL000001342,82,5,4,20241123,20241203,20251203,2024-11-23,2024-12-03,2025-12-03,Active,Monthly,Approved,Low,10,2119.37,176.61,83000,2119.37,2119.37,1,0,0,0.0,None,,10,Agency,2025-07-19 01:08:14
1343,POL000001343,421,2,1,20231022,20231024,20241023,2023-10-22,2023-10-24,2024-10-23,Active,Monthly,Approved,Standard,2,859.91,71.66,264000,859.91,859.91,1,0,0,0.0,None,,10,Digital,2026-07-13 11:49:10
1344,POL000001344,181,8,18,20260522,20260529,20270529,2026-05-22,2026-05-29,2027-05-29,Active,Monthly,Approved,Standard,7,7243.54,603.63,630000,0.0,0.0,0,0,0,0.0,None,,20,Digital,2026-09-23 20:26:20
1345,POL000001345,383,7,17,20240102,20240107,20250106,2024-01-02,2024-01-07,2025-01-06,Claimed,Quarterly,Approved,Standard,5,4702.12,391.84,230000,4702.12,4702.12,1,0,1,34684.41,Paid,2026-07-14,15,Bancassurance,2025-06-06 09:47:23
1346,POL000001346,8,7,19,20250714,20250718,20260718,2025-07-14,2025-07-18,2026-07-18,Active,Quarterly,Approved,Standard,4,1883.83,156.99,142000,1883.83,1883.83,1,0,0,0.0,None,,15,Agency,2026-07-21 14:58:26
1347,POL000001347,414,2,18,20240820,20240829,20250829,2024-08-20,2024-08-29,2025-08-29,Active,Annual,Approved,Standard,9,479.74,39.98,154000,479.74,479.74,1,0,0,0.0,None,,5,Digital,2026-05-30 05:30:18
1348,POL000001348,661,5,2,20241106,20241107,20251107,2024-11-06,2024-11-07,2025-11-07,Active,Monthly,Approved,Low,1,4189.35,349.11,241000,4189.35,4189.35,1,0,0,0.0,None,,20,Broker / IFA,2025-10-14 07:47:17
1349,POL000001349,476,3,12,20260522,20260526,20270526,2026-05-22,2026-05-26,2027-05-26,Active,Monthly,Approved,Low,4,792.04,66.0,85000,0.0,0.0,0,0,0,0.0,None,,25,Agency,2026-09-07 07:59:15
1350,POL000001350,565,7,18,20240610,20240621,20250621,2024-06-10,2024-06-21,2025-06-21,Cancelled,Monthly,Approved with Loading,Elevated,11,6167.76,513.98,418000,6167.76,0.0,0,0,0,0.0,None,,25,Digital,2025-09-14 14:33:33
1351,POL000001351,222,6,10,20230709,20230713,20240712,2023-07-09,2023-07-13,2024-07-12,Active,Quarterly,Approved,Standard,4,1798.06,149.84,79000,1798.06,1798.06,1,0,0,0.0,None,,15,Agency,2023-11-27 21:46:00
1352,POL000001352,467,9,16,20250524,20250527,20260527,2025-05-24,2025-05-27,2026-05-27,Active,Monthly,Approved,Low,3,1186.85,98.9,134000,1186.85,1186.85,1,0,0,0.0,None,,5,Direct,2025-06-16 14:05:55
1353,POL000001353,492,6,13,20250406,20250419,20260419,2025-04-06,2025-04-19,2026-04-19,Active,Quarterly,Approved,Low,13,8695.51,724.63,448000,8695.51,8695.51,1,0,0,0.0,None,,18,Broker / IFA,2025-08-31 07:18:21
1354,POL000001354,656,11,13,20250219,20250225,20260225,2025-02-19,2025-02-25,2026-02-25,Active,Monthly,Approved with Loading,Elevated,6,3877.02,323.08,112000,3877.02,3877.02,1,0,0,0.0,None,,15,Broker / IFA,2025-06-29 09:21:52
1355,POL000001355,653,1,1,20260417,20260425,20270425,2026-04-17,2026-04-25,2027-04-25,Active,Annual,Approved,Low,8,287.53,23.96,223000,0.0,0.0,0,0,0,0.0,None,,10,Digital,2026-07-24 00:04:46
1356,POL000001356,272,4,1,20230929,20231008,20241007,2023-09-29,2023-10-08,2024-10-07,Lapsed,Monthly,Approved,Standard,9,3513.47,292.79,192000,3513.47,0.0,0,1,0,0.0,None,,25,Digital,2025-03-09 09:43:36
1357,POL000001357,672,7,15,20241108,20241124,20251124,2024-11-08,2024-11-24,2025-11-24,Active,Monthly,Approved,Standard,16,3719.44,309.95,385000,3719.44,3719.44,1,0,0,0.0,None,,15,Bancassurance,2025-04-28 21:13:45
1358,POL000001358,153,10,19,20260915,20260925,20270925,2026-09-15,2026-09-25,2027-09-25,Active,Monthly,Approved,Standard,10,2571.83,214.32,267000,0.0,0.0,0,0,0,0.0,None,,15,Agency,2026-09-25 03:02:20
1359,POL000001359,92,7,3,20230416,20230420,20240419,2023-04-16,2023-04-20,2024-04-19,Active,Annual,Approved,Low,4,5749.82,479.15,628000,5749.82,5749.82,1,0,0,0.0,None,,15,Broker / IFA,2024-10-27 16:05:48
1360,POL000001360,318,1,14,20240606,20240614,20250614,2024-06-06,2024-06-14,2025-06-14,Lapsed,Annual,Approved,Standard,8,2312.25,192.69,793000,2312.25,0.0,0,1,0,0.0,None,,20,Bancassurance,2024-11-28 00:30:20
1361,POL000001361,659,1,5,20251015,20251025,20261025,2025-10-15,2025-10-25,2026-10-25,Active,Monthly,Approved,Standard,10,779.77,64.98,525000,0.0,0.0,0,0,0,0.0,None,,1,Direct,2026-01-28 01:36:15
1362,POL000001362,11,6,5,20230820,20230825,20240824,2023-08-20,2023-08-25,2024-08-24,Active,Monthly,Approved,Low,5,2211.97,184.33,79000,2211.97,2211.97,1,0,0,0.0,None,,10,Direct,2026-04-28 18:54:57
1363,POL000001363,528,8,18,20250718,20250728,20260728,2025-07-18,2025-07-28,2026-07-28,Active,Monthly,Approved with Loading,Elevated,10,3713.75,309.48,197000,3713.75,3713.75,1,0,0,0.0,None,,20,Digital,2025-12-02 11:15:07
1364,POL000001364,208,9,1,20260106,20260114,20270114,2026-01-06,2026-01-14,2027-01-14,Active,Monthly,Approved with Loading,Elevated,8,2654.18,221.18,382000,0.0,0.0,0,0,0,0.0,None,,20,Digital,2026-08-01 11:09:26
1365,POL000001365,175,11,16,20250125,20250210,20260210,2025-01-25,2025-02-10,2026-02-10,Lapsed,Half-yearly,Approved,Standard,16,4726.17,393.85,143000,4726.17,0.0,0,1,0,0.0,None,,15,Direct,2026-04-04 04:50:45
1366,POL000001366,475,1,2,20260222,20260310,20270310,2026-02-22,2026-03-10,2027-03-10,Active,Quarterly,Approved,Standard,16,567.41,47.28,408000,0.0,0.0,0,0,0,0.0,None,,5,Broker / IFA,2026-04-25 22:26:34
1367,POL000001367,625,1,18,20251225,20251230,20261230,2025-12-25,2025-12-30,2026-12-30,Active,Monthly,Approved,Low,5,614.51,51.21,459000,0.0,0.0,0,0,0,0.0,None,,1,Digital,2026-07-03 22:00:17
1368,POL000001368,550,5,25,20240619,20240621,20250621,2024-06-19,2024-06-21,2025-06-21,Active,Monthly,Approved,Standard,2,3092.87,257.74,129000,3092.87,3092.87,1,0,0,0.0,None,,15,Agency,2025-10-09 08:08:31
1369,POL000001369,688,2,1,20260415,20260420,20270420,2026-04-15,2026-04-20,2027-04-20,Active,Monthly,Approved,Standard,5,1280.39,106.7,539000,0.0,0.0,0,0,0,0.0,None,,15,Digital,2026-08-07 14:07:28
1370,POL000001370,47,1,9,20230615,20230705,20240704,2023-06-15,2023-07-05,2024-07-04,Active,Monthly,Approved,Low,20,240.0,20.0,115000,240.0,240.0,1,0,0,0.0,None,,5,Bancassurance,2025-02-19 04:16:52
1371,POL000001371,83,4,22,20240725,20240728,20250728,2024-07-25,2024-07-28,2025-07-28,Active,Quarterly,Approved,Standard,3,11844.7,987.06,644000,11844.7,11844.7,1,0,0,0.0,None,,20,Bancassurance,2025-11-17 09:00:27
1372,POL000001372,228,12,9,20231231,20240103,20250102,2023-12-31,2024-01-03,2025-01-02,Active,Monthly,Approved,Low,3,10907.22,908.94,348000,10907.22,10907.22,1,0,0,0.0,None,,20,Bancassurance,2025-04-06 20:34:59
1373,POL000001373,645,8,25,20250626,20250703,20260703,2025-06-26,2025-07-03,2026-07-03,Active,Quarterly,Approved,Low,7,1158.68,96.56,185000,1158.68,1158.68,1,0,0,0.0,None,,10,Agency,2025-08-31 03:49:04
1374,POL000001374,347,4,25,20230717,20230803,20240802,2023-07-17,2023-08-03,2024-08-02,Active,Quarterly,Approved,Low,17,5944.22,495.35,460000,5944.22,5944.22,1,0,0,0.0,None,,25,Agency,2026-04-24 12:49:29
1375,POL000001375,480,10,3,20241012,20241102,20251102,2024-10-12,2024-11-02,2025-11-02,Active,Annual,Approved,Low,21,2391.49,199.29,275000,2391.49,2391.49,1,0,0,0.0,None,,15,Broker / IFA,2025-04-07 12:30:05
1376,POL000001376,401,3,21,20240923,20241004,20251004,2024-09-23,2024-10-04,2025-10-04,Active,Monthly,Approved,Low,11,7286.75,607.23,730000,7286.75,7286.75,1,0,0,0.0,None,,25,Agency,2025-06-09 22:26:42
1377,POL000001377,726,11,5,20230712,20230722,20240721,2023-07-12,2023-07-22,2024-07-21,Active,Quarterly,Approved,Standard,10,7550.05,629.17,447000,7550.05,7550.05,1,0,0,0.0,None,,15,Direct,2023-09-06 05:14:01
1378,POL000001378,632,2,4,20260115,20260124,20270124,2026-01-15,2026-01-24,2027-01-24,Active,Quarterly,Approved with Loading,Elevated,9,3383.46,281.96,918000,0.0,0.0,0,0,0,0.0,None,,20,Agency,2026-04-19 15:30:33
1379,POL000001379,616,7,12,20260527,20260609,20270609,2026-05-27,2026-06-09,2027-06-09,Active,Monthly,Approved,Standard,13,3080.91,256.74,362000,0.0,0.0,0,0,0,0.0,None,,20,Agency,2026-07-08 22:36:19
1380,POL000001380,531,6,1,20260319,20260325,20270325,2026-03-19,2026-03-25,2027-03-25,Lapsed,Quarterly,Approved,Standard,6,7105.79,592.15,228000,0.0,0.0,0,1,0,0.0,None,,10,Digital,2026-06-15 11:35:43
1381,POL000001381,680,7,13,20250117,20250125,20260125,2025-01-17,2025-01-25,2026-01-25,Active,Quarterly,Approved,Standard,8,1515.55,126.3,135000,1515.55,1515.55,1,0,0,0.0,None,,15,Broker / IFA,2026-02-07 10:43:03
1382,POL000001382,741,2,12,20240306,20240309,20250309,2024-03-06,2024-03-09,2025-03-09,Active,Monthly,Approved,Standard,3,2572.39,214.37,968000,2572.39,2572.39,1,0,0,0.0,None,,15,Agency,2025-01-15 04:29:12
1383,POL000001383,293,7,22,20250908,20250912,20260912,2025-09-08,2025-09-12,2026-09-12,Active,Annual,Approved,Low,4,8220.97,685.08,819000,8220.97,8220.97,1,0,0,0.0,None,,15,Bancassurance,2025-10-26 12:33:26
1384,POL000001384,177,2,8,20240421,20240503,20250503,2024-04-21,2024-05-03,2025-05-03,Active,Quarterly,Approved with Loading,Elevated,12,3127.01,260.58,878000,3127.01,3127.01,1,0,0,0.0,None,,20,Bancassurance,2026-01-03 17:32:58
1385,POL000001385,89,3,10,20241204,20241213,20251213,2024-12-04,2024-12-13,2025-12-13,Active,Annual,Approved,Standard,9,2949.33,245.78,221000,2949.33,2949.33,1,0,0,0.0,None,,30,Agency,2026-09-08 00:54:50
1386,POL000001386,343,9,6,20260904,20260911,20270911,2026-09-04,2026-09-11,2027-09-11,Active,Monthly,Approved,Low,7,1287.01,107.25,164000,0.0,0.0,0,0,0,0.0,None,,5,Agency,2026-09-23 20:23:57
1387,POL000001387,240,11,5,20240324,20240410,20250410,2024-03-24,2024-04-10,2025-04-10,Active,Quarterly,Approved,Standard,17,7727.29,643.94,369000,7727.29,7727.29,1,0,0,0.0,None,,20,Direct,2026-05-27 00:58:42
1388,POL000001388,731,5,19,20260207,20260209,20270209,2026-02-07,2026-02-09,2027-02-09,Active,Monthly,Approved,Standard,2,2143.85,178.65,73000,0.0,0.0,0,0,0,0.0,None,,20,Agency,2026-05-28 02:31:20
1389,POL000001389,741,7,25,20250105,20250128,20260128,2025-01-05,2025-01-28,2026-01-28,Active,Monthly,Approved,Standard,23,1667.12,138.93,153000,1667.12,0.0,0,0,0,0.0,None,,25,Agency,2025-06-07 21:36:34
1390,POL000001390,241,11,8,20240809,20240817,20250817,2024-08-09,2024-08-17,2025-08-17,Active,Half-yearly,Approved,Standard,8,11117.58,926.46,494000,11117.58,11117.58,1,0,0,0.0,None,,15,Bancassurance,2025-02-06 07:56:48
1391,POL000001391,123,7,12,20250310,20250324,20260324,2025-03-10,2025-03-24,2026-03-24,Active,Monthly,Approved,Standard,14,10805.56,900.46,890000,10805.56,10805.56,1,0,0,0.0,None,,20,Agency,2026-04-01 20:34:22
1392,POL000001392,173,3,2,20230924,20230928,20240927,2023-09-24,2023-09-28,2024-09-27,Active,Quarterly,Approved,Standard,4,1626.68,135.56,108000,1626.68,1626.68,1,0,0,0.0,None,,20,Broker / IFA,2024-12-29 20:47:34
1393,POL000001393,456,11,2,20241001,20241008,20251008,2024-10-01,2024-10-08,2025-10-08,Lapsed,Monthly,Approved with Loading,Elevated,7,43472.72,3622.73,848000,43472.72,0.0,0,1,0,0.0,None,,15,Broker / IFA,2026-02-06 00:23:19
1394,POL000001394,503,7,6,20241113,20241209,20251209,2024-11-13,2024-12-09,2025-12-09,Claimed,Monthly,Approved,Standard,26,12249.37,1020.78,910000,12249.37,12249.37,1,0,1,670513.98,Paid,2025-04-23,25,Agency,2025-10-23 01:28:07
1395,POL000001395,86,10,5,20241001,20241028,20251028,2024-10-01,2024-10-28,2025-10-28,Lapsed,Monthly,Approved,Low,27,4297.09,358.09,368000,4297.09,0.0,0,1,0,0.0,None,,10,Direct,2024-11-25 12:50:25
1396,POL000001396,484,1,16,20240101,20240107,20250106,2024-01-01,2024-01-07,2025-01-06,Active,Half-yearly,Approved,Standard,6,280.83,23.4,124000,280.83,280.83,1,0,0,0.0,None,,10,Direct,2024-07-21 14:14:48
1397,POL000001397,274,12,1,20260515,20260520,20270520,2026-05-15,2026-05-20,2027-05-20,Active,Monthly,Approved with Loading,Elevated,5,32464.51,2705.38,891000,0.0,0.0,0,0,0,0.0,None,,15,Digital,2026-06-26 13:10:35
1398,POL000001398,659,9,24,20230702,20230726,20240725,2023-07-02,2023-07-26,2024-07-25,Active,Monthly,Approved,Low,24,678.15,56.51,95000,678.15,678.15,1,0,0,0.0,None,,20,Agency,2026-07-25 21:03:25
1399,POL000001399,212,12,8,20240722,20240725,20250725,2024-07-22,2024-07-25,2025-07-25,Active,Monthly,Approved,Standard,3,13050.51,1087.54,536000,13050.51,0.0,0,0,0,0.0,None,,20,Bancassurance,2024-12-24 18:14:31
1400,POL000001400,202,8,18,20260220,20260315,20270315,2026-02-20,2026-03-15,2027-03-15,Active,Monthly,Approved,Standard,23,2685.13,223.76,421000,0.0,0.0,0,0,0,0.0,None,,20,Digital,2026-05-27 12:43:46
1401,POL000001401,736,8,10,20250902,20250919,20260919,2025-09-02,2025-09-19,2026-09-19,Active,Annual,Approved,Low,17,1771.55,147.63,197000,1771.55,1771.55,1,0,0,0.0,None,,10,Agency,2025-10-23 22:24:06
1402,POL000001402,140,9,18,20251028,20251031,20261031,2025-10-28,2025-10-31,2026-10-31,Lapsed,Monthly,Approved,Low,3,1589.74,132.48,171000,0.0,0.0,0,1,0,0.0,None,,20,Digital,2026-03-18 17:05:33
1403,POL000001403,701,5,22,20251010,20251031,20261031,2025-10-10,2025-10-31,2026-10-31,Active,Annual,Approved with Loading,Elevated,21,7594.69,632.89,252000,0.0,0.0,0,0,0,0.0,None,,10,Bancassurance,2025-12-12 15:21:07
1404,POL000001404,505,7,20,20230908,20230915,20240914,2023-09-08,2023-09-15,2024-09-14,Claimed,Annual,Approved with Loading,Elevated,7,11824.11,985.34,521000,11824.11,11824.11,1,0,1,318548.18,Paid,2025-08-15,15,Agency,2024-05-02 21:13:05
1405,POL000001405,690,3,17,20240701,20240711,20250711,2024-07-01,2024-07-11,2025-07-11,Claimed,Monthly,Approved,Standard,10,913.77,76.15,125000,913.77,913.77,1,0,1,102692.14,Paid,2026-07-09,20,Bancassurance,2026-03-04 11:35:55
1406,POL000001406,480,4,18,20250221,20250227,20260227,2025-02-21,2025-02-27,2026-02-27,Active,Monthly,Approved,Standard,6,11864.78,988.73,704000,11864.78,11864.78,1,0,0,0.0,None,,25,Digital,2026-01-25 01:02:44
1407,POL000001407,729,8,5,20230604,20230616,20240615,2023-06-04,2023-06-16,2024-06-15,Active,Monthly,Approved,Low,12,5883.48,490.29,610000,5883.48,0.0,0,0,0,0.0,None,,20,Direct,2023-07-20 09:35:08
1408,POL000001408,750,11,8,20230910,20230929,20240928,2023-09-10,2023-09-29,2024-09-28,Active,Monthly,Approved,Low,19,2289.71,190.81,102000,2289.71,2289.71,1,0,0,0.0,None,,15,Bancassurance,2024-09-15 19:02:15
1409,POL000001409,326,2,19,20241122,20241211,20251211,2024-11-22,2024-12-11,2025-12-11,Active,Half-yearly,Approved,Low,19,785.89,65.49,207000,785.89,785.89,1,0,0,0.0,None,,5,Agency,2025-12-22 08:33:13
1410,POL000001410,377,7,15,20240109,20240118,20250117,2024-01-09,2024-01-18,2025-01-17,Active,Monthly,Approved,Low,9,803.38,66.95,158000,803.38,803.38,1,0,0,0.0,None,,10,Bancassurance,2024-02-21 16:00:41
1411,POL000001411,366,9,1,20260109,20260116,20270116,2026-01-09,2026-01-16,2027-01-16,Active,Annual,Approved,Standard,7,2540.49,211.71,336000,0.0,0.0,0,0,0,0.0,None,,20,Digital,2026-06-10 18:38:41
1412,POL000001412,74,7,23,20240619,20240622,20250622,2024-06-19,2024-06-22,2025-06-22,Active,Half-yearly,Approved,Standard,3,10662.32,888.53,777000,10662.32,10662.32,1,0,0,0.0,None,,20,Bancassurance,2025-01-18 01:39:58
1413,POL000001413,749,4,25,20260803,20260810,20270810,2026-08-03,2026-08-10,2027-08-10,Active,Monthly,Approved,Standard,7,2371.58,197.63,111000,0.0,0.0,0,0,0,0.0,None,,30,Agency,2026-08-13 21:57:55
1414,POL000001414,584,8,2,20240626,20240706,20250706,2024-06-26,2024-07-06,2025-07-06,Active,Annual,Approved,Standard,10,3395.84,282.99,549000,3395.84,3395.84,1,0,0,0.0,None,,10,Broker / IFA,2026-04-27 11:32:56
1415,POL000001415,551,8,4,20260921,20260925,20270925,2026-09-21,2026-09-25,2027-09-25,Active,Monthly,Approved with Loading,Elevated,4,3481.32,290.11,154000,0.0,0.0,0,0,0,0.0,None,,10,Agency,2026-09-25 23:16:17
1416,POL000001416,482,5,24,20240616,20240624,20250624,2024-06-16,2024-06-24,2025-06-24,Active,Monthly,Approved,Low,8,2051.76,170.98,169000,2051.76,2051.76,1,0,0,0.0,None,,15,Agency,2025-12-02 22:13:11
1417,POL000001417,561,3,10,20230214,20230222,20240222,2023-02-14,2023-02-22,2024-02-22,Active,Monthly,Approved,Standard,8,2743.43,228.62,219000,2743.43,2743.43,1,0,0,0.0,None,,20,Agency,2025-12-27 18:07:20
1418,POL000001418,10,8,18,20240420,20240502,20250502,2024-04-20,2024-05-02,2025-05-02,Active,Annual,Approved,Standard,12,3132.6,261.05,262000,3132.6,0.0,0,0,0,0.0,None,,15,Digital,2025-01-21 13:21:46
1419,POL000001419,319,7,13,20250803,20250805,20260805,2025-08-03,2025-08-05,2026-08-05,Claimed,Monthly,Approved,Standard,2,3755.19,312.93,370000,3755.19,3755.19,1,0,1,121549.35,Paid,2025-11-01,20,Broker / IFA,2026-01-17 01:45:20
1420,POL000001420,606,5,23,20251227,20260103,20270103,2025-12-27,2026-01-03,2027-01-03,Active,Monthly,Approved,Low,7,5194.1,432.84,329000,0.0,0.0,0,0,0,0.0,None,,15,Bancassurance,2026-05-10 05:51:49
1421,POL000001421,603,5,1,20240305,20240315,20250315,2024-03-05,2024-03-15,2025-03-15,Cancelled,Monthly,Approved,Low,10,1101.91,91.83,59000,1101.91,0.0,0,0,0,0.0,None,,15,Digital,2026-02-22 15:46:30
1422,POL000001422,298,5,9,20231119,20231123,20241122,2023-11-19,2023-11-23,2024-11-22,Lapsed,Monthly,Approved with Loading,Elevated,4,5134.72,427.89,192000,5134.72,0.0,0,1,0,0.0,None,,10,Bancassurance,2025-12-24 18:52:11
1423,POL000001423,597,8,4,20240708,20240730,20250730,2024-07-08,2024-07-30,2025-07-30,Active,Half-yearly,Approved,Low,22,1297.39,108.12,153000,1297.39,0.0,0,0,0,0.0,None,,15,Agency,2025-01-09 00:24:24
1424,POL000001424,370,12,24,20250912,20250921,20260921,2025-09-12,2025-09-21,2026-09-21,Active,Monthly,Approved,Standard,9,5797.81,483.15,219000,5797.81,5797.81,1,0,0,0.0,None,,20,Agency,2026-02-20 12:04:50
1425,POL000001425,689,7,13,20231225,20231228,20241227,2023-12-25,2023-12-28,2024-12-27,Active,Monthly,Approved with Loading,Elevated,3,3863.95,322.0,219000,3863.95,3863.95,1,0,0,0.0,None,,25,Broker / IFA,2026-03-02 00:47:14
1426,POL000001426,635,10,18,20250420,20250426,20260426,2025-04-20,2025-04-26,2026-04-26,Active,Monthly,Approved,Low,6,1621.94,135.16,208000,1621.94,1621.94,1,0,0,0.0,None,,15,Digital,2026-01-02 16:08:30
1427,POL000001427,13,7,25,20250206,20250215,20260215,2025-02-06,2025-02-15,2026-02-15,Active,Monthly,Approved,Low,9,6338.88,528.24,640000,6338.88,6338.88,1,0,0,0.0,None,,25,Agency,2026-04-28 09:50:49
1428,POL000001428,307,2,18,20240626,20240717,20250717,2024-06-26,2024-07-17,2025-07-17,Active,Monthly,Approved,Standard,21,1448.75,120.73,773000,1448.75,1448.75,1,0,0,0.0,None,,15,Digital,2025-07-19 10:18:02
1429,POL000001429,534,5,7,20250424,20250427,20260427,2025-04-24,2025-04-27,2026-04-27,Active,Monthly,Approved,Low,3,1644.03,137.0,66000,1644.03,1644.03,1,0,0,0.0,None,,20,Bancassurance,2026-08-24 01:00:36
1430,POL000001430,733,2,1,20240119,20240127,20250126,2024-01-19,2024-01-27,2025-01-26,Active,Monthly,Approved with Loading,Elevated,8,2200.55,183.38,559000,2200.55,2200.55,1,0,0,0.0,None,,15,Digital,2025-03-05 00:21:36
1431,POL000001431,591,7,6,20240309,20240316,20250316,2024-03-09,2024-03-16,2025-03-16,Active,Annual,Approved with Loading,Elevated,7,1423.19,118.6,120000,1423.19,0.0,0,0,0,0.0,None,,25,Agency,2026-02-21 00:22:11
1432,POL000001432,158,5,21,20240831,20240919,20250919,2024-08-31,2024-09-19,2025-09-19,Active,Quarterly,Approved,Standard,19,4525.5,377.12,171000,4525.5,4525.5,1,0,0,0.0,None,,15,Agency,2025-09-01 19:56:06
1433,POL000001433,668,10,5,20260417,20260501,20270501,2026-04-17,2026-05-01,2027-05-01,Cancelled,Quarterly,Approved,Standard,14,2029.48,169.12,213000,0.0,0.0,0,0,0,0.0,None,,10,Direct,2026-06-25 05:50:27
1434,POL000001434,5,9,22,20241219,20241227,20251227,2024-12-19,2024-12-27,2025-12-27,Active,Half-yearly,Approved,Standard,8,401.85,33.49,69000,401.85,401.85,1,0,0,0.0,None,,20,Bancassurance,2024-12-31 14:03:25
1435,POL000001435,85,7,18,20240720,20240728,20250728,2024-07-20,2024-07-28,2025-07-28,Active,Monthly,Approved with Loading,Elevated,8,4895.32,407.94,423000,4895.32,4895.32,1,0,0,0.0,None,,20,Digital,2025-12-12 12:03:27
1436,POL000001436,192,1,1,20230121,20230129,20240129,2023-01-21,2023-01-29,2024-01-29,Active,Annual,Approved,Standard,8,448.8,37.4,235000,448.8,448.8,1,0,0,0.0,None,,20,Digital,2024-03-24 22:36:49
1437,POL000001437,320,12,1,20250417,20250422,20260422,2025-04-17,2025-04-22,2026-04-22,Active,Annual,Approved,Standard,5,13238.93,1103.24,670000,13238.93,13238.93,1,0,0,0.0,None,,10,Digital,2026-08-23 06:23:48
1438,POL000001438,351,6,10,20240405,20240423,20250423,2024-04-05,2024-04-23,2025-04-23,Claimed,Quarterly,Approved,Low,18,7228.19,602.35,307000,7228.19,7228.19,1,0,1,112511.88,Paid,2025-01-19,18,Agency,2024-06-15 20:23:34
1439,POL000001439,431,3,10,20230810,20230828,20240827,2023-08-10,2023-08-28,2024-08-27,Active,Annual,Approved,Low,18,1834.7,152.89,152000,1834.7,1834.7,1,0,0,0.0,None,,30,Agency,2025-04-07 02:53:52
1440,POL000001440,605,3,12,20240313,20240318,20250318,2024-03-13,2024-03-18,2025-03-18,Active,Monthly,Approved,Standard,5,1243.1,103.59,93000,1243.1,0.0,0,0,0,0.0,None,,30,Agency,2026-01-18 07:11:22
1441,POL000001441,300,9,18,20260406,20260412,20270412,2026-04-06,2026-04-12,2027-04-12,Active,Quarterly,Approved,Low,6,2901.91,241.83,413000,0.0,0.0,0,0,0,0.0,None,,5,Digital,2026-05-02 11:42:46
1442,POL000001442,677,8,20,20260829,20260905,20270905,2026-08-29,2026-09-05,2027-09-05,Active,Annual,Approved,Low,7,21192.28,1766.02,1007000,0.0,0.0,0,0,0,0.0,None,,15,Agency,2026-09-20 09:20:26
1443,POL000001443,30,4,8,20240930,20241018,20251018,2024-09-30,2024-10-18,2025-10-18,Active,Annual,Approved,Standard,18,14183.43,1181.95,463000,14183.43,14183.43,1,0,0,0.0,None,,30,Bancassurance,2025-03-13 06:31:24
1444,POL000001444,410,1,11,20240801,20240810,20250810,2024-08-01,2024-08-10,2025-08-10,Active,Monthly,Approved,Low,9,240.0,20.0,160000,240.0,240.0,1,0,0,0.0,None,,10,Bancassurance,2026-08-19 03:46:26
1445,POL000001445,504,11,8,20250829,20250901,20260901,2025-08-29,2025-09-01,2026-09-01,Active,Monthly,Approved,Low,3,6852.67,571.06,298000,6852.67,6852.67,1,0,0,0.0,None,,15,Bancassurance,2026-03-24 22:34:32
1446,POL000001446,665,4,1,20240615,20240616,20250616,2024-06-15,2024-06-16,2025-06-16,Active,Monthly,Approved with Loading,Elevated,1,7919.8,659.98,286000,7919.8,7919.8,1,0,0,0.0,None,,30,Digital,2025-01-09 04:27:03
1447,POL000001447,585,1,18,20260809,20260814,20270814,2026-08-09,2026-08-14,2027-08-14,Lapsed,Half-yearly,Approved with Loading,Elevated,5,2363.9,196.99,710000,0.0,0.0,0,1,0,0.0,None,,20,Digital,2026-09-13 17:17:39
1448,POL000001448,149,12,9,20251022,20251029,20261029,2025-10-22,2025-10-29,2026-10-29,Active,Monthly,Approved,Standard,7,8806.65,733.89,381000,0.0,0.0,0,0,0,0.0,None,,10,Bancassurance,2026-01-23 09:34:36
1449,POL000001449,415,7,11,20260514,20260526,20270526,2026-05-14,2026-05-26,2027-05-26,Active,Monthly,Approved,Low,12,2391.56,199.3,166000,0.0,0.0,0,0,0,0.0,None,,15,Bancassurance,2026-07-01 06:38:09
1450,POL000001450,590,9,18,20250524,20250602,20260602,2025-05-24,2025-06-02,2026-06-02,Active,Quarterly,Approved with Loading,Elevated,9,1571.37,130.95,127000,1571.37,1571.37,1,0,0,0.0,None,,5,Digital,2025-11-02 15:44:09
1451,POL000001451,118,2,24,20260727,20260818,20270818,2026-07-27,2026-08-18,2027-08-18,Active,Annual,Approved,Low,22,506.88,42.24,155000,0.0,0.0,0,0,0,0.0,None,,20,Agency,2026-08-31 19:28:39
1452,POL000001452,546,8,3,20260330,20260407,20270407,2026-03-30,2026-04-07,2027-04-07,Active,Annual,Approved,Standard,8,2125.2,177.1,206000,0.0,0.0,0,0,0,0.0,None,,20,Broker / IFA,2026-07-15 03:19:18
1453,POL000001453,705,5,9,20230416,20230506,20240505,2023-04-16,2023-05-06,2024-05-05,Lapsed,Monthly,Approved,Standard,20,4566.36,380.53,212000,4566.36,0.0,0,1,0,0.0,None,,20,Bancassurance,2025-05-16 08:36:44
1454,POL000001454,73,6,18,20240613,20240616,20250616,2024-06-13,2024-06-16,2025-06-16,Active,Monthly,Approved with Loading,Elevated,3,4649.63,387.47,178000,4649.63,4649.63,1,0,0,0.0,None,,18,Digital,2026-01-14 06:34:04
1455,POL000001455,174,12,17,20260217,20260223,20270223,2026-02-17,2026-02-23,2027-02-23,Active,Monthly,Approved with Loading,Elevated,6,11870.29,989.19,460000,0.0,0.0,0,0,0,0.0,None,,10,Bancassurance,2026-08-16 04:58:55
1456,POL000001456,464,2,5,20260821,20260826,20270826,2026-08-21,2026-08-26,2027-08-26,Active,Monthly,Approved,Standard,5,550.34,45.86,215000,0.0,0.0,0,0,0,0.0,None,,20,Direct,2026-09-20 17:30:22
1457,POL000001457,450,2,9,20250426,20250508,20260508,2025-04-26,2025-05-08,2026-05-08,Active,Quarterly,Approved,Standard,12,646.65,53.89,197000,646.65,646.65,1,0,0,0.0,None,,20,Bancassurance,2025-09-02 01:01:18
1458,POL000001458,672,11,17,20260515,20260518,20270518,2026-05-15,2026-05-18,2027-05-18,Active,Monthly,Approved,Standard,3,7910.38,659.2,313000,0.0,0.0,0,0,0,0.0,None,,20,Bancassurance,2026-07-04 00:37:25
1459,POL000001459,286,5,16,20260629,20260716,20270716,2026-06-29,2026-07-16,2027-07-16,Active,Monthly,Approved with Loading,Elevated,17,10846.15,903.85,357000,0.0,0.0,0,0,0,0.0,None,,15,Direct,2026-09-10 19:10:22
1460,POL000001460,750,8,2,20240607,20240612,20250612,2024-06-07,2024-06-12,2025-06-12,Active,Monthly,Approved,Low,5,2473.47,206.12,205000,2473.47,2473.47,1,0,0,0.0,None,,15,Broker / IFA,2024-11-07 05:12:50
1461,POL000001461,228,3,6,20250601,20250616,20260616,2025-06-01,2025-06-16,2026-06-16,Active,Monthly,Approved,Standard,15,4902.27,408.52,317000,4902.27,4902.27,1,0,0,0.0,None,,30,Agency,2025-10-24 01:22:34
1462,POL000001462,272,6,10,20260221,20260228,20270228,2026-02-21,2026-02-28,2027-02-28,Active,Monthly,Approved with Loading,Elevated,7,4680.9,390.08,83000,0.0,0.0,0,0,0,0.0,None,,18,Agency,2026-08-14 07:08:54
1463,POL000001463,281,3,22,20230613,20230707,20240706,2023-06-13,2023-07-07,2024-07-06,Active,Monthly,Approved,Low,24,2429.14,202.43,201000,2429.14,2429.14,1,0,0,0.0,None,,20,Bancassurance,2025-09-18 17:28:28
1464,POL000001464,281,9,18,20260425,20260506,20270506,2026-04-25,2026-05-06,2027-05-06,Active,Monthly,Approved,Low,11,475.13,39.59,85000,0.0,0.0,0,0,0,0.0,None,,10,Digital,2026-05-26 15:12:38
1465,POL000001465,256,1,2,20251007,20251020,20261020,2025-10-07,2025-10-20,2026-10-20,Active,Quarterly,Approved,Standard,13,829.79,69.15,354000,0.0,0.0,0,0,0,0.0,None,,1,Broker / IFA,2025-11-22 09:50:12
1466,POL000001466,334,9,15,20250316,20250319,20260319,2025-03-16,2025-03-19,2026-03-19,Active,Monthly,Approved,Low,3,1395.31,116.28,263000,1395.31,1395.31,1,0,0,0.0,None,,5,Bancassurance,2026-09-23 07:33:44
1467,POL000001467,424,1,5,20260103,20260108,20270108,2026-01-03,2026-01-08,2027-01-08,Active,Monthly,Approved,Low,5,603.74,50.31,276000,0.0,0.0,0,0,0,0.0,None,,10,Direct,2026-04-01 20:20:14
1468,POL000001468,531,12,5,20260306,20260310,20270310,2026-03-06,2026-03-10,2027-03-10,Active,Half-yearly,Approved with Loading,Elevated,4,47640.13,3970.01,771000,0.0,0.0,0,0,0,0.0,None,,15,Direct,2026-06-17 02:36:24
1469,POL000001469,334,7,22,20240220,20240226,20250225,2024-02-20,2024-02-26,2025-02-25,Active,Annual,Approved,Low,6,1486.37,123.86,171000,1486.37,1486.37,1,0,0,0.0,None,,10,Bancassurance,2025-08-16 13:43:05
1470,POL000001470,405,7,16,20230501,20230519,20240518,2023-05-01,2023-05-19,2024-05-18,Active,Quarterly,Approved,Standard,18,1868.9,155.74,214000,1868.9,1868.9,1,0,0,0.0,None,,20,Direct,2024-09-17 01:15:25
1471,POL000001471,709,9,24,20240612,20240616,20250616,2024-06-12,2024-06-16,2025-06-16,Active,Monthly,Approved,Standard,4,1442.26,120.19,168000,1442.26,0.0,0,0,0,0.0,None,,15,Agency,2026-03-28 06:30:10
1472,POL000001472,58,8,12,20251207,20251218,20261218,2025-12-07,2025-12-18,2026-12-18,Active,Half-yearly,Approved,Standard,11,7820.52,651.71,468000,0.0,0.0,0,0,0,0.0,None,,15,Agency,2026-08-20 04:24:00
1473,POL000001473,428,10,15,20241007,20241023,20251023,2024-10-07,2024-10-23,2025-10-23,Active,Monthly,Approved with Loading,Elevated,16,6085.95,507.16,310000,6085.95,6085.95,1,0,0,0.0,None,,15,Bancassurance,2026-05-16 17:05:24
1474,POL000001474,54,7,18,20241018,20241103,20251103,2024-10-18,2024-11-03,2025-11-03,Active,Annual,Approved,Low,16,952.94,79.41,140000,952.94,0.0,0,0,0,0.0,None,,20,Digital,2026-07-29 05:53:58
1475,POL000001475,713,6,22,20240227,20240301,20250301,2024-02-27,2024-03-01,2025-03-01,Active,Monthly,Approved,Standard,3,12368.93,1030.74,292000,12368.93,12368.93,1,0,0,0.0,None,,18,Bancassurance,2024-07-05 11:59:40
1476,POL000001476,286,9,6,20230517,20230602,20240601,2023-05-17,2023-06-02,2024-06-01,Active,Quarterly,Approved,Standard,16,2426.05,202.17,222000,2426.05,2426.05,1,0,0,0.0,None,,5,Agency,2026-03-04 03:27:35
1477,POL000001477,375,9,19,20250511,20250529,20260529,2025-05-11,2025-05-29,2026-05-29,Lapsed,Monthly,Approved,Standard,18,3720.39,310.03,482000,3720.39,0.0,0,1,0,0.0,None,,10,Agency,2025-09-14 09:33:58
1478,POL000001478,118,12,20,20231013,20231021,20241020,2023-10-13,2023-10-21,2024-10-20,Active,Monthly,Approved,Standard,8,19895.55,1657.96,602000,19895.55,19895.55,1,0,0,0.0,None,,15,Agency,2025-05-13 09:52:00
1479,POL000001479,729,7,10,20240811,20240824,20250824,2024-08-11,2024-08-24,2025-08-24,Active,Monthly,Approved,Low,13,1641.64,136.8,186000,1641.64,1641.64,1,0,0,0.0,None,,25,Agency,2024-12-23 05:35:54
1480,POL000001480,390,1,1,20250910,20250921,20260921,2025-09-10,2025-09-21,2026-09-21,Active,Monthly,Approved,Low,11,311.25,25.94,143000,311.25,311.25,1,0,0,0.0,None,,10,Digital,2025-10-31 08:27:56
1481,POL000001481,459,4,12,20260503,20260510,20270510,2026-05-03,2026-05-10,2027-05-10,Active,Monthly,Approved,Standard,7,1524.83,127.07,108000,0.0,0.0,0,0,0,0.0,None,,20,Agency,2026-08-04 09:08:26
1482,POL000001482,494,9,14,20240820,20240821,20250821,2024-08-20,2024-08-21,2025-08-21,Active,Quarterly,Approved with Loading,Elevated,1,2128.21,177.35,187000,2128.21,2128.21,1,0,0,0.0,None,,10,Bancassurance,2025-03-12 07:58:55
1483,POL000001483,198,5,9,20250626,20250706,20260706,2025-06-26,2025-07-06,2026-07-06,Active,Monthly,Approved,Low,10,946.16,78.85,70000,946.16,946.16,1,0,0,0.0,None,,20,Bancassurance,2025-12-11 23:02:41
1484,POL000001484,46,7,2,20260205,20260216,20270216,2026-02-05,2026-02-16,2027-02-16,Active,Annual,Approved,Standard,11,11662.32,971.86,917000,0.0,0.0,0,0,0,0.0,None,,10,Broker / IFA,2026-04-06 00:59:34
1485,POL000001485,685,8,4,20250915,20250920,20260920,2025-09-15,2025-09-20,2026-09-20,Active,Quarterly,Approved,Standard,5,5688.8,474.07,305000,5688.8,5688.8,1,0,0,0.0,None,,15,Agency,2026-05-10 03:24:51
1486,POL000001486,687,1,5,20260314,20260322,20270322,2026-03-14,2026-03-22,2027-03-22,Active,Monthly,Approved,Low,8,419.25,34.94,191000,0.0,0.0,0,0,0,0.0,None,,2,Direct,2026-04-23 20:53:21
1487,POL000001487,245,12,9,20240807,20240818,20250818,2024-08-07,2024-08-18,2025-08-18,Active,Quarterly,Approved,Standard,11,11970.41,997.53,337000,11970.41,11970.41,1,0,0,0.0,None,,10,Bancassurance,2024-11-11 17:01:47
1488,POL000001488,710,11,1,20250723,20250729,20260729,2025-07-23,2025-07-29,2026-07-29,Active,Monthly,Approved with Loading,Elevated,6,3534.85,294.57,126000,3534.85,3534.85,1,0,0,0.0,None,,20,Digital,2026-05-17 06:25:03
1489,POL000001489,487,4,5,20241212,20241222,20251222,2024-12-12,2024-12-22,2025-12-22,Active,Annual,Approved,Low,10,2425.5,202.12,209000,2425.5,2425.5,1,0,0,0.0,None,,30,Direct,2026-01-19 21:58:43
1490,POL000001490,227,6,16,20241201,20241207,20251207,2024-12-01,2024-12-07,2025-12-07,Active,Half-yearly,Approved,Low,6,8320.61,693.38,317000,8320.61,8320.61,1,0,0,0.0,None,,10,Direct,2026-05-04 14:36:33
1491,POL000001491,680,11,6,20250622,20250630,20260630,2025-06-22,2025-06-30,2026-06-30,Active,Monthly,Approved,Low,8,5157.32,429.78,241000,5157.32,5157.32,1,0,0,0.0,None,,20,Agency,2026-01-05 13:03:33
1492,POL000001492,113,6,22,20240311,20240314,20250314,2024-03-11,2024-03-14,2025-03-14,Active,Quarterly,Approved,Standard,3,4412.22,367.68,144000,4412.22,4412.22,1,0,0,0.0,None,,18,Bancassurance,2026-07-21 23:02:49
1493,POL000001493,292,4,25,20251128,20251201,20261201,2025-11-28,2025-12-01,2026-12-01,Active,Annual,Approved,Low,3,4127.57,343.96,269000,0.0,0.0,0,0,0,0.0,None,,25,Agency,2026-05-10 04:54:14
1494,POL000001494,346,1,1,20260429,20260508,20270508,2026-04-29,2026-05-08,2027-05-08,Active,Quarterly,Approved with Loading,Elevated,9,728.98,60.75,253000,0.0,0.0,0,0,0,0.0,None,,5,Digital,2026-08-19 22:55:50
1495,POL000001495,566,4,13,20260811,20260819,20270819,2026-08-11,2026-08-19,2027-08-19,Active,Monthly,Approved,Low,8,7256.19,604.68,574000,0.0,0.0,0,0,0,0.0,None,,20,Broker / IFA,2026-08-27 06:35:25
1496,POL000001496,348,7,18,20250515,20250523,20260523,2025-05-15,2025-05-23,2026-05-23,Claimed,Annual,Approved,Standard,8,2135.2,177.93,233000,2135.2,2135.2,1,0,1,125245.3,Paid,2026-08-26,15,Digital,2025-11-15 14:19:13
1497,POL000001497,451,2,3,20230805,20230815,20240814,2023-08-05,2023-08-15,2024-08-14,Active,Half-yearly,Approved,Low,10,329.63,27.47,188000,329.63,329.63,1,0,0,0.0,None,,5,Broker / IFA,2025-12-05 04:18:07
1498,POL000001498,258,1,3,20250708,20250711,20260711,2025-07-08,2025-07-11,2026-07-11,Lapsed,Monthly,Approved with Loading,Elevated,3,534.07,44.51,186000,534.07,0.0,0,1,0,0.0,None,,10,Broker / IFA,2026-07-13 22:08:23
1499,POL000001499,504,9,15,20231106,20231127,20241126,2023-11-06,2023-11-27,2024-11-26,Active,Monthly,Approved,Standard,21,1377.57,114.8,124000,1377.57,1377.57,1,0,0,0.0,None,,5,Bancassurance,2024-03-01 20:57:15
1500,POL000001500,378,9,3,20241115,20241126,20251126,2024-11-15,2024-11-26,2025-11-26,Active,Half-yearly,Approved,Standard,11,425.57,35.46,58000,425.57,425.57,1,0,0,0.0,None,,15,Broker / IFA,2025-04-25 17:38:04
1501,POL000001501,119,8,19,20250611,20250618,20260618,2025-06-11,2025-06-18,2026-06-18,Active,Monthly,Approved,Low,7,7239.18,603.26,913000,7239.18,0.0,0,0,0,0.0,None,,20,Agency,2026-01-26 21:21:16
1502,POL000001502,582,5,15,20230612,20230623,20240622,2023-06-12,2023-06-23,2024-06-22,Active,Quarterly,Approved,Standard,11,11878.41,989.87,464000,11878.41,11878.41,1,0,0,0.0,None,,20,Bancassurance,2024-11-08 11:53:57
1503,POL000001503,134,3,2,20241125,20241205,20251205,2024-11-25,2024-12-05,2025-12-05,Active,Monthly,Approved,Low,10,1255.2,104.6,88000,1255.2,1255.2,1,0,0,0.0,None,,25,Broker / IFA,2025-12-08 14:27:31
1504,POL000001504,54,6,23,20240608,20240611,20250611,2024-06-08,2024-06-11,2025-06-11,Active,Monthly,Approved,Standard,3,5488.99,457.42,203000,5488.99,5488.99,1,0,0,0.0,None,,15,Bancassurance,2025-12-28 20:16:57
1505,POL000001505,102,12,7,20250213,20250227,20260227,2025-02-13,2025-02-27,2026-02-27,Active,Monthly,Approved,Standard,14,7547.72,628.98,262000,7547.72,7547.72,1,0,0,0.0,None,,10,Bancassurance,2025-04-09 06:02:09
1506,POL000001506,9,7,21,20230227,20230308,20240307,2023-02-27,2023-03-08,2024-03-07,Active,Monthly,Approved,Low,9,2198.04,183.17,248000,2198.04,2198.04,1,0,0,0.0,None,,25,Agency,2026-03-15 01:08:29
1507,POL000001507,349,7,10,20230122,20230127,20240127,2023-01-22,2023-01-27,2024-01-27,Active,Monthly,Approved,Low,5,5846.64,487.22,570000,5846.64,5846.64,1,0,0,0.0,None,,15,Agency,2025-04-09 21:54:01
1508,POL000001508,83,1,20,20260131,20260215,20270215,2026-01-31,2026-02-15,2027-02-15,Active,Monthly,Approved,Low,15,504.94,42.08,264000,0.0,0.0,0,0,0,0.0,None,,1,Agency,2026-03-14 00:32:50
1509,POL000001509,378,4,19,20240722,20240727,20250727,2024-07-22,2024-07-27,2025-07-27,Lapsed,Monthly,Approved,Standard,5,8218.84,684.9,516000,8218.84,0.0,0,1,0,0.0,None,,20,Agency,2026-06-18 15:00:37
1510,POL000001510,443,9,21,20251021,20251028,20261028,2025-10-21,2025-10-28,2026-10-28,Active,Monthly,Approved,Standard,7,1331.35,110.95,194000,0.0,0.0,0,0,0,0.0,None,,5,Agency,2026-04-25 09:41:23
1511,POL000001511,366,5,4,20241023,20241028,20251028,2024-10-23,2024-10-28,2025-10-28,Active,Monthly,Approved,Low,5,3240.03,270.0,112000,3240.03,3240.03,1,0,0,0.0,None,,10,Agency,2025-11-11 19:39:56
1512,POL000001512,399,5,20,20240802,20240807,20250807,2024-08-02,2024-08-07,2025-08-07,Active,Monthly,Approved,Standard,5,1786.42,148.87,76000,1786.42,0.0,0,0,0,0.0,None,,15,Agency,2024-08-17 17:53:42
1513,POL000001513,635,9,3,20260529,20260531,20270531,2026-05-29,2026-05-31,2027-05-31,Active,Monthly,Approved,Standard,2,1784.08,148.67,209000,0.0,0.0,0,0,0,0.0,None,,20,Broker / IFA,2026-09-07 08:32:17
1514,POL000001514,333,4,8,20230306,20230314,20240313,2023-03-06,2023-03-14,2024-03-13,Active,Annual,Approved,Standard,8,13947.36,1162.28,539000,13947.36,13947.36,1,0,0,0.0,None,,25,Bancassurance,2023-07-22 14:08:13
1515,POL000001515,391,8,8,20231025,20231105,20241104,2023-10-25,2023-11-05,2024-11-04,Active,Monthly,Approved,Standard,11,1534.12,127.84,166000,1534.12,1534.12,1,0,0,0.0,None,,10,Bancassurance,2025-04-19 10:30:12
1516,POL000001516,429,5,24,20260227,20260228,20270228,2026-02-27,2026-02-28,2027-02-28,Active,Monthly,Approved,Low,1,3707.8,308.98,146000,0.0,0.0,0,0,0,0.0,None,,15,Agency,2026-06-01 00:10:54
1517,POL000001517,700,5,10,20250204,20250209,20260209,2025-02-04,2025-02-09,2026-02-09,Active,Quarterly,Approved,Standard,5,3874.36,322.86,94000,3874.36,3874.36,1,0,0,0.0,None,,15,Agency,2026-02-08 05:16:09
1518,POL000001518,414,6,16,20250226,20250310,20260310,2025-02-26,2025-03-10,2026-03-10,Lapsed,Monthly,Approved,Standard,12,6392.01,532.67,324000,6392.01,0.0,0,1,0,0.0,None,,15,Direct,2025-09-15 20:55:58
1519,POL000001519,556,1,6,20250211,20250224,20260224,2025-02-11,2025-02-24,2026-02-24,Active,Monthly,Approved with Loading,Elevated,13,1368.96,114.08,714000,1368.96,1368.96,1,0,0,0.0,None,,2,Agency,2026-04-08 12:25:48
1520,POL000001520,267,5,9,20231205,20231217,20241216,2023-12-05,2023-12-17,2024-12-16,Active,Quarterly,Approved,Standard,12,8836.93,736.41,314000,8836.93,8836.93,1,0,0,0.0,None,,20,Bancassurance,2025-05-14 00:26:08
1521,POL000001521,411,3,7,20241007,20241022,20251022,2024-10-07,2024-10-22,2025-10-22,Lapsed,Annual,Approved,Low,15,6547.79,545.65,539000,6547.79,0.0,0,1,0,0.0,None,,30,Bancassurance,2024-10-26 13:24:37
1522,POL000001522,254,1,15,20240815,20240821,20250821,2024-08-15,2024-08-21,2025-08-21,Active,Annual,Approved,Standard,6,2294.19,191.18,1010000,2294.19,2294.19,1,0,0,0.0,None,,5,Bancassurance,2026-06-28 01:54:50
1523,POL000001523,658,9,23,20251013,20251024,20261024,2025-10-13,2025-10-24,2026-10-24,Active,Monthly,Approved,Standard,11,5368.77,447.4,406000,0.0,0.0,0,0,0,0.0,None,,15,Bancassurance,2026-04-12 22:51:37
1524,POL000001524,154,10,16,20260125,20260202,20270202,2026-01-25,2026-02-02,2027-02-02,Active,Annual,Approved,Standard,8,1462.23,121.85,168000,0.0,0.0,0,0,0,0.0,None,,10,Direct,2026-07-20 05:09:24
1525,POL000001525,159,3,21,20230830,20230902,20240901,2023-08-30,2023-09-02,2024-09-01,Active,Monthly,Approved,Standard,3,4049.58,337.46,175000,4049.58,4049.58,1,0,0,0.0,None,,20,Agency,2026-03-13 05:03:52
1526,POL000001526,611,9,2,20260803,20260824,20270824,2026-08-03,2026-08-24,2027-08-24,Active,Annual,Approved,Standard,21,4071.14,339.26,433000,0.0,0.0,0,0,0,0.0,None,,10,Broker / IFA,2026-09-19 03:29:16
1527,POL000001527,389,7,9,20230415,20230506,20240505,2023-04-15,2023-05-06,2024-05-05,Active,Annual,Approved,Low,21,788.09,65.67,113000,788.09,788.09,1,0,0,0.0,None,,15,Bancassurance,2026-06-18 03:36:47
1528,POL000001528,192,2,1,20250419,20250430,20260430,2025-04-19,2025-04-30,2026-04-30,Active,Monthly,Approved,Standard,11,745.41,62.12,534000,745.41,745.41,1,0,0,0.0,None,,15,Digital,2026-07-23 09:01:19
1529,POL000001529,162,5,21,20250417,20250501,20260501,2025-04-17,2025-05-01,2026-05-01,Active,Monthly,Approved,Standard,14,4499.77,374.98,156000,4499.77,4499.77,1,0,0,0.0,None,,20,Agency,2026-03-22 16:17:23
1530,POL000001530,112,6,19,20240820,20240908,20250908,2024-08-20,2024-09-08,2025-09-08,Active,Monthly,Approved,Low,19,13266.21,1105.52,300000,13266.21,13266.21,1,0,0,0.0,None,,10,Agency,2025-12-06 04:46:39
1531,POL000001531,693,9,18,20230409,20230413,20240412,2023-04-09,2023-04-13,2024-04-12,Active,Monthly,Approved,Standard,4,1306.7,108.89,130000,1306.7,1306.7,1,0,0,0.0,None,,20,Digital,2024-09-01 15:58:37
1532,POL000001532,343,2,13,20230731,20230810,20240809,2023-07-31,2023-08-10,2024-08-09,Active,Monthly,Approved,Low,10,431.33,35.94,413000,431.33,0.0,0,0,0,0.0,None,,15,Broker / IFA,2024-08-26 09:49:44
1533,POL000001533,269,11,4,20231209,20231213,20241212,2023-12-09,2023-12-13,2024-12-12,Claimed,Monthly,Approved,Standard,4,18358.65,1529.89,681000,18358.65,18358.65,1,0,1,313971.25,Paid,2024-05-23,15,Agency,2024-02-12 06:34:11
1534,POL000001534,336,9,24,20260426,20260501,20270501,2026-04-26,2026-05-01,2027-05-01,Active,Monthly,Approved with Loading,Elevated,5,3532.0,294.33,266000,0.0,0.0,0,0,0,0.0,None,,15,Agency,2026-05-06 20:31:31
1535,POL000001535,125,9,14,20241012,20241017,20251017,2024-10-12,2024-10-17,2025-10-17,Lapsed,Monthly,Approved,Low,5,1270.86,105.9,171000,1270.86,0.0,0,1,0,0.0,None,,15,Bancassurance,2025-01-12 08:50:14
1536,POL000001536,58,3,2,20260712,20260713,20270713,2026-07-12,2026-07-13,2027-07-13,Active,Quarterly,Approved,Standard,1,20523.9,1710.32,642000,0.0,0.0,0,0,0,0.0,None,,20,Broker / IFA,2026-08-26 18:13:58
1537,POL000001537,163,2,8,20250324,20250331,20260331,2025-03-24,2025-03-31,2026-03-31,Active,Annual,Approved,Low,7,5159.03,429.92,982000,5159.03,5159.03,1,0,0,0.0,None,,5,Bancassurance,2025-10-04 01:44:27
1538,POL000001538,587,2,24,20241124,20241207,20251207,2024-11-24,2024-12-07,2025-12-07,Active,Annual,Approved,Low,13,1405.68,117.14,518000,1405.68,0.0,0,0,0,0.0,None,,20,Agency,2025-12-04 09:07:51
1539,POL000001539,161,7,21,20240602,20240611,20250611,2024-06-02,2024-06-11,2025-06-11,Active,Monthly,Approved,Standard,9,12506.36,1042.2,637000,12506.36,12506.36,1,0,0,0.0,None,,20,Agency,2026-08-27 23:18:47
1540,POL000001540,524,4,10,20250515,20250527,20260527,2025-05-15,2025-05-27,2026-05-27,Active,Monthly,Approved with Loading,Elevated,12,13437.89,1119.82,749000,13437.89,0.0,0,0,0,0.0,None,,30,Agency,2025-09-05 13:40:09
1541,POL000001541,296,1,21,20260120,20260128,20270128,2026-01-20,2026-01-28,2027-01-28,Active,Monthly,Approved,Standard,8,1815.79,151.32,638000,0.0,0.0,0,0,0,0.0,None,,1,Agency,2026-06-08 10:54:12
1542,POL000001542,68,2,11,20240204,20240214,20250213,2024-02-04,2024-02-14,2025-02-13,Active,Monthly,Approved,Standard,10,2133.64,177.8,610000,2133.64,0.0,0,0,0,0.0,None,,15,Bancassurance,2026-03-27 19:13:17
1543,POL000001543,397,2,18,20260816,20260823,20270823,2026-08-16,2026-08-23,2027-08-23,Active,Monthly,Approved,Standard,7,3084.56,257.05,1074000,0.0,0.0,0,0,0,0.0,None,,5,Digital,2026-09-10 08:38:26
1544,POL000001544,49,2,13,20260610,20260709,20270709,2026-06-10,2026-07-09,2027-07-09,Active,Monthly,Approved,Standard,29,4481.69,373.47,1000000,0.0,0.0,0,0,0,0.0,None,,15,Broker / IFA,2026-08-10 20:32:21
1545,POL000001545,478,4,21,20251116,20251121,20261121,2025-11-16,2025-11-21,2026-11-21,Active,Monthly,Approved,Low,5,9492.18,791.02,622000,0.0,0.0,0,0,0,0.0,None,,30,Agency,2026-09-13 17:30:59
1546,POL000001546,69,6,19,20240906,20240909,20250909,2024-09-06,2024-09-09,2025-09-09,Active,Quarterly,Approved,Standard,3,4438.71,369.89,280000,4438.71,4438.71,1,0,0,0.0,None,,15,Agency,2025-11-20 15:07:03
1547,POL000001547,478,4,2,20260202,20260209,20270209,2026-02-02,2026-02-09,2027-02-09,Active,Monthly,Approved,Low,7,3481.96,290.16,245000,0.0,0.0,0,0,0,0.0,None,,25,Broker / IFA,2026-09-20 05:38:25
1548,POL000001548,236,10,2,20240507,20240507,20250507,2024-05-07,2024-05-07,2025-05-07,Active,Monthly,Approved,Low,0,1639.02,136.58,206000,1639.02,1639.02,1,0,0,0.0,None,,5,Broker / IFA,2026-05-23 19:38:48
1549,POL000001549,461,8,11,20260708,20260802,20270802,2026-07-08,2026-08-02,2027-08-02,Active,Quarterly,Approved,Low,25,2508.74,209.06,202000,0.0,0.0,0,0,0,0.0,None,,20,Bancassurance,2026-08-08 20:38:03
1550,POL000001550,713,7,7,20240223,20240228,20250227,2024-02-23,2024-02-28,2025-02-27,Active,Quarterly,Approved,Standard,5,5487.79,457.32,395000,5487.79,5487.79,1,0,0,0.0,None,,15,Bancassurance,2025-01-21 13:19:47
1551,POL000001551,423,6,24,20231213,20231231,20241230,2023-12-13,2023-12-31,2024-12-30,Active,Quarterly,Approved,Standard,18,4057.29,338.11,174000,4057.29,4057.29,1,0,0,0.0,None,,10,Agency,2024-03-20 08:58:47
1552,POL000001552,228,2,1,20241022,20241107,20251107,2024-10-22,2024-11-07,2025-11-07,Active,Quarterly,Approved with Loading,Elevated,16,1109.68,92.47,333000,1109.68,0.0,0,0,0,0.0,None,,15,Digital,2026-09-19 03:22:19
1553,POL000001553,623,2,19,20260405,20260421,20270421,2026-04-05,2026-04-21,2027-04-21,Active,Monthly,Approved with Loading,Elevated,16,2395.38,199.62,732000,0.0,0.0,0,0,0,0.0,None,,15,Agency,2026-09-08 05:32:29
1554,POL000001554,543,10,1,20231006,20231009,20241008,2023-10-06,2023-10-09,2024-10-08,Active,Monthly,Approved,Standard,3,789.62,65.8,127000,789.62,789.62,1,0,0,0.0,None,,10,Digital,2023-11-10 16:58:13
1555,POL000001555,12,6,16,20260209,20260214,20270214,2026-02-09,2026-02-14,2027-02-14,Active,Half-yearly,Approved,Standard,5,4216.86,351.4,156000,0.0,0.0,0,0,0,0.0,None,,18,Direct,2026-03-20 05:34:52
1556,POL000001556,220,7,2,20230904,20230908,20240907,2023-09-04,2023-09-08,2024-09-07,Active,Monthly,Approved,Standard,4,2312.56,192.71,162000,2312.56,2312.56,1,0,0,0.0,None,,10,Broker / IFA,2026-05-03 20:35:52
1557,POL000001557,471,4,12,20251231,20260108,20270108,2025-12-31,2026-01-08,2027-01-08,Active,Annual,Approved with Loading,Elevated,8,12419.55,1034.96,551000,0.0,0.0,0,0,0,0.0,None,,30,Agency,2026-04-29 05:11:30
1558,POL000001558,36,7,2,20240316,20240325,20250325,2024-03-16,2024-03-25,2025-03-25,Active,Monthly,Approved,Low,9,7777.1,648.09,648000,7777.1,0.0,0,0,0,0.0,None,,20,Broker / IFA,2024-05-27 03:39:21
1559,POL000001559,306,10,18,20250722,20250806,20260806,2025-07-22,2025-08-06,2026-08-06,Active,Monthly,Approved,Low,15,1425.02,118.75,220000,1425.02,1425.02,1,0,0,0.0,None,,10,Digital,2026-02-18 16:27:10
1560,POL000001560,548,12,3,20230425,20230511,20240510,2023-04-25,2023-05-11,2024-05-10,Active,Monthly,Approved with Loading,Elevated,16,7891.55,657.63,164000,7891.55,7891.55,1,0,0,0.0,None,,20,Broker / IFA,2026-01-30 13:22:52
1561,POL000001561,121,7,3,20230831,20230917,20240916,2023-08-31,2023-09-17,2024-09-16,Active,Annual,Approved,Standard,17,7566.47,630.54,639000,7566.47,7566.47,1,0,0,0.0,None,,20,Broker / IFA,2025-03-10 11:42:10
1562,POL000001562,397,1,2,20240925,20240927,20250927,2024-09-25,2024-09-27,2025-09-27,Active,Monthly,Approved,Standard,2,2944.04,245.34,1408000,2944.04,0.0,0,0,0,0.0,None,,10,Broker / IFA,2025-06-07 19:03:53
1563,POL000001563,722,10,19,20250121,20250128,20260128,2025-01-21,2025-01-28,2026-01-28,Active,Monthly,Approved,Low,7,2506.72,208.89,300000,2506.72,2506.72,1,0,0,0.0,None,,15,Agency,2026-07-31 13:23:28
1564,POL000001564,297,1,1,20241219,20241230,20251230,2024-12-19,2024-12-30,2025-12-30,Active,Monthly,Approved with Loading,Elevated,11,4734.91,394.58,1339000,4734.91,4734.91,1,0,0,0.0,None,,5,Digital,2026-05-27 07:41:44
1565,POL000001565,154,9,18,20240104,20240108,20250107,2024-01-04,2024-01-08,2025-01-07,Active,Annual,Approved,Standard,4,2886.29,240.52,376000,2886.29,2886.29,1,0,0,0.0,None,,5,Digital,2024-06-24 12:44:56
1566,POL000001566,581,7,2,20250408,20250413,20260413,2025-04-08,2025-04-13,2026-04-13,Active,Half-yearly,Approved,Standard,5,1173.17,97.76,151000,1173.17,1173.17,1,0,0,0.0,None,,15,Broker / IFA,2025-12-23 05:39:22
1567,POL000001567,509,1,18,20241213,20241224,20251224,2024-12-13,2024-12-24,2025-12-24,Active,Annual,Approved,Standard,11,1781.75,148.48,948000,1781.75,1781.75,1,0,0,0.0,None,,10,Digital,2025-03-07 00:04:22
1568,POL000001568,460,6,13,20250401,20250407,20260407,2025-04-01,2025-04-07,2026-04-07,Active,Monthly,Approved,Low,6,2712.83,226.07,81000,2712.83,2712.83,1,0,0,0.0,None,,15,Broker / IFA,2026-04-08 04:01:38
1569,POL000001569,300,7,16,20230226,20230303,20240302,2023-02-26,2023-03-03,2024-03-02,Cancelled,Annual,Approved,Standard,5,9187.2,765.6,930000,9187.2,0.0,0,0,0,0.0,None,,15,Direct,2024-09-29 22:22:17
1570,POL000001570,323,3,22,20240516,20240521,20250521,2024-05-16,2024-05-21,2025-05-21,Active,Annual,Approved,Standard,5,3454.84,287.9,235000,3454.84,3454.84,1,0,0,0.0,None,,30,Bancassurance,2026-05-27 16:25:34
1571,POL000001571,146,3,25,20231014,20231016,20241015,2023-10-14,2023-10-16,2024-10-15,Active,Monthly,Approved,Standard,2,5339.88,444.99,365000,5339.88,5339.88,1,0,0,0.0,None,,30,Agency,2024-06-29 02:15:28
1572,POL000001572,192,7,12,20251221,20251227,20261227,2025-12-21,2025-12-27,2026-12-27,Active,Monthly,Approved,Low,6,3249.76,270.81,220000,0.0,0.0,0,0,0,0.0,None,,20,Agency,2026-01-10 09:56:19
1573,POL000001573,10,3,22,20251213,20251224,20261224,2025-12-13,2025-12-24,2026-12-24,Active,Quarterly,Approved,Standard,11,1608.67,134.06,146000,0.0,0.0,0,0,0,0.0,None,,25,Bancassurance,2026-06-24 05:35:21
1574,POL000001574,37,7,3,20260609,20260616,20270616,2026-06-09,2026-06-16,2027-06-16,Active,Monthly,Approved,Low,7,9269.86,772.49,616000,0.0,0.0,0,0,0,0.0,None,,25,Broker / IFA,2026-06-23 17:17:49
1575,POL000001575,636,5,7,20251210,20251223,20261223,2025-12-10,2025-12-23,2026-12-23,Active,Monthly,Approved,Standard,13,8097.25,674.77,306000,0.0,0.0,0,0,0,0.0,None,,20,Bancassurance,2026-01-12 21:57:38
1576,POL000001576,623,12,14,20260402,20260405,20270405,2026-04-02,2026-04-05,2027-04-05,Active,Monthly,Approved,Standard,3,10989.98,915.83,675000,0.0,0.0,0,0,0,0.0,None,,15,Bancassurance,2026-08-05 16:51:54
1577,POL000001577,417,8,4,20230810,20230815,20240814,2023-08-10,2023-08-15,2024-08-14,Active,Monthly,Approved,Standard,5,3547.52,295.63,225000,3547.52,3547.52,1,0,0,0.0,None,,15,Agency,2023-11-03 15:41:14
1578,POL000001578,477,2,4,20241220,20241230,20251230,2024-12-20,2024-12-30,2025-12-30,Active,Monthly,Approved with Loading,Elevated,10,1540.31,128.36,539000,1540.31,0.0,0,0,0,0.0,None,,15,Agency,2025-12-27 04:44:28
1579,POL000001579,132,8,18,20231221,20240106,20250105,2023-12-21,2024-01-06,2025-01-05,Claimed,Monthly,Approved,Standard,16,4112.27,342.69,615000,4112.27,4112.27,1,0,1,301480.38,Paid,2024-06-12,20,Digital,2024-07-23 23:40:18
1580,POL000001580,194,2,20,20250210,20250215,20260215,2025-02-10,2025-02-15,2026-02-15,Active,Quarterly,Approved,Standard,5,1467.61,122.3,451000,1467.61,1467.61,1,0,0,0.0,None,,20,Agency,2025-08-30 17:31:29
1581,POL000001581,124,11,3,20250110,20250114,20260114,2025-01-10,2025-01-14,2026-01-14,Active,Annual,Approved with Loading,Elevated,4,5788.19,482.35,126000,5788.19,5788.19,1,0,0,0.0,None,,15,Broker / IFA,2025-11-09 23:39:18
1582,POL000001582,430,2,4,20260221,20260304,20270304,2026-02-21,2026-03-04,2027-03-04,Active,Half-yearly,Approved,Standard,11,1046.1,87.18,460000,0.0,0.0,0,0,0,0.0,None,,5,Agency,2026-06-01 19:58:08
1583,POL000001583,421,5,12,20250714,20250718,20260718,2025-07-14,2025-07-18,2026-07-18,Active,Monthly,Approved,Standard,4,1732.99,144.42,57000,1732.99,1732.99,1,0,0,0.0,None,,15,Agency,2026-09-17 15:32:22
1584,POL000001584,431,2,12,20230823,20230831,20240830,2023-08-23,2023-08-31,2024-08-30,Active,Quarterly,Approved,Standard,8,996.55,83.05,294000,996.55,0.0,0,0,0,0.0,None,,10,Agency,2024-07-17 23:18:07
1585,POL000001585,111,3,24,20250514,20250521,20260521,2025-05-14,2025-05-21,2026-05-21,Active,Monthly,Approved,Standard,7,13203.33,1100.28,663000,13203.33,0.0,0,0,0,0.0,None,,30,Agency,2025-11-27 21:09:57
1586,POL000001586,664,9,17,20260129,20260214,20270214,2026-01-29,2026-02-14,2027-02-14,Lapsed,Monthly,Approved with Loading,Elevated,16,2036.83,169.74,213000,0.0,0.0,0,1,0,0.0,None,,5,Bancassurance,2026-07-06 10:37:41
1587,POL000001587,329,12,5,20230929,20231007,20241006,2023-09-29,2023-10-07,2024-10-06,Active,Annual,Approved,Standard,8,17001.99,1416.83,753000,17001.99,17001.99,1,0,0,0.0,None,,15,Direct,2025-01-11 07:39:12
1588,POL000001588,369,2,10,20230212,20230228,20240228,2023-02-12,2023-02-28,2024-02-28,Active,Quarterly,Approved,Standard,16,1290.88,107.57,471000,1290.88,0.0,0,0,0,0.0,None,,20,Agency,2024-05-26 02:25:39
1589,POL000001589,442,5,1,20250710,20250809,20260809,2025-07-10,2025-08-09,2026-08-09,Active,Monthly,Approved,Low,30,5246.64,437.22,292000,5246.64,5246.64,1,0,0,0.0,None,,10,Digital,2026-03-30 23:14:10
1590,POL000001590,85,1,1,20230226,20230313,20240312,2023-02-26,2023-03-13,2024-03-12,Matured,Monthly,Approved,Standard,15,484.17,40.35,219000,484.17,484.17,1,0,0,0.0,None,,2,Digital,2024-01-17 05:00:50
1591,POL000001591,377,6,11,20231001,20231010,20241009,2023-10-01,2023-10-10,2024-10-09,Active,Monthly,Approved,Low,9,1632.15,136.01,106000,1632.15,1632.15,1,0,0,0.0,None,,10,Bancassurance,2024-09-06 11:40:13
1592,POL000001592,485,6,13,20240416,20240421,20250421,2024-04-16,2024-04-21,2025-04-21,Active,Monthly,Approved,Low,5,4716.9,393.08,207000,4716.9,0.0,0,0,0,0.0,None,,18,Broker / IFA,2025-01-22 04:19:11
1593,POL000001593,694,4,8,20241106,20241107,20251107,2024-11-06,2024-11-07,2025-11-07,Active,Monthly,Approved,Standard,1,3156.81,263.07,226000,3156.81,3156.81,1,0,0,0.0,None,,25,Bancassurance,2025-01-02 08:10:14
1594,POL000001594,611,1,4,20230511,20230515,20240514,2023-05-11,2023-05-15,2024-05-14,Active,Monthly,Approved,Standard,4,774.66,64.55,461000,774.66,774.66,1,0,0,0.0,None,,5,Agency,2025-12-03 21:01:50
1595,POL000001595,342,11,17,20231010,20231016,20241015,2023-10-10,2023-10-16,2024-10-15,Lapsed,Quarterly,Approved,Standard,6,9213.23,767.77,328000,9213.23,0.0,0,1,0,0.0,None,,15,Bancassurance,2025-07-25 05:53:32
1596,POL000001596,364,3,10,20240804,20240807,20250807,2024-08-04,2024-08-07,2025-08-07,Active,Annual,Approved,Low,3,7934.45,661.2,619000,7934.45,7934.45,1,0,0,0.0,None,,20,Agency,2025-09-04 06:26:35
1597,POL000001597,743,11,23,20250929,20251003,20261003,2025-09-29,2025-10-03,2026-10-03,Active,Half-yearly,Approved,Standard,4,5058.18,421.52,370000,0.0,0.0,0,0,0,0.0,None,,15,Bancassurance,2026-07-31 19:24:32
1598,POL000001598,546,5,15,20260626,20260628,20270628,2026-06-26,2026-06-28,2027-06-28,Active,Monthly,Approved,Standard,2,1496.1,124.68,70000,0.0,0.0,0,0,0,0.0,None,,15,Bancassurance,2026-08-04 05:20:57
1599,POL000001599,219,6,2,20231005,20231015,20241014,2023-10-05,2023-10-15,2024-10-14,Active,Monthly,Approved,Low,10,6432.48,536.04,281000,6432.48,6432.48,1,0,0,0.0,None,,18,Broker / IFA,2024-01-30 08:33:37
1600,POL000001600,202,12,6,20240720,20240726,20250726,2024-07-20,2024-07-26,2025-07-26,Active,Annual,Approved,Low,6,11837.24,986.44,549000,11837.24,11837.24,1,0,0,0.0,None,,10,Agency,2025-11-19 09:23:17
1601,POL000001601,182,5,2,20231214,20231226,20241225,2023-12-14,2023-12-26,2024-12-25,Active,Annual,Approved,Standard,12,9202.11,766.84,283000,9202.11,9202.11,1,0,0,0.0,None,,10,Broker / IFA,2024-11-26 23:18:43
1602,POL000001602,585,1,4,20251122,20251126,20261126,2025-11-22,2025-11-26,2026-11-26,Active,Monthly,Approved,Standard,4,580.57,48.38,200000,0.0,0.0,0,0,0,0.0,None,,10,Agency,2026-05-29 00:02:34
1603,POL000001603,57,9,4,20260802,20260817,20270817,2026-08-02,2026-08-17,2027-08-17,Active,Monthly,Approved,Low,15,1069.36,89.11,164000,0.0,0.0,0,0,0,0.0,None,,10,Agency,2026-09-07 05:45:22
1604,POL000001604,48,10,24,20240504,20240523,20250523,2024-05-04,2024-05-23,2025-05-23,Active,Monthly,Approved,Standard,19,1436.92,119.74,191000,1436.92,1436.92,1,0,0,0.0,None,,10,Agency,2025-12-01 07:34:59
1605,POL000001605,736,3,11,20251226,20251227,20261227,2025-12-26,2025-12-27,2026-12-27,Active,Monthly,Approved,Standard,1,5309.72,442.48,318000,0.0,0.0,0,0,0,0.0,None,,30,Bancassurance,2026-01-23 11:47:21
1606,POL000001606,395,5,19,20230320,20230322,20240321,2023-03-20,2023-03-22,2024-03-21,Active,Half-yearly,Approved,Standard,2,2290.23,190.85,73000,2290.23,2290.23,1,0,0,0.0,None,,20,Agency,2024-07-01 05:10:10
1607,POL000001607,551,8,20,20231025,20231031,20241030,2023-10-25,2023-10-31,2024-10-30,Lapsed,Monthly,Approved,Low,6,4471.21,372.6,417000,4471.21,0.0,0,1,0,0.0,None,,10,Agency,2025-10-01 01:19:00
1608,POL000001608,747,7,20,20250625,20250701,20260701,2025-06-25,2025-07-01,2026-07-01,Active,Monthly,Approved,Low,6,4111.09,342.59,381000,4111.09,4111.09,1,0,0,0.0,None,,25,Agency,2026-02-10 03:31:34
1609,POL000001609,473,8,18,20260507,20260510,20270510,2026-05-07,2026-05-10,2027-05-10,Active,Annual,Approved,Standard,3,5941.51,495.13,590000,0.0,0.0,0,0,0,0.0,None,,20,Digital,2026-05-12 18:24:12
1610,POL000001610,457,1,1,20250526,20250604,20260604,2025-05-26,2025-06-04,2026-06-04,Matured,Monthly,Approved,Standard,9,4031.37,335.95,1373000,4031.37,4031.37,1,0,0,0.0,None,,1,Digital,2026-01-31 10:34:59
1611,POL000001611,29,4,19,20240114,20240126,20250125,2024-01-14,2024-01-26,2025-01-25,Active,Quarterly,Approved,Standard,12,11616.92,968.08,419000,11616.92,11616.92,1,0,0,0.0,None,,30,Agency,2024-06-20 10:51:30
1612,POL000001612,315,8,18,20251125,20251204,20261204,2025-11-25,2025-12-04,2026-12-04,Active,Monthly,Approved,Standard,9,4102.15,341.85,413000,0.0,0.0,0,0,0,0.0,None,,10,Digital,2026-06-19 20:43:59
1613,POL000001613,109,9,18,20240610,20240617,20250617,2024-06-10,2024-06-17,2025-06-17,Active,Monthly,Approved,Standard,7,1202.89,100.24,209000,1202.89,0.0,0,0,0,0.0,None,,20,Digital,2026-04-27 23:30:33
1614,POL000001614,663,7,16,20250727,20250801,20260801,2025-07-27,2025-08-01,2026-08-01,Active,Annual,Approved,Low,5,5220.73,435.06,435000,5220.73,5220.73,1,0,0,0.0,None,,20,Direct,2026-08-29 11:54:03
1615,POL000001615,420,5,11,20230103,20230106,20240106,2023-01-03,2023-01-06,2024-01-06,Active,Monthly,Approved,Standard,3,4669.43,389.12,248000,4669.43,4669.43,1,0,0,0.0,None,,20,Bancassurance,2025-03-22 21:28:10
1616,POL000001616,488,10,4,20250118,20250124,20260124,2025-01-18,2025-01-24,2026-01-24,Active,Annual,Approved,Standard,6,1048.42,87.37,86000,1048.42,1048.42,1,0,0,0.0,None,,15,Agency,2025-02-01 06:09:46
1617,POL000001617,619,7,25,20250823,20250830,20260830,2025-08-23,2025-08-30,2026-08-30,Active,Monthly,Approved,Standard,7,1419.27,118.27,145000,1419.27,1419.27,1,0,0,0.0,None,,20,Agency,2026-05-23 13:58:31
1618,POL000001618,553,11,21,20240821,20240831,20250831,2024-08-21,2024-08-31,2025-08-31,Active,Monthly,Approved,Standard,10,10179.02,848.25,343000,10179.02,10179.02,1,0,0,0.0,None,,15,Agency,2026-08-06 07:37:26
1619,POL000001619,9,6,7,20241220,20241224,20251224,2024-12-20,2024-12-24,2025-12-24,Lapsed,Annual,Approved,Low,4,4083.82,340.32,180000,4083.82,0.0,0,1,0,0.0,None,,10,Bancassurance,2026-04-28 16:50:16
1620,POL000001620,409,11,14,20240827,20240904,20250904,2024-08-27,2024-09-04,2025-09-04,Active,Monthly,Approved with Loading,Elevated,8,22098.25,1841.52,479000,22098.25,22098.25,1,0,0,0.0,None,,20,Bancassurance,2025-08-21 13:05:11
1621,POL000001621,459,3,9,20230111,20230117,20240117,2023-01-11,2023-01-17,2024-01-17,Active,Monthly,Approved,Low,6,1324.24,110.35,104000,1324.24,1324.24,1,0,0,0.0,None,,30,Bancassurance,2024-05-25 13:33:51
1622,POL000001622,692,10,16,20260916,20260925,20270925,2026-09-16,2026-09-25,2027-09-25,Active,Monthly,Approved with Loading,Elevated,9,1799.06,149.92,107000,0.0,0.0,0,0,0,0.0,None,,15,Direct,2026-09-25 10:50:02
1623,POL000001623,154,4,20,20240518,20240531,20250531,2024-05-18,2024-05-31,2025-05-31,Active,Monthly,Approved with Loading,Elevated,13,3817.6,318.13,111000,3817.6,3817.6,1,0,0,0.0,None,,25,Agency,2024-07-04 21:37:26
1624,POL000001624,46,2,16,20250307,20250312,20260312,2025-03-07,2025-03-12,2026-03-12,Cancelled,Quarterly,Approved,Standard,5,2368.79,197.4,876000,2368.79,0.0,0,0,0,0.0,None,,20,Direct,2025-09-14 06:06:42
1625,POL000001625,178,3,20,20230916,20230921,20240920,2023-09-16,2023-09-21,2024-09-20,Cancelled,Monthly,Approved,Standard,5,2313.86,192.82,202000,2313.86,0.0,0,0,0,0.0,None,,25,Agency,2024-11-06 19:42:16
1626,POL000001626,191,7,8,20240218,20240312,20250312,2024-02-18,2024-03-12,2025-03-12,Cancelled,Monthly,Approved,Low,23,1490.45,124.2,112000,1490.45,0.0,0,0,0,0.0,None,,15,Bancassurance,2026-04-12 08:49:58
1627,POL000001627,542,10,18,20240428,20240430,20250430,2024-04-28,2024-04-30,2025-04-30,Active,Annual,Approved,Low,2,1822.43,151.87,315000,1822.43,1822.43,1,0,0,0.0,None,,15,Digital,2026-07-20 08:40:00
1628,POL000001628,345,1,5,20251102,20251110,20261110,2025-11-02,2025-11-10,2026-11-10,Active,Monthly,Approved,Low,8,462.59,38.55,319000,0.0,0.0,0,0,0,0.0,None,,1,Direct,2025-12-15 04:10:46
1629,POL000001629,724,12,4,20230903,20230918,20240917,2023-09-03,2023-09-18,2024-09-17,Active,Annual,Approved with Loading,Elevated,15,21602.34,1800.2,558000,21602.34,21602.34,1,0,0,0.0,None,,20,Agency,2025-03-27 05:28:34
1630,POL000001630,408,1,1,20260722,20260724,20270724,2026-07-22,2026-07-24,2027-07-24,Claimed,Annual,Approved,Low,2,276.63,23.05,217000,0.0,0.0,0,0,1,116371.37,Paid,2026-09-21,5,Digital,2026-08-04 03:33:28
1631,POL000001631,18,1,1,20230105,20230112,20240112,2023-01-05,2023-01-12,2024-01-12,Matured,Monthly,Approved,Standard,7,2130.18,177.52,855000,2130.18,2130.18,1,0,0,0.0,None,,2,Digital,2026-09-12 05:08:15
1632,POL000001632,672,6,15,20250507,20250515,20260515,2025-05-07,2025-05-15,2026-05-15,Active,Monthly,Approved,Standard,8,10063.2,838.6,145000,10063.2,0.0,0,0,0,0.0,None,,18,Bancassurance,2025-10-06 23:13:08
1633,POL000001633,685,3,18,20230705,20230710,20240709,2023-07-05,2023-07-10,2024-07-09,Active,Monthly,Approved,Standard,5,4452.08,371.01,310000,4452.08,4452.08,1,0,0,0.0,None,,25,Digital,2025-11-21 04:14:23
1634,POL000001634,344,5,19,20241207,20241214,20251214,2024-12-07,2024-12-14,2025-12-14,Active,Monthly,Approved with Loading,Elevated,7,7150.04,595.84,188000,7150.04,7150.04,1,0,0,0.0,None,,20,Agency,2025-12-20 23:41:18
1635,POL000001635,16,5,11,20251007,20251015,20261015,2025-10-07,2025-10-15,2026-10-15,Active,Annual,Approved,Standard,8,10412.55,867.71,407000,0.0,0.0,0,0,0,0.0,None,,15,Bancassurance,2026-07-06 13:03:40
1636,POL000001636,147,1,21,20230510,20230517,20240516,2023-05-10,2023-05-17,2024-05-16,Lapsed,Monthly,Approved,Low,7,995.92,82.99,846000,995.92,0.0,0,1,0,0.0,None,,20,Agency,2023-05-30 10:55:20
1637,POL000001637,99,9,6,20260306,20260318,20270318,2026-03-06,2026-03-18,2027-03-18,Active,Quarterly,Approved,Low,12,906.38,75.53,89000,0.0,0.0,0,0,0,0.0,None,,10,Agency,2026-07-23 05:32:15
1638,POL000001638,466,4,19,20260915,20260922,20270922,2026-09-15,2026-09-22,2027-09-22,Active,Annual,Approved,Low,7,9788.86,815.74,717000,0.0,0.0,0,0,0,0.0,None,,25,Agency,2026-09-22 08:16:20
1639,POL000001639,232,4,24,20241215,20241221,20251221,2024-12-15,2024-12-21,2025-12-21,Active,Annual,Approved,Standard,6,1514.04,126.17,121000,1514.04,1514.04,1,0,0,0.0,None,,30,Agency,2025-04-16 15:16:12
1640,POL000001640,148,11,18,20251124,20251206,20261206,2025-11-24,2025-12-06,2026-12-06,Active,Monthly,Approved,Standard,12,5228.32,435.69,264000,0.0,0.0,0,0,0,0.0,None,,10,Digital,2026-03-25 13:44:46
1641,POL000001641,428,7,6,20240904,20240914,20250914,2024-09-04,2024-09-14,2025-09-14,Active,Annual,Approved,Low,10,2322.2,193.52,162000,2322.2,0.0,0,0,0,0.0,None,,25,Agency,2026-05-01 01:23:41
1642,POL000001642,26,7,2,20241211,20241230,20251230,2024-12-11,2024-12-30,2025-12-30,Claimed,Monthly,Approved,Low,19,7959.09,663.26,661000,7959.09,7959.09,1,0,1,163118.31,Paid,2025-01-10,25,Broker / IFA,2025-06-28 09:36:17
1643,POL000001643,483,1,23,20250804,20250820,20260820,2025-08-04,2025-08-20,2026-08-20,Active,Annual,Approved,Standard,16,3450.19,287.52,1333000,3450.19,3450.19,1,0,0,0.0,None,,2,Bancassurance,2026-09-10 11:58:21
1644,POL000001644,281,5,25,20230607,20230618,20240617,2023-06-07,2023-06-18,2024-06-17,Active,Monthly,Approved,Low,11,7944.12,662.01,428000,7944.12,7944.12,1,0,0,0.0,None,,20,Agency,2025-05-25 09:34:24
1645,POL000001645,62,7,10,20230206,20230213,20240213,2023-02-06,2023-02-13,2024-02-13,Active,Quarterly,Approved,Low,7,11188.09,932.34,709000,11188.09,11188.09,1,0,0,0.0,None,,20,Agency,2026-01-03 11:17:51
1646,POL000001646,153,1,18,20240922,20240927,20250927,2024-09-22,2024-09-27,2025-09-27,Matured,Quarterly,Approved,Standard,5,1015.17,84.6,538000,1015.17,0.0,0,0,0,0.0,None,,1,Digital,2026-01-05 12:54:16
1647,POL000001647,486,6,1,20230816,20230823,20240822,2023-08-16,2023-08-23,2024-08-22,Active,Monthly,Approved,Standard,7,5858.82,488.23,327000,5858.82,5858.82,1,0,0,0.0,None,,15,Digital,2025-01-27 17:13:47
1648,POL000001648,560,12,3,20240918,20240921,20250921,2024-09-18,2024-09-21,2025-09-21,Active,Annual,Approved,Low,3,4950.34,412.53,245000,4950.34,4950.34,1,0,0,0.0,None,,15,Broker / IFA,2026-04-04 05:05:06
1649,POL000001649,284,3,21,20251026,20251114,20261114,2025-10-26,2025-11-14,2026-11-14,Active,Quarterly,Approved,Low,19,1429.16,119.1,126000,0.0,0.0,0,0,0,0.0,None,,30,Agency,2026-08-23 22:29:10
1650,POL000001650,740,12,5,20260101,20260122,20270122,2026-01-01,2026-01-22,2027-01-22,Active,Monthly,Approved,Standard,21,26493.86,2207.82,942000,0.0,0.0,0,0,0,0.0,None,,20,Direct,2026-09-22 10:15:35
1651,POL000001651,163,1,3,20260101,20260204,20270204,2026-01-01,2026-02-04,2027-02-04,Active,Monthly,Approved with Loading,Elevated,34,565.38,47.12,164000,0.0,0.0,0,0,0,0.0,None,,5,Broker / IFA,2026-03-25 20:00:15
1652,POL000001652,722,3,7,20260729,20260812,20270812,2026-07-29,2026-08-12,2027-08-12,Active,Monthly,Approved,Low,14,3837.7,319.81,315000,0.0,0.0,0,0,0,0.0,None,,25,Bancassurance,2026-08-29 16:20:58
1653,POL000001653,409,12,14,20240327,20240418,20250418,2024-03-27,2024-04-18,2025-04-18,Active,Quarterly,Approved,Standard,22,11944.46,995.37,344000,11944.46,11944.46,1,0,0,0.0,None,,15,Bancassurance,2024-07-10 16:40:32
1654,POL000001654,481,9,3,20250325,20250413,20260413,2025-03-25,2025-04-13,2026-04-13,Cancelled,Quarterly,Approved,Low,19,5772.21,481.02,460000,5772.21,0.0,0,0,0,0.0,None,,5,Broker / IFA,2026-09-02 22:03:18
1655,POL000001655,69,3,9,20240720,20240728,20250728,2024-07-20,2024-07-28,2025-07-28,Active,Monthly,Approved,Low,8,2453.04,204.42,301000,2453.04,2453.04,1,0,0,0.0,None,,25,Bancassurance,2025-01-14 07:16:58
1656,POL000001656,464,8,13,20230920,20231001,20240930,2023-09-20,2023-10-01,2024-09-30,Active,Monthly,Approved,Standard,11,3387.82,282.32,269000,3387.82,3387.82,1,0,0,0.0,None,,15,Broker / IFA,2023-11-07 08:11:37
1657,POL000001657,515,2,19,20260704,20260721,20270721,2026-07-04,2026-07-21,2027-07-21,Active,Monthly,Approved,Standard,17,2742.63,228.55,749000,0.0,0.0,0,0,0,0.0,None,,5,Agency,2026-09-18 21:58:45
1658,POL000001658,430,6,5,20260526,20260530,20270530,2026-05-26,2026-05-30,2027-05-30,Active,Half-yearly,Approved,Low,4,2323.83,193.65,110000,0.0,0.0,0,0,0,0.0,None,,18,Direct,2026-09-18 00:53:43
1659,POL000001659,731,5,19,20250818,20250821,20260821,2025-08-18,2025-08-21,2026-08-21,Claimed,Monthly,Approved,Low,3,2030.49,169.21,69000,2030.49,2030.49,1,0,1,26618.55,Paid,2025-10-13,10,Agency,2026-03-08 20:51:02
1660,POL000001660,28,5,3,20231203,20231209,20241208,2023-12-03,2023-12-09,2024-12-08,Active,Quarterly,Approved,Standard,6,6161.72,513.48,190000,6161.72,6161.72,1,0,0,0.0,None,,20,Broker / IFA,2024-02-05 15:19:44
1661,POL000001661,550,3,6,20260118,20260120,20270120,2026-01-18,2026-01-20,2027-01-20,Active,Quarterly,Approved,Low,2,1120.67,93.39,94000,0.0,0.0,0,0,0,0.0,None,,25,Agency,2026-03-31 03:23:09
1662,POL000001662,730,11,20,20241001,20241017,20251017,2024-10-01,2024-10-17,2025-10-17,Active,Annual,Approved,Standard,16,17303.26,1441.94,567000,17303.26,17303.26,1,0,0,0.0,None,,15,Agency,2026-05-17 16:29:00
1663,POL000001663,187,3,2,20230707,20230718,20240717,2023-07-07,2023-07-18,2024-07-17,Active,Monthly,Approved,Low,11,692.87,57.74,83000,692.87,692.87,1,0,0,0.0,None,,30,Broker / IFA,2024-11-01 10:40:33
1664,POL000001664,737,12,19,20260427,20260504,20270504,2026-04-27,2026-05-04,2027-05-04,Active,Monthly,Approved,Standard,7,32921.38,2743.45,962000,0.0,0.0,0,0,0,0.0,None,,10,Agency,2026-05-12 21:07:42
1665,POL000001665,315,10,17,20251211,20251222,20261222,2025-12-11,2025-12-22,2026-12-22,Lapsed,Half-yearly,Approved,Low,11,1209.59,100.8,130000,0.0,0.0,0,1,0,0.0,None,,15,Bancassurance,2026-08-24 00:56:41
1666,POL000001666,92,4,18,20250313,20250328,20260328,2025-03-13,2025-03-28,2026-03-28,Cancelled,Monthly,Approved,Low,15,1554.55,129.55,124000,1554.55,0.0,0,0,0,0.0,None,,20,Digital,2026-05-22 00:29:06
1667,POL000001667,442,1,4,20251017,20251025,20261025,2025-10-17,2025-10-25,2026-10-25,Active,Monthly,Approved,Standard,8,446.07,37.17,153000,0.0,0.0,0,0,0,0.0,None,,2,Agency,2025-11-09 01:29:03
1668,POL000001668,616,8,13,20240817,20240822,20250822,2024-08-17,2024-08-22,2025-08-22,Cancelled,Annual,Approved,Low,5,6813.77,567.81,461000,6813.77,0.0,0,0,0,0.0,None,,20,Broker / IFA,2026-03-28 22:19:25
1669,POL000001669,488,9,1,20251210,20251213,20261213,2025-12-10,2025-12-13,2026-12-13,Active,Monthly,Approved,Standard,3,631.45,52.62,95000,0.0,0.0,0,0,0,0.0,None,,5,Digital,2026-04-24 21:16:40
1670,POL000001670,107,11,21,20250817,20250902,20260902,2025-08-17,2025-09-02,2026-09-02,Active,Annual,Approved,Standard,16,12995.28,1082.94,462000,12995.28,12995.28,1,0,0,0.0,None,,20,Agency,2025-12-26 13:58:16
1671,POL000001671,222,8,9,20250731,20250807,20260807,2025-07-31,2025-08-07,2026-08-07,Active,Monthly,Approved,Standard,7,2782.11,231.84,228000,2782.11,2782.11,1,0,0,0.0,None,,15,Bancassurance,2025-11-01 18:13:30
1672,POL000001672,749,1,18,20251119,20251125,20261125,2025-11-19,2025-11-25,2026-11-25,Claimed,Monthly,Approved,Standard,6,453.98,37.83,378000,0.0,0.0,0,0,1,164821.41,Paid,2026-01-16,20,Digital,2026-01-11 22:40:51
1673,POL000001673,18,3,25,20231116,20231130,20241129,2023-11-16,2023-11-30,2024-11-29,Active,Annual,Approved,Standard,14,4604.56,383.71,286000,4604.56,0.0,0,0,0,0.0,None,,25,Agency,2024-03-02 08:15:02
1674,POL000001674,272,4,11,20260105,20260115,20270115,2026-01-05,2026-01-15,2027-01-15,Active,Monthly,Approved,Standard,10,2974.98,247.92,175000,0.0,0.0,0,0,0,0.0,None,,20,Bancassurance,2026-08-31 16:01:49
1675,POL000001675,671,5,3,20230528,20230611,20240610,2023-05-28,2023-06-11,2024-06-10,Active,Monthly,Approved,Low,14,2708.25,225.69,99000,2708.25,0.0,0,0,0,0.0,None,,10,Broker / IFA,2025-05-11 17:59:52
1676,POL000001676,502,12,13,20260628,20260724,20270724,2026-06-28,2026-07-24,2027-07-24,Active,Annual,Approved,Low,26,25662.8,2138.57,1018000,0.0,0.0,0,0,0,0.0,None,,15,Broker / IFA,2026-07-24 14:46:28
1677,POL000001677,401,8,10,20240619,20240704,20250704,2024-06-19,2024-07-04,2025-07-04,Active,Half-yearly,Approved,Low,15,3883.05,323.59,323000,3883.05,3883.05,1,0,0,0.0,None,,15,Agency,2026-05-12 05:46:55
1678,POL000001678,298,4,6,20250427,20250506,20260506,2025-04-27,2025-05-06,2026-05-06,Active,Monthly,Approved,Low,9,16407.21,1367.27,675000,16407.21,16407.21,1,0,0,0.0,None,,25,Agency,2025-11-10 03:01:46
1679,POL000001679,202,5,16,20250824,20250825,20260825,2025-08-24,2025-08-25,2026-08-25,Active,Quarterly,Approved,Low,1,1289.41,107.45,61000,1289.41,1289.41,1,0,0,0.0,None,,20,Direct,2025-10-25 03:32:46
1680,POL000001680,729,4,5,20260104,20260122,20270122,2026-01-04,2026-01-22,2027-01-22,Active,Monthly,Approved,Low,18,4326.96,360.58,409000,0.0,0.0,0,0,0,0.0,None,,20,Direct,2026-04-03 23:31:54
1681,POL000001681,220,9,3,20230910,20230920,20240919,2023-09-10,2023-09-20,2024-09-19,Active,Monthly,Approved,Low,10,1413.01,117.75,245000,1413.01,1413.01,1,0,0,0.0,None,,10,Broker / IFA,2025-07-10 20:41:28
1682,POL000001682,703,1,13,20241201,20241208,20251208,2024-12-01,2024-12-08,2025-12-08,Active,Annual,Approved,Standard,7,1950.44,162.54,660000,1950.44,1950.44,1,0,0,0.0,None,,5,Broker / IFA,2025-11-15 20:59:55
1683,POL000001683,461,2,13,20241024,20241031,20251031,2024-10-24,2024-10-31,2025-10-31,Lapsed,Annual,Approved,Standard,7,889.49,74.12,263000,889.49,0.0,0,1,0,0.0,None,,15,Broker / IFA,2026-04-26 13:28:25
1684,POL000001684,107,5,10,20231108,20231114,20241113,2023-11-08,2023-11-14,2024-11-13,Active,Monthly,Approved,Standard,6,5471.38,455.95,176000,5471.38,5471.38,1,0,0,0.0,None,,15,Agency,2023-12-08 22:49:18
1685,POL000001685,57,7,18,20250413,20250417,20260417,2025-04-13,2025-04-17,2026-04-17,Active,Monthly,Approved,Low,4,4198.69,349.89,507000,4198.69,0.0,0,0,0,0.0,None,,25,Digital,2026-01-22 03:38:30
1686,POL000001686,293,10,20,20240511,20240523,20250523,2024-05-11,2024-05-23,2025-05-23,Active,Annual,Approved,Standard,12,2335.57,194.63,256000,2335.57,2335.57,1,0,0,0.0,None,,15,Agency,2026-02-10 23:17:43
1687,POL000001687,300,8,13,20240425,20240503,20250503,2024-04-25,2024-05-03,2025-05-03,Active,Annual,Approved,Standard,8,4063.35,338.61,257000,4063.35,4063.35,1,0,0,0.0,None,,10,Broker / IFA,2024-05-09 03:51:20
1688,POL000001688,328,7,1,20250923,20250929,20260929,2025-09-23,2025-09-29,2026-09-29,Active,Monthly,Approved,Low,6,3690.51,307.54,486000,0.0,0.0,0,0,0,0.0,None,,10,Digital,2026-09-02 16:20:03
1689,POL000001689,464,10,11,20251111,20251129,20261129,2025-11-11,2025-11-29,2026-11-29,Active,Annual,Approved,Standard,18,984.18,82.02,94000,0.0,0.0,0,0,0,0.0,None,,5,Bancassurance,2026-08-10 13:33:10
1690,POL000001690,159,4,2,20240216,20240224,20250223,2024-02-16,2024-02-24,2025-02-23,Active,Quarterly,Approved,Standard,8,4503.08,375.26,371000,4503.08,4503.08,1,0,0,0.0,None,,25,Broker / IFA,2024-11-02 20:40:14
1691,POL000001691,318,12,7,20240310,20240310,20250310,2024-03-10,2024-03-10,2025-03-10,Active,Half-yearly,Approved,Standard,0,16382.73,1365.23,869000,16382.73,16382.73,1,0,0,0.0,None,,10,Bancassurance,2024-05-29 04:26:47
1692,POL000001692,451,2,4,20231208,20231214,20241213,2023-12-08,2023-12-14,2024-12-13,Active,Monthly,Approved,Low,6,508.91,42.41,268000,508.91,508.91,1,0,0,0.0,None,,20,Agency,2026-02-14 17:03:56
1693,POL000001693,595,10,6,20251228,20260105,20270105,2025-12-28,2026-01-05,2027-01-05,Active,Monthly,Approved,Standard,8,4773.23,397.77,389000,0.0,0.0,0,0,0,0.0,None,,5,Agency,2026-06-19 19:42:49
1694,POL000001694,92,1,1,20250204,20250205,20260205,2025-02-04,2025-02-05,2026-02-05,Matured,Monthly,Approved,Low,1,1517.26,126.44,1200000,1517.26,1517.26,1,0,0,0.0,None,,1,Digital,2025-10-05 13:57:56
1695,POL000001695,325,11,15,20250416,20250511,20260511,2025-04-16,2025-05-11,2026-05-11,Active,Monthly,Approved,Standard,25,15091.23,1257.6,442000,15091.23,15091.23,1,0,0,0.0,None,,20,Bancassurance,2026-06-18 03:27:40
1696,POL000001696,578,9,22,20231228,20231230,20241229,2023-12-28,2023-12-30,2024-12-29,Cancelled,Quarterly,Approved,Low,2,491.58,40.96,68000,491.58,0.0,0,0,0,0.0,None,,10,Bancassurance,2025-05-23 22:59:23
1697,POL000001697,346,10,18,20260622,20260624,20270624,2026-06-22,2026-06-24,2027-06-24,Active,Annual,Approved,Standard,2,944.47,78.71,90000,0.0,0.0,0,0,0,0.0,None,,10,Digital,2026-09-16 16:58:52
1698,POL000001698,722,7,24,20260216,20260220,20270220,2026-02-16,2026-02-20,2027-02-20,Active,Annual,Approved,Low,4,5838.03,486.5,487000,0.0,0.0,0,0,0,0.0,None,,10,Agency,2026-04-19 22:16:59
1699,POL000001699,436,2,13,20240415,20240419,20250419,2024-04-15,2024-04-19,2025-04-19,Active,Annual,Approved,Low,4,518.2,43.18,278000,518.2,518.2,1,0,0,0.0,None,,20,Broker / IFA,2025-11-12 10:47:40
1700,POL000001700,77,5,4,20240704,20240719,20250719,2024-07-04,2024-07-19,2025-07-19,Lapsed,Annual,Approved,Low,15,1446.17,120.51,57000,1446.17,0.0,0,1,0,0.0,None,,15,Agency,2024-11-14 11:22:33
1701,POL000001701,120,10,17,20260604,20260605,20270605,2026-06-04,2026-06-05,2027-06-05,Lapsed,Annual,Approved with Loading,Elevated,1,825.78,68.82,90000,0.0,0.0,0,1,0,0.0,None,,15,Bancassurance,2026-07-14 15:17:41
1702,POL000001702,182,11,18,20241209,20250106,20260106,2024-12-09,2025-01-06,2026-01-06,Active,Half-yearly,Approved,Standard,28,10976.03,914.67,538000,10976.03,10976.03,1,0,0,0.0,None,,10,Digital,2026-06-19 17:17:40
1703,POL000001703,133,7,4,20240905,20240910,20250910,2024-09-05,2024-09-10,2025-09-10,Active,Monthly,Approved,Low,5,5324.08,443.67,465000,5324.08,5324.08,1,0,0,0.0,None,,15,Agency,2026-07-06 14:33:19
1704,POL000001704,528,11,17,20240829,20240830,20250830,2024-08-29,2024-08-30,2025-08-30,Active,Monthly,Approved,Standard,1,3143.68,261.97,151000,3143.68,3143.68,1,0,0,0.0,None,,20,Bancassurance,2025-06-15 03:21:28
1705,POL000001705,441,4,10,20240705,20240713,20250713,2024-07-05,2024-07-13,2025-07-13,Active,Annual,Approved,Standard,8,4995.18,416.27,300000,4995.18,4995.18,1,0,0,0.0,None,,30,Agency,2025-05-18 04:38:04
1706,POL000001706,544,7,18,20230717,20230725,20240724,2023-07-17,2023-07-25,2024-07-24,Active,Monthly,Approved,Low,8,2900.08,241.67,400000,2900.08,2900.08,1,0,0,0.0,None,,15,Digital,2024-04-11 10:25:56
1707,POL000001707,716,8,14,20231218,20231229,20241228,2023-12-18,2023-12-29,2024-12-28,Lapsed,Monthly,Approved,Standard,11,3454.64,287.89,246000,3454.64,0.0,0,1,0,0.0,None,,10,Bancassurance,2024-06-17 04:46:35
1708,POL000001708,249,3,10,20231013,20231019,20241018,2023-10-13,2023-10-19,2024-10-18,Active,Annual,Approved,Low,6,3666.93,305.58,308000,3666.93,0.0,0,0,0,0.0,None,,30,Agency,2025-07-30 11:25:20
1709,POL000001709,521,2,16,20250609,20250623,20260623,2025-06-09,2025-06-23,2026-06-23,Active,Annual,Approved with Loading,Elevated,14,1399.65,116.64,380000,1399.65,1399.65,1,0,0,0.0,None,,10,Direct,2025-09-03 01:41:22
1710,POL000001710,103,2,18,20240423,20240505,20250505,2024-04-23,2024-05-05,2025-05-05,Active,Annual,Approved,Standard,12,706.31,58.86,309000,706.31,0.0,0,0,0,0.0,None,,15,Digital,2026-06-14 13:44:42
1711,POL000001711,361,11,18,20260520,20260604,20270604,2026-05-20,2026-06-04,2027-06-04,Active,Monthly,Approved with Loading,Elevated,15,33246.07,2770.51,921000,0.0,0.0,0,0,0,0.0,None,,10,Digital,2026-09-03 19:22:40
1712,POL000001712,12,8,1,20251105,20251110,20261110,2025-11-05,2025-11-10,2026-11-10,Active,Annual,Approved,Standard,5,4471.61,372.63,430000,0.0,0.0,0,0,0,0.0,None,,15,Digital,2026-03-15 13:37:17
1713,POL000001713,499,2,25,20250115,20250120,20260120,2025-01-15,2025-01-20,2026-01-20,Lapsed,Annual,Approved,Low,5,321.87,26.82,206000,321.87,0.0,0,1,0,0.0,None,,20,Agency,2025-08-30 10:20:01
1714,POL000001714,422,6,23,20240520,20240528,20250528,2024-05-20,2024-05-28,2025-05-28,Claimed,Monthly,Approved,Standard,8,6849.25,570.77,219000,6849.25,6849.25,1,0,1,185927.31,Paid,2025-01-15,15,Bancassurance,2024-12-20 04:58:39
1715,POL000001715,174,6,14,20250617,20250705,20260705,2025-06-17,2025-07-05,2026-07-05,Active,Monthly,Approved,Standard,18,7478.7,623.22,252000,7478.7,7478.7,1,0,0,0.0,None,,10,Bancassurance,2025-09-29 21:21:32
1716,POL000001716,460,1,21,20250525,20250531,20260531,2025-05-25,2025-05-31,2026-05-31,Active,Monthly,Approved,Low,6,887.61,73.97,583000,887.61,887.61,1,0,0,0.0,None,,5,Agency,2025-10-03 00:54:15
1717,POL000001717,142,2,10,20240801,20240810,20250810,2024-08-01,2024-08-10,2025-08-10,Active,Annual,Approved,Standard,9,348.82,29.07,167000,348.82,348.82,1,0,0,0.0,None,,5,Agency,2024-12-16 04:21:29
1718,POL000001718,648,5,22,20251129,20251206,20261206,2025-11-29,2025-12-06,2026-12-06,Active,Annual,Approved,Standard,7,8204.67,683.72,477000,0.0,0.0,0,0,0,0.0,None,,10,Bancassurance,2026-01-12 01:49:28
1719,POL000001719,396,5,24,20260812,20260829,20270829,2026-08-12,2026-08-29,2027-08-29,Active,Annual,Approved,Low,17,5557.67,463.14,260000,0.0,0.0,0,0,0,0.0,None,,20,Agency,2026-09-07 05:47:27
1720,POL000001720,165,7,25,20251228,20260108,20270108,2025-12-28,2026-01-08,2027-01-08,Active,Monthly,Approved with Loading,Elevated,11,14157.09,1179.76,737000,0.0,0.0,0,0,0,0.0,None,,10,Agency,2026-05-03 04:26:19
1721,POL000001721,693,8,3,20240421,20240428,20250428,2024-04-21,2024-04-28,2025-04-28,Active,Quarterly,Approved,Standard,7,11752.63,979.39,753000,11752.63,11752.63,1,0,0,0.0,None,,20,Broker / IFA,2026-05-17 09:51:10
1722,POL000001722,591,3,24,20230515,20230603,20240602,2023-05-15,2023-06-03,2024-06-02,Active,Annual,Approved with Loading,Elevated,19,4634.55,386.21,224000,4634.55,4634.55,1,0,0,0.0,None,,25,Agency,2023-10-09 08:27:36
1723,POL000001723,58,5,13,20260111,20260130,20270130,2026-01-11,2026-01-30,2027-01-30,Active,Monthly,Approved,Standard,19,13506.12,1125.51,459000,0.0,0.0,0,0,0,0.0,None,,15,Broker / IFA,2026-09-20 22:59:37
1724,POL000001724,310,4,14,20250706,20250716,20260716,2025-07-06,2025-07-16,2026-07-16,Active,Quarterly,Approved,Standard,10,2795.04,232.92,118000,2795.04,0.0,0,0,0,0.0,None,,30,Bancassurance,2025-07-30 21:40:38
1725,POL000001725,354,7,16,20260903,20260914,20270914,2026-09-03,2026-09-14,2027-09-14,Lapsed,Monthly,Approved,Low,11,7202.31,600.19,767000,0.0,0.0,0,1,0,0.0,None,,15,Direct,2026-09-21 13:33:34
1726,POL000001726,108,8,3,20230630,20230706,20240705,2023-06-30,2023-07-06,2024-07-05,Claimed,Annual,Approved,Low,6,2240.56,186.71,302000,2240.56,2240.56,1,0,1,254319.69,Paid,2026-02-16,20,Broker / IFA,2025-11-15 06:04:46
1727,POL000001727,583,3,6,20250215,20250216,20260216,2025-02-15,2025-02-16,2026-02-16,Active,Half-yearly,Approved with Loading,Elevated,1,3734.29,311.19,153000,3734.29,3734.29,1,0,0,0.0,None,,25,Agency,2025-12-10 05:00:15
1728,POL000001728,93,8,18,20230509,20230511,20240510,2023-05-09,2023-05-11,2024-05-10,Claimed,Monthly,Approved with Loading,Elevated,2,3080.3,256.69,236000,3080.3,3080.3,1,0,1,93025.98,Paid,2023-08-11,20,Digital,2024-04-12 05:34:00
1729,POL000001729,278,12,6,20230706,20230711,20240710,2023-07-06,2023-07-11,2024-07-10,Active,Monthly,Approved,Standard,5,12500.27,1041.69,274000,12500.27,0.0,0,0,0,0.0,None,,15,Agency,2026-05-22 21:22:30
1730,POL000001730,673,2,24,20260209,20260224,20270224,2026-02-09,2026-02-24,2027-02-24,Active,Monthly,Approved,Standard,15,1402.89,116.91,535000,0.0,0.0,0,0,0,0.0,None,,20,Agency,2026-05-04 10:31:01
1731,POL000001731,483,10,21,20230731,20230822,20240821,2023-07-31,2023-08-22,2024-08-21,Active,Monthly,Approved,Standard,22,670.53,55.88,79000,670.53,670.53,1,0,0,0.0,None,,10,Agency,2024-11-15 23:12:15
1732,POL000001732,46,9,18,20230805,20230816,20240815,2023-08-05,2023-08-16,2024-08-15,Active,Monthly,Approved,Standard,11,3198.96,266.58,441000,3198.96,3198.96,1,0,0,0.0,None,,10,Digital,2025-08-21 19:27:20
1733,POL000001733,120,10,2,20260530,20260531,20270531,2026-05-30,2026-05-31,2027-05-31,Active,Monthly,Approved,Low,1,804.99,67.08,88000,0.0,0.0,0,0,0,0.0,None,,15,Broker / IFA,2026-07-02 03:06:10
1734,POL000001734,305,10,18,20240509,20240517,20250517,2024-05-09,2024-05-17,2025-05-17,Active,Monthly,Approved,Low,8,1425.98,118.83,184000,1425.98,1425.98,1,0,0,0.0,None,,15,Digital,2024-09-07 21:17:49
1735,POL000001735,139,5,22,20241030,20241104,20251104,2024-10-30,2024-11-04,2025-11-04,Lapsed,Monthly,Approved,Low,5,2876.72,239.73,161000,2876.72,0.0,0,1,0,0.0,None,,15,Bancassurance,2026-04-21 12:10:50
1736,POL000001736,617,11,23,20230826,20230905,20240904,2023-08-26,2023-09-05,2024-09-04,Active,Monthly,Approved,Standard,10,26351.24,2195.94,907000,26351.24,26351.24,1,0,0,0.0,None,,10,Bancassurance,2025-01-31 18:34:47
1737,POL000001737,389,3,20,20231010,20231013,20241012,2023-10-10,2023-10-13,2024-10-12,Active,Quarterly,Approved,Standard,3,1998.44,166.54,132000,1998.44,1998.44,1,0,0,0.0,None,,20,Agency,2024-07-14 15:31:45
1738,POL000001738,239,9,1,20251029,20251108,20261108,2025-10-29,2025-11-08,2026-11-08,Active,Monthly,Approved,Standard,10,635.22,52.94,87000,0.0,0.0,0,0,0,0.0,None,,20,Digital,2025-11-13 19:31:54
1739,POL000001739,116,7,1,20260924,20260925,20270925,2026-09-24,2026-09-25,2027-09-25,Active,Monthly,Approved with Loading,Elevated,1,5533.54,461.13,496000,0.0,0.0,0,0,0,0.0,None,,25,Digital,2026-09-25 16:43:21
1740,POL000001740,178,6,5,20250826,20250829,20260829,2025-08-26,2025-08-29,2026-08-29,Active,Monthly,Approved,Standard,3,5010.14,417.51,170000,5010.14,5010.14,1,0,0,0.0,None,,10,Direct,2026-04-27 13:49:49
1741,POL000001741,556,5,22,20241025,20241102,20251102,2024-10-25,2024-11-02,2025-11-02,Cancelled,Monthly,Approved,Low,8,2512.1,209.34,158000,2512.1,0.0,0,0,0,0.0,None,,15,Bancassurance,2025-05-17 15:19:35
1742,POL000001742,547,9,6,20250321,20250406,20260406,2025-03-21,2025-04-06,2026-04-06,Active,Monthly,Approved,Standard,16,304.38,25.36,60000,304.38,304.38,1,0,0,0.0,None,,20,Agency,2026-01-14 23:01:46
1743,POL000001743,605,9,4,20230902,20230909,20240908,2023-09-02,2023-09-09,2024-09-08,Active,Monthly,Approved,Standard,7,497.16,41.43,72000,497.16,497.16,1,0,0,0.0,None,,10,Agency,2026-04-23 11:52:55
1744,POL000001744,602,7,16,20251221,20251223,20261223,2025-12-21,2025-12-23,2026-12-23,Active,Quarterly,Approved,Standard,2,1657.06,138.09,202000,0.0,0.0,0,0,0,0.0,None,,10,Direct,2026-07-23 08:04:29
1745,POL000001745,350,1,14,20260519,20260526,20270526,2026-05-19,2026-05-26,2027-05-26,Claimed,Annual,Approved,Low,7,1966.98,163.92,1285000,0.0,0.0,0,0,1,636670.37,Paid,2026-08-28,10,Bancassurance,2026-07-11 12:53:27
1746,POL000001746,428,4,5,20231008,20231017,20241016,2023-10-08,2023-10-17,2024-10-16,Active,Monthly,Approved,Standard,9,4072.92,339.41,307000,4072.92,0.0,0,0,0,0.0,None,,25,Direct,2026-04-04 17:50:10
1747,POL000001747,491,2,16,20240128,20240205,20250204,2024-01-28,2024-02-05,2025-02-04,Lapsed,Monthly,Approved with Loading,Elevated,8,806.34,67.2,189000,806.34,0.0,0,1,0,0.0,None,,15,Direct,2025-10-25 14:43:50
1748,POL000001748,48,9,17,20240710,20240724,20250724,2024-07-10,2024-07-24,2025-07-24,Claimed,Monthly,Approved,Standard,14,3842.47,320.21,455000,3842.47,0.0,0,0,1,269651.19,Paid,2024-10-21,15,Bancassurance,2025-03-24 23:38:19
1749,POL000001749,378,5,18,20231109,20231126,20241125,2023-11-09,2023-11-26,2024-11-25,Active,Monthly,Approved,Standard,17,6354.8,529.57,345000,6354.8,6354.8,1,0,0,0.0,None,,10,Digital,2024-06-08 06:43:40
1750,POL000001750,676,3,4,20260411,20260423,20270423,2026-04-11,2026-04-23,2027-04-23,Active,Quarterly,Approved,Low,12,11261.12,938.43,630000,0.0,0.0,0,0,0,0.0,None,,25,Agency,2026-06-03 15:39:30
1751,POL000001751,146,2,1,20241022,20241028,20251028,2024-10-22,2024-10-28,2025-10-28,Active,Quarterly,Approved,Standard,6,743.36,61.95,405000,743.36,0.0,0,0,0,0.0,None,,20,Digital,2026-02-04 13:58:36
1752,POL000001752,258,7,13,20260422,20260427,20270427,2026-04-22,2026-04-27,2027-04-27,Active,Monthly,Approved with Loading,Elevated,5,9187.24,765.6,443000,0.0,0.0,0,0,0,0.0,None,,15,Broker / IFA,2026-08-25 05:46:47
1753,POL000001753,170,7,1,20250201,20250207,20260207,2025-02-01,2025-02-07,2026-02-07,Active,Monthly,Approved,Low,6,926.19,77.18,135000,926.19,926.19,1,0,0,0.0,None,,15,Digital,2026-01-02 13:06:15
1754,POL000001754,519,3,5,20230202,20230206,20240206,2023-02-02,2023-02-06,2024-02-06,Active,Monthly,Approved,Standard,4,959.84,79.99,88000,959.84,959.84,1,0,0,0.0,None,,30,Direct,2024-04-19 20:08:28
1755,POL000001755,217,9,12,20250802,20250806,20260806,2025-08-02,2025-08-06,2026-08-06,Active,Monthly,Approved,Standard,4,4966.85,413.9,404000,4966.85,4966.85,1,0,0,0.0,None,,15,Agency,2025-10-25 09:09:42
1756,POL000001756,478,9,20,20250414,20250416,20260416,2025-04-14,2025-04-16,2026-04-16,Active,Monthly,Approved,Standard,2,590.43,49.2,58000,590.43,590.43,1,0,0,0.0,None,,20,Agency,2025-10-06 06:11:43
1757,POL000001757,118,7,16,20240506,20240512,20250512,2024-05-06,2024-05-12,2025-05-12,Active,Monthly,Approved,Low,6,6922.01,576.83,688000,6922.01,6922.01,1,0,0,0.0,None,,25,Direct,2026-08-28 10:30:56
1758,POL000001758,627,4,19,20260217,20260301,20270301,2026-02-17,2026-03-01,2027-03-01,Active,Monthly,Approved,Standard,12,4309.52,359.13,241000,0.0,0.0,0,0,0,0.0,None,,25,Agency,2026-04-03 08:00:48
1759,POL000001759,684,3,1,20260105,20260120,20270120,2026-01-05,2026-01-20,2027-01-20,Active,Half-yearly,Approved,Standard,15,1533.84,127.82,100000,0.0,0.0,0,0,0,0.0,None,,30,Digital,2026-03-13 00:15:44
1760,POL000001760,176,1,14,20240124,20240130,20250129,2024-01-24,2024-01-30,2025-01-29,Lapsed,Monthly,Approved,Standard,6,1921.79,160.15,907000,1921.79,0.0,0,1,0,0.0,None,,5,Bancassurance,2026-05-21 16:58:45
1761,POL000001761,440,1,20,20260117,20260204,20270204,2026-01-17,2026-02-04,2027-02-04,Active,Monthly,Approved,Standard,18,3524.47,293.71,1137000,0.0,0.0,0,0,0,0.0,None,,5,Agency,2026-08-19 04:43:56
1762,POL000001762,479,5,18,20230406,20230416,20240415,2023-04-06,2023-04-16,2024-04-15,Lapsed,Quarterly,Approved,Standard,10,2787.7,232.31,97000,2787.7,0.0,0,1,0,0.0,None,,20,Digital,2025-08-08 06:31:28
1763,POL000001763,666,9,6,20240916,20240927,20250927,2024-09-16,2024-09-27,2025-09-27,Active,Monthly,Approved,Low,11,1737.11,144.76,195000,1737.11,1737.11,1,0,0,0.0,None,,15,Agency,2026-07-08 06:43:59
1764,POL000001764,326,3,6,20241223,20241229,20251229,2024-12-23,2024-12-29,2025-12-29,Active,Monthly,Approved,Standard,6,1356.89,113.07,86000,1356.89,0.0,0,0,0,0.0,None,,25,Agency,2026-03-11 12:45:10
1765,POL000001765,522,1,20,20250709,20250714,20260714,2025-07-09,2025-07-14,2026-07-14,Active,Monthly,Approved with Loading,Elevated,5,1847.19,153.93,582000,1847.19,1847.19,1,0,0,0.0,None,,2,Agency,2025-09-10 20:41:13
1766,POL000001766,616,8,15,20260117,20260204,20270204,2026-01-17,2026-02-04,2027-02-04,Active,Monthly,Approved,Standard,18,7173.51,597.79,552000,0.0,0.0,0,0,0,0.0,None,,15,Bancassurance,2026-02-16 13:12:41
1767,POL000001767,700,3,11,20241207,20241213,20251213,2024-12-07,2024-12-13,2025-12-13,Active,Quarterly,Approved,Standard,6,2460.47,205.04,197000,2460.47,2460.47,1,0,0,0.0,None,,25,Bancassurance,2025-08-22 11:51:30
1768,POL000001768,574,9,14,20251229,20260110,20270110,2025-12-29,2026-01-10,2027-01-10,Active,Monthly,Approved,Standard,12,1161.28,96.77,114000,0.0,0.0,0,0,0,0.0,None,,5,Bancassurance,2026-01-29 20:57:58
1769,POL000001769,227,4,13,20241228,20250106,20260106,2024-12-28,2025-01-06,2026-01-06,Active,Monthly,Approved,Standard,9,2907.97,242.33,211000,2907.97,2907.97,1,0,0,0.0,None,,25,Broker / IFA,2025-07-22 14:37:45
1770,POL000001770,210,5,10,20231105,20231120,20241119,2023-11-05,2023-11-20,2024-11-19,Active,Quarterly,Approved,Standard,15,1873.76,156.15,112000,1873.76,0.0,0,0,0,0.0,None,,20,Agency,2025-03-09 19:26:06
1771,POL000001771,305,6,3,20251115,20251130,20261130,2025-11-15,2025-11-30,2026-11-30,Active,Annual,Approved,Standard,15,9348.16,779.01,320000,0.0,0.0,0,0,0,0.0,None,,10,Broker / IFA,2026-01-10 22:59:44
1772,POL000001772,685,6,4,20240811,20240815,20250815,2024-08-11,2024-08-15,2025-08-15,Active,Monthly,Approved,Standard,4,5310.12,442.51,172000,5310.12,5310.12,1,0,0,0.0,None,,15,Agency,2025-11-21 00:22:10
1773,POL000001773,264,5,5,20250104,20250107,20260107,2025-01-04,2025-01-07,2026-01-07,Active,Monthly,Approved,Standard,3,3869.89,322.49,193000,3869.89,3869.89,1,0,0,0.0,None,,15,Direct,2026-05-25 06:59:11
1774,POL000001774,53,6,5,20250102,20250106,20260106,2025-01-02,2025-01-06,2026-01-06,Active,Monthly,Approved,Low,4,6756.41,563.03,279000,6756.41,6756.41,1,0,0,0.0,None,,10,Direct,2026-09-09 09:44:28
1775,POL000001775,401,1,1,20230206,20230225,20240225,2023-02-06,2023-02-25,2024-02-25,Active,Annual,Approved,Low,19,240.0,20.0,196000,240.0,240.0,1,0,0,0.0,None,,5,Digital,2023-12-26 04:52:31
1776,POL000001776,162,2,4,20240424,20240430,20250430,2024-04-24,2024-04-30,2025-04-30,Lapsed,Monthly,Approved,Standard,6,628.32,52.36,235000,628.32,0.0,0,1,0,0.0,None,,10,Agency,2026-08-27 18:58:58
1777,POL000001777,469,3,5,20250425,20250504,20260504,2025-04-25,2025-05-04,2026-05-04,Active,Quarterly,Approved with Loading,Elevated,9,2558.78,213.23,124000,2558.78,2558.78,1,0,0,0.0,None,,30,Direct,2026-06-09 21:40:21
1778,POL000001778,562,11,8,20230915,20231002,20241001,2023-09-15,2023-10-02,2024-10-01,Claimed,Monthly,Approved with Loading,Elevated,17,4222.38,351.86,177000,4222.38,4222.38,1,0,1,48067.53,Paid,2025-10-14,15,Bancassurance,2026-02-21 17:17:59
1779,POL000001779,526,12,16,20240312,20240323,20250323,2024-03-12,2024-03-23,2025-03-23,Active,Monthly,Approved with Loading,Elevated,11,18499.02,1541.58,650000,18499.02,18499.02,1,0,0,0.0,None,,10,Direct,2024-08-08 02:33:27
1780,POL000001780,589,11,23,20230611,20230620,20240619,2023-06-11,2023-06-20,2024-06-19,Active,Annual,Approved,Standard,9,3211.6,267.63,148000,3211.6,0.0,0,0,0,0.0,None,,15,Bancassurance,2025-12-14 03:29:05
1781,POL000001781,493,5,3,20260410,20260415,20270415,2026-04-10,2026-04-15,2027-04-15,Active,Monthly,Approved,Low,5,2765.29,230.44,120000,0.0,0.0,0,0,0,0.0,None,,10,Broker / IFA,2026-07-05 13:14:25
1782,POL000001782,303,5,8,20241017,20241025,20251025,2024-10-17,2024-10-25,2025-10-25,Active,Quarterly,Approved,Standard,8,4666.57,388.88,167000,4666.57,0.0,0,0,0,0.0,None,,20,Bancassurance,2026-03-30 03:20:14
1783,POL000001783,86,11,23,20240603,20240607,20250607,2024-06-03,2024-06-07,2025-06-07,Active,Monthly,Approved,Standard,4,3586.7,298.89,154000,3586.7,3586.7,1,0,0,0.0,None,,10,Bancassurance,2025-02-13 03:48:23
1784,POL000001784,421,3,20,20230320,20230403,20240402,2023-03-20,2023-04-03,2024-04-02,Active,Monthly,Approved,Standard,14,2281.09,190.09,129000,2281.09,2281.09,1,0,0,0.0,None,,25,Agency,2024-07-16 07:56:01
1785,POL000001785,383,5,16,20250525,20250526,20260526,2025-05-25,2025-05-26,2026-05-26,Active,Monthly,Approved,Standard,1,2742.05,228.5,77000,2742.05,2742.05,1,0,0,0.0,None,,15,Direct,2025-10-15 21:32:19
1786,POL000001786,139,4,6,20240521,20240524,20250524,2024-05-21,2024-05-24,2025-05-24,Active,Annual,Approved,Standard,3,4342.46,361.87,330000,4342.46,4342.46,1,0,0,0.0,None,,20,Agency,2025-02-25 19:04:45
1787,POL000001787,201,8,3,20240320,20240412,20250412,2024-03-20,2024-04-12,2025-04-12,Active,Annual,Approved,Low,23,1871.76,155.98,159000,1871.76,1871.76,1,0,0,0.0,None,,10,Broker / IFA,2025-06-19 04:34:41
1788,POL000001788,208,9,1,20230425,20230505,20240504,2023-04-25,2023-05-05,2024-05-04,Lapsed,Half-yearly,Approved,Standard,10,3914.85,326.24,385000,3914.85,0.0,0,1,0,0.0,None,,10,Digital,2024-12-24 09:52:15
1789,POL000001789,542,5,11,20240519,20240528,20250528,2024-05-19,2024-05-28,2025-05-28,Claimed,Monthly,Approved,Low,9,4183.89,348.66,283000,4183.89,4183.89,1,0,1,58066.99,Paid,2026-08-06,20,Bancassurance,2024-10-21 10:00:30
1790,POL000001790,678,7,20,20230629,20230715,20240714,2023-06-29,2023-07-15,2024-07-14,Active,Monthly,Approved,Low,16,2575.23,214.6,349000,2575.23,2575.23,1,0,0,0.0,None,,25,Agency,2025-03-30 02:17:35
1791,POL000001791,622,12,8,20240308,20240327,20250327,2024-03-08,2024-03-27,2025-03-27,Active,Quarterly,Approved with Loading,Elevated,19,44655.82,3721.32,851000,44655.82,44655.82,1,0,0,0.0,None,,10,Bancassurance,2025-09-19 08:30:03
1792,POL000001792,52,1,2,20240630,20240711,20250711,2024-06-30,2024-07-11,2025-07-11,Active,Half-yearly,Approved,Standard,11,2613.19,217.77,1466000,2613.19,2613.19,1,0,0,0.0,None,,20,Broker / IFA,2024-10-30 12:58:52
1793,POL000001793,688,1,16,20251221,20260104,20270104,2025-12-21,2026-01-04,2027-01-04,Cancelled,Quarterly,Approved,Low,14,338.4,28.2,151000,0.0,0.0,0,0,0,0.0,None,,1,Direct,2026-03-18 13:18:36
1794,POL000001794,397,11,10,20240629,20240702,20250702,2024-06-29,2024-07-02,2025-07-02,Claimed,Monthly,Approved,Standard,3,27425.23,2285.44,922000,27425.23,0.0,0,0,1,641596.31,Paid,2025-01-22,20,Agency,2025-12-21 06:37:54
1795,POL000001795,750,4,7,20240802,20240815,20250815,2024-08-02,2024-08-15,2025-08-15,Active,Monthly,Approved,Standard,13,1589.97,132.5,125000,1589.97,1589.97,1,0,0,0.0,None,,25,Bancassurance,2026-04-09 07:03:04
1796,POL000001796,120,4,1,20230722,20230726,20240725,2023-07-22,2023-07-26,2024-07-25,Claimed,Monthly,Approved,Standard,4,6859.14,571.6,519000,6859.14,6859.14,1,0,1,240136.5,Paid,2024-06-08,30,Digital,2024-12-02 04:13:55
1797,POL000001797,717,10,18,20240530,20240605,20250605,2024-05-30,2024-06-05,2025-06-05,Active,Monthly,Approved,Low,6,499.39,41.62,83000,499.39,499.39,1,0,0,0.0,None,,10,Digital,2025-07-27 19:34:03
1798,POL000001798,339,11,6,20260905,20260910,20270910,2026-09-05,2026-09-10,2027-09-10,Active,Half-yearly,Approved,Standard,5,1970.13,164.18,104000,0.0,0.0,0,0,0,0.0,None,,20,Agency,2026-09-25 16:51:38
1799,POL000001799,705,5,12,20240510,20240528,20250528,2024-05-10,2024-05-28,2025-05-28,Active,Monthly,Approved,Standard,18,5384.68,448.72,105000,5384.68,5384.68,1,0,0,0.0,None,,15,Agency,2025-05-09 12:55:14
1800,POL000001800,252,12,23,20250921,20250928,20260928,2025-09-21,2025-09-28,2026-09-28,Active,Monthly,Approved,Standard,7,4805.14,400.43,252000,0.0,0.0,0,0,0,0.0,None,,20,Bancassurance,2026-08-07 02:05:12
1801,POL000001801,163,7,10,20241014,20241024,20251024,2024-10-14,2024-10-24,2025-10-24,Active,Monthly,Approved,Standard,10,4836.61,403.05,484000,4836.61,4836.61,1,0,0,0.0,None,,10,Agency,2024-12-19 14:49:43
1802,POL000001802,436,1,6,20241210,20241212,20251212,2024-12-10,2024-12-12,2025-12-12,Active,Quarterly,Approved,Low,2,396.87,33.07,255000,396.87,396.87,1,0,0,0.0,None,,20,Agency,2026-02-08 10:05:59
1803,POL000001803,53,3,16,20240104,20240113,20250112,2024-01-04,2024-01-13,2025-01-12,Active,Annual,Approved,Standard,9,5372.51,447.71,749000,5372.51,5372.51,1,0,0,0.0,None,,20,Direct,2025-11-08 11:53:25
1804,POL000001804,3,1,15,20260422,20260502,20270502,2026-04-22,2026-05-02,2027-05-02,Active,Annual,Approved,Standard,10,1406.72,117.23,513000,0.0,0.0,0,0,0,0.0,None,,1,Bancassurance,2026-08-19 01:52:15
1805,POL000001805,743,9,1,20260904,20260913,20270913,2026-09-04,2026-09-13,2027-09-13,Active,Monthly,Approved with Loading,Elevated,9,480.76,40.06,53000,0.0,0.0,0,0,0,0.0,None,,20,Digital,2026-09-16 02:05:24
1806,POL000001806,113,3,19,20260329,20260405,20270405,2026-03-29,2026-04-05,2027-04-05,Active,Annual,Approved,Standard,7,5226.99,435.58,217000,0.0,0.0,0,0,0,0.0,None,,30,Agency,2026-06-17 06:10:18
1807,POL000001807,703,3,11,20240327,20240329,20250329,2024-03-27,2024-03-29,2025-03-29,Active,Annual,Approved,Standard,2,10035.46,836.29,633000,10035.46,10035.46,1,0,0,0.0,None,,25,Bancassurance,2026-05-05 22:22:45
1808,POL000001808,266,4,24,20250730,20250805,20260805,2025-07-30,2025-08-05,2026-08-05,Active,Half-yearly,Approved,Low,6,6002.23,500.19,482000,6002.23,6002.23,1,0,0,0.0,None,,20,Agency,2025-10-23 00:34:41
1809,POL000001809,505,11,13,20230902,20230914,20240913,2023-09-02,2023-09-14,2024-09-13,Lapsed,Quarterly,Approved,Standard,12,3199.39,266.62,142000,3199.39,0.0,0,1,0,0.0,None,,10,Broker / IFA,2024-06-05 07:11:44
1810,POL000001810,414,7,6,20250201,20250208,20260208,2025-02-01,2025-02-08,2026-02-08,Active,Monthly,Approved,Low,7,4185.43,348.79,312000,4185.43,4185.43,1,0,0,0.0,None,,20,Agency,2026-08-19 01:06:19
1811,POL000001811,155,3,24,20250218,20250223,20260223,2025-02-18,2025-02-23,2026-02-23,Active,Quarterly,Approved with Loading,Elevated,5,7939.87,661.66,352000,7939.87,7939.87,1,0,0,0.0,None,,25,Agency,2026-01-17 02:41:47
1812,POL000001812,31,7,25,20250920,20251005,20261005,2025-09-20,2025-10-05,2026-10-05,Active,Monthly,Approved,Standard,15,2202.13,183.51,247000,0.0,0.0,0,0,0,0.0,None,,15,Agency,2025-10-12 07:42:21
1813,POL000001813,131,3,25,20230830,20230910,20240909,2023-08-30,2023-09-10,2024-09-09,Active,Monthly,Approved,Standard,11,1314.69,109.56,98000,1314.69,1314.69,1,0,0,0.0,None,,30,Agency,2024-01-07 03:17:56
1814,POL000001814,13,6,11,20250403,20250416,20260416,2025-04-03,2025-04-16,2026-04-16,Active,Monthly,Approved,Standard,13,6618.1,551.51,279000,6618.1,6618.1,1,0,0,0.0,None,,18,Bancassurance,2026-05-23 18:16:42
1815,POL000001815,102,8,21,20230717,20230805,20240804,2023-07-17,2023-08-05,2024-08-04,Claimed,Monthly,Approved,Standard,19,1651.23,137.6,154000,1651.23,1651.23,1,0,1,76479.21,Paid,2024-06-09,15,Agency,2025-10-10 04:41:26
1816,POL000001816,516,3,23,20231123,20231130,20241129,2023-11-23,2023-11-30,2024-11-29,Active,Monthly,Approved,Standard,7,3806.48,317.21,333000,3806.48,3806.48,1,0,0,0.0,None,,20,Bancassurance,2025-12-17 04:52:17
1817,POL000001817,536,2,5,20240915,20240918,20250918,2024-09-15,2024-09-18,2025-09-18,Active,Half-yearly,Approved with Loading,Elevated,3,940.75,78.4,156000,940.75,940.75,1,0,0,0.0,None,,15,Direct,2025-09-19 10:24:48
1818,POL000001818,363,3,7,20231010,20231027,20241026,2023-10-10,2023-10-27,2024-10-26,Active,Monthly,Approved,Low,17,1840.15,153.35,120000,1840.15,1840.15,1,0,0,0.0,None,,25,Bancassurance,2026-06-25 09:40:04
1819,POL000001819,553,1,16,20241125,20241202,20251202,2024-11-25,2024-12-02,2025-12-02,Active,Quarterly,Approved,Standard,7,240.0,20.0,117000,240.0,240.0,1,0,0,0.0,None,,2,Direct,2025-01-31 05:43:21
1820,POL000001820,251,11,5,20240406,20240417,20250417,2024-04-06,2024-04-17,2025-04-17,Active,Monthly,Approved,Standard,11,14819.99,1235.0,549000,14819.99,14819.99,1,0,0,0.0,None,,10,Direct,2025-12-23 21:47:24
1821,POL000001821,149,12,16,20250227,20250302,20260302,2025-02-27,2025-03-02,2026-03-02,Lapsed,Annual,Approved with Loading,Elevated,3,19800.45,1650.04,652000,19800.45,0.0,0,1,0,0.0,None,,20,Direct,2025-12-21 05:41:25
1822,POL000001822,465,12,24,20260925,20260925,20270925,2026-09-25,2026-09-25,2027-09-25,Active,Half-yearly,Approved,Standard,0,13382.0,1115.17,524000,0.0,0.0,0,0,0,0.0,None,,20,Agency,2026-09-25 03:41:51
1823,POL000001823,527,1,19,20250121,20250127,20260127,2025-01-21,2025-01-27,2026-01-27,Matured,Annual,Approved,Standard,6,319.21,26.6,166000,319.21,0.0,0,0,0,0.0,None,,1,Agency,2025-04-16 20:14:09
1824,POL000001824,41,11,19,20260116,20260120,20270120,2026-01-16,2026-01-20,2027-01-20,Active,Annual,Approved with Loading,Elevated,4,22648.94,1887.41,926000,0.0,0.0,0,0,0,0.0,None,,10,Agency,2026-05-30 14:09:58
1825,POL000001825,324,3,2,20250913,20250918,20260918,2025-09-13,2025-09-18,2026-09-18,Active,Quarterly,Approved,Standard,5,4829.35,402.45,425000,4829.35,4829.35,1,0,0,0.0,None,,20,Broker / IFA,2025-10-18 08:33:08
1826,POL000001826,118,7,21,20241024,20241101,20251101,2024-10-24,2024-11-01,2025-11-01,Active,Monthly,Approved,Standard,8,3716.37,309.7,296000,3716.37,3716.37,1,0,0,0.0,None,,15,Agency,2026-08-08 22:34:09
1827,POL000001827,119,2,14,20250803,20250819,20260819,2025-08-03,2025-08-19,2026-08-19,Active,Monthly,Approved,Low,16,1033.61,86.13,582000,1033.61,1033.61,1,0,0,0.0,None,,15,Bancassurance,2026-05-18 03:54:50
1828,POL000001828,43,3,25,20231207,20231225,20241224,2023-12-07,2023-12-25,2024-12-24,Lapsed,Monthly,Approved,Standard,18,4986.89,415.57,267000,4986.89,0.0,0,1,0,0.0,None,,30,Agency,2025-01-06 06:34:07
1829,POL000001829,500,11,24,20240217,20240225,20250224,2024-02-17,2024-02-25,2025-02-24,Active,Monthly,Approved,Standard,8,15037.22,1253.1,626000,15037.22,15037.22,1,0,0,0.0,None,,15,Agency,2025-05-22 11:22:55
1830,POL000001830,227,10,18,20240316,20240409,20250409,2024-03-16,2024-04-09,2025-04-09,Active,Annual,Approved with Loading,Elevated,24,2682.97,223.58,197000,2682.97,2682.97,1,0,0,0.0,None,,10,Digital,2024-12-09 15:14:05
1831,POL000001831,636,8,18,20230303,20230304,20240303,2023-03-03,2023-03-04,2024-03-03,Lapsed,Monthly,Approved,Standard,1,6311.67,525.97,513000,6311.67,0.0,0,1,0,0.0,None,,20,Digital,2024-05-26 22:42:18
1832,POL000001832,278,2,3,20231115,20231123,20241122,2023-11-15,2023-11-23,2024-11-22,Active,Monthly,Approved,Standard,8,1992.52,166.04,462000,1992.52,1992.52,1,0,0,0.0,None,,10,Broker / IFA,2026-02-20 18:29:51
1833,POL000001833,49,9,21,20230805,20230813,20240812,2023-08-05,2023-08-13,2024-08-12,Active,Monthly,Approved,Standard,8,3499.44,291.62,394000,3499.44,3499.44,1,0,0,0.0,None,,5,Agency,2023-09-05 06:10:22
1834,POL000001834,303,4,24,20240708,20240711,20250711,2024-07-08,2024-07-11,2025-07-11,Cancelled,Annual,Approved,Standard,3,11034.92,919.58,781000,11034.92,0.0,0,0,0,0.0,None,,25,Agency,2025-07-28 01:59:41
1835,POL000001835,187,3,9,20241023,20241028,20251028,2024-10-23,2024-10-28,2025-10-28,Active,Monthly,Approved,Low,5,695.96,58.0,88000,695.96,695.96,1,0,0,0.0,None,,30,Bancassurance,2026-06-24 21:15:49
1836,POL000001836,341,1,1,20251210,20251224,20261224,2025-12-10,2025-12-24,2026-12-24,Lapsed,Monthly,Approved,Low,14,773.84,64.49,522000,0.0,0.0,0,1,0,0.0,None,,10,Digital,2026-01-03 04:19:41
1837,POL000001837,193,7,20,20240608,20240614,20250614,2024-06-08,2024-06-14,2025-06-14,Active,Monthly,Approved,Standard,6,1301.57,108.46,101000,1301.57,1301.57,1,0,0,0.0,None,,10,Agency,2025-08-01 17:42:30
1838,POL000001838,172,5,1,20250415,20250423,20260423,2025-04-15,2025-04-23,2026-04-23,Active,Quarterly,Approved,Standard,8,7759.26,646.6,184000,7759.26,7759.26,1,0,0,0.0,None,,10,Digital,2025-09-08 10:21:15
1839,POL000001839,239,1,15,20260504,20260509,20270509,2026-05-04,2026-05-09,2027-05-09,Active,Monthly,Approved,Standard,5,1735.43,144.62,692000,0.0,0.0,0,0,0,0.0,None,,5,Bancassurance,2026-06-16 22:15:12
1840,POL000001840,177,5,22,20260904,20260925,20270925,2026-09-04,2026-09-25,2027-09-25,Active,Monthly,Approved with Loading,Elevated,21,5681.27,473.44,142000,0.0,0.0,0,0,0,0.0,None,,15,Bancassurance,2026-09-25 22:59:27
1841,POL000001841,306,10,7,20260305,20260316,20270316,2026-03-05,2026-03-16,2027-03-16,Active,Monthly,Approved with Loading,Elevated,11,2506.84,208.9,185000,0.0,0.0,0,0,0,0.0,None,,5,Bancassurance,2026-06-28 23:48:33
1842,POL000001842,332,5,5,20250515,20250522,20260522,2025-05-15,2025-05-22,2026-05-22,Active,Quarterly,Approved,Standard,7,3396.83,283.07,88000,3396.83,3396.83,1,0,0,0.0,None,,20,Direct,2026-02-01 14:17:51
1843,POL000001843,309,1,10,20231223,20231228,20241227,2023-12-23,2023-12-28,2024-12-27,Lapsed,Monthly,Approved,Standard,5,2256.11,188.01,721000,2256.11,0.0,0,1,0,0.0,None,,20,Agency,2026-09-16 23:32:35
1844,POL000001844,362,4,18,20260704,20260710,20270710,2026-07-04,2026-07-10,2027-07-10,Active,Monthly,Approved,Low,6,1980.63,165.05,194000,0.0,0.0,0,0,0,0.0,None,,20,Digital,2026-08-06 03:02:22
1845,POL000001845,627,7,12,20251119,20251203,20261203,2025-11-19,2025-12-03,2026-12-03,Active,Monthly,Approved,Standard,14,12487.86,1040.66,823000,0.0,0.0,0,0,0,0.0,None,,20,Agency,2026-07-18 12:59:40
1846,POL000001846,152,7,20,20250725,20250728,20260728,2025-07-25,2025-07-28,2026-07-28,Active,Quarterly,Approved,Standard,3,3478.75,289.9,356000,3478.75,3478.75,1,0,0,0.0,None,,10,Agency,2026-04-14 19:53:23
1847,POL000001847,685,7,7,20240313,20240321,20250321,2024-03-13,2024-03-21,2025-03-21,Active,Half-yearly,Approved,Standard,8,1002.2,83.52,108000,1002.2,1002.2,1,0,0,0.0,None,,15,Bancassurance,2025-01-08 10:27:59
1848,POL000001848,212,12,1,20250719,20250722,20260722,2025-07-19,2025-07-22,2026-07-22,Active,Annual,Approved,Low,3,7061.86,588.49,340000,7061.86,7061.86,1,0,0,0.0,None,,10,Digital,2026-02-06 07:04:31
1849,POL000001849,510,3,22,20240423,20240429,20250429,2024-04-23,2024-04-29,2025-04-29,Active,Monthly,Approved,Standard,6,9622.19,801.85,705000,9622.19,9622.19,1,0,0,0.0,None,,30,Bancassurance,2024-08-06 17:06:47
1850,POL000001850,534,3,18,20240515,20240530,20250530,2024-05-15,2024-05-30,2025-05-30,Active,Annual,Approved,Standard,15,3397.63,283.14,395000,3397.63,0.0,0,0,0,0.0,None,,30,Digital,2024-12-25 02:02:34
1851,POL000001851,438,3,6,20260415,20260417,20270417,2026-04-15,2026-04-17,2027-04-17,Active,Quarterly,Approved,Low,2,1666.64,138.89,101000,0.0,0.0,0,0,0,0.0,None,,30,Agency,2026-07-28 07:57:53
1852,POL000001852,440,11,4,20230331,20230419,20240418,2023-03-31,2023-04-19,2024-04-18,Active,Monthly,Approved,Standard,19,6474.78,539.56,297000,6474.78,6474.78,1,0,0,0.0,None,,10,Agency,2024-09-08 10:56:31
1853,POL000001853,138,2,4,20260326,20260402,20270402,2026-03-26,2026-04-02,2027-04-02,Active,Annual,Approved,Standard,7,623.76,51.98,163000,0.0,0.0,0,0,0,0.0,None,,20,Agency,2026-09-13 13:56:38
1854,POL000001854,300,5,21,20241122,20241129,20251129,2024-11-22,2024-11-29,2025-11-29,Active,Quarterly,Approved,Low,7,8211.57,684.3,343000,8211.57,8211.57,1,0,0,0.0,None,,20,Agency,2026-05-29 02:07:35
1855,POL000001855,617,1,16,20240630,20240706,20250706,2024-06-30,2024-07-06,2025-07-06,Matured,Half-yearly,Approved,Standard,6,1268.23,105.69,545000,1268.23,1268.23,1,0,0,0.0,None,,1,Direct,2024-08-22 01:50:54
1856,POL000001856,140,2,13,20230714,20230728,20240727,2023-07-14,2023-07-28,2024-07-27,Active,Monthly,Approved,Low,14,1157.5,96.46,417000,1157.5,1157.5,1,0,0,0.0,None,,15,Broker / IFA,2025-01-07 17:57:57
1857,POL000001857,309,11,3,20260214,20260224,20270224,2026-02-14,2026-02-24,2027-02-24,Active,Annual,Approved with Loading,Elevated,10,30417.24,2534.77,636000,0.0,0.0,0,0,0,0.0,None,,20,Broker / IFA,2026-08-28 03:25:02
1858,POL000001858,475,1,18,20231214,20231216,20241215,2023-12-14,2023-12-16,2024-12-15,Matured,Quarterly,Approved,Standard,2,1652.14,137.68,1082000,1652.14,1652.14,1,0,0,0.0,None,,1,Digital,2026-08-17 12:46:45
1859,POL000001859,169,9,6,20250123,20250211,20260211,2025-01-23,2025-02-11,2026-02-11,Active,Monthly,Approved,Standard,19,2017.83,168.15,269000,2017.83,2017.83,1,0,0,0.0,None,,5,Agency,2025-09-26 22:17:37
1860,POL000001860,693,10,19,20230130,20230213,20240213,2023-01-30,2023-02-13,2024-02-13,Active,Annual,Approved,Low,14,1263.62,105.3,90000,1263.62,1263.62,1,0,0,0.0,None,,15,Agency,2024-01-15 17:58:00
1861,POL000001861,172,4,1,20260503,20260515,20270515,2026-05-03,2026-05-15,2027-05-15,Active,Monthly,Approved,Standard,12,2105.45,175.45,131000,0.0,0.0,0,0,0,0.0,None,,20,Digital,2026-08-07 15:59:19
1862,POL000001862,215,1,14,20231116,20231129,20241128,2023-11-16,2023-11-29,2024-11-28,Cancelled,Monthly,Approved,Low,13,662.33,55.19,284000,662.33,0.0,0,0,0,0.0,None,,5,Bancassurance,2025-02-13 10:53:25
1863,POL000001863,458,12,14,20250805,20250820,20260820,2025-08-05,2025-08-20,2026-08-20,Active,Monthly,Approved,Standard,15,12162.83,1013.57,530000,12162.83,12162.83,1,0,0,0.0,None,,15,Bancassurance,2026-05-10 11:09:20
1864,POL000001864,694,4,15,20240828,20240911,20250911,2024-08-28,2024-09-11,2025-09-11,Active,Annual,Approved,Standard,14,9326.81,777.23,473000,9326.81,9326.81,1,0,0,0.0,None,,20,Bancassurance,2025-10-31 17:08:57
1865,POL000001865,602,1,16,20240617,20240621,20250621,2024-06-17,2024-06-21,2025-06-21,Active,Half-yearly,Approved,Low,4,320.41,26.7,215000,320.41,320.41,1,0,0,0.0,None,,5,Direct,2025-02-21 03:19:46
1866,POL000001866,73,4,2,20250413,20250421,20260421,2025-04-13,2025-04-21,2026-04-21,Active,Annual,Approved,Low,8,7652.8,637.73,585000,7652.8,7652.8,1,0,0,0.0,None,,20,Broker / IFA,2025-10-12 12:56:42
1867,POL000001867,107,8,5,20230101,20230103,20240103,2023-01-01,2023-01-03,2024-01-03,Active,Monthly,Approved,Standard,2,3122.93,260.24,218000,3122.93,3122.93,1,0,0,0.0,None,,20,Direct,2023-10-01 01:59:41
1868,POL000001868,9,4,24,20250310,20250322,20260322,2025-03-10,2025-03-22,2026-03-22,Cancelled,Annual,Approved,Standard,12,2519.02,209.92,158000,2519.02,0.0,0,0,0,0.0,None,,20,Agency,2026-04-10 12:33:09
1869,POL000001869,519,5,24,20260306,20260310,20270310,2026-03-06,2026-03-10,2027-03-10,Active,Monthly,Approved,Standard,4,2709.4,225.78,130000,0.0,0.0,0,0,0,0.0,None,,20,Agency,2026-05-14 18:30:29
1870,POL000001870,549,1,19,20260311,20260328,20270328,2026-03-11,2026-03-28,2027-03-28,Active,Monthly,Approved,Standard,17,388.29,32.36,163000,0.0,0.0,0,0,0,0.0,None,,2,Agency,2026-05-30 11:35:29
1871,POL000001871,618,4,2,20230917,20230924,20240923,2023-09-17,2023-09-24,2024-09-23,Active,Monthly,Approved,Low,7,9087.4,757.28,634000,9087.4,9087.4,1,0,0,0.0,None,,30,Broker / IFA,2025-07-31 07:24:30
1872,POL000001872,56,1,20,20240721,20240801,20250801,2024-07-21,2024-08-01,2025-08-01,Matured,Monthly,Approved,Standard,11,343.41,28.62,206000,343.41,343.41,1,0,0,0.0,None,,2,Agency,2026-03-01 07:03:06
1873,POL000001873,137,3,25,20260813,20260819,20270819,2026-08-13,2026-08-19,2027-08-19,Active,Monthly,Approved with Loading,Elevated,6,12553.52,1046.13,446000,0.0,0.0,0,0,0,0.0,None,,25,Agency,2026-09-03 21:43:12
1874,POL000001874,276,9,5,20230410,20230418,20240417,2023-04-10,2023-04-18,2024-04-17,Active,Annual,Approved,Standard,8,1378.57,114.88,160000,1378.57,1378.57,1,0,0,0.0,None,,20,Direct,2024-02-25 20:37:14
1875,POL000001875,206,12,23,20231108,20231110,20241109,2023-11-08,2023-11-10,2024-11-09,Active,Quarterly,Approved with Loading,Elevated,2,17020.14,1418.34,738000,17020.14,17020.14,1,0,0,0.0,None,,10,Bancassurance,2024-06-11 03:29:32
1876,POL000001876,18,9,16,20250729,20250806,20260806,2025-07-29,2025-08-06,2026-08-06,Active,Quarterly,Approved,Standard,8,4020.14,335.01,331000,4020.14,0.0,0,0,0,0.0,None,,20,Direct,2025-12-08 05:47:17
1877,POL000001877,623,5,5,20240112,20240129,20250128,2024-01-12,2024-01-29,2025-01-28,Active,Annual,Approved,Standard,17,8910.55,742.55,320000,8910.55,8910.55,1,0,0,0.0,None,,15,Direct,2025-06-27 11:00:59
1878,POL000001878,323,2,11,20240614,20240615,20250615,2024-06-14,2024-06-15,2025-06-15,Active,Monthly,Approved,Standard,1,799.07,66.59,244000,799.07,799.07,1,0,0,0.0,None,,20,Bancassurance,2024-10-25 22:44:21
1879,POL000001879,1,8,2,20260804,20260826,20270826,2026-08-04,2026-08-26,2027-08-26,Active,Annual,Approved,Low,22,8030.32,669.19,649000,0.0,0.0,0,0,0,0.0,None,,20,Broker / IFA,2026-09-03 22:48:20
1880,POL000001880,618,6,5,20250520,20250607,20260607,2025-05-20,2025-06-07,2026-06-07,Active,Monthly,Approved,Low,18,2370.16,197.51,100000,2370.16,2370.16,1,0,0,0.0,None,,10,Direct,2025-06-14 01:51:19
1881,POL000001881,182,1,16,20260505,20260510,20270510,2026-05-05,2026-05-10,2027-05-10,Lapsed,Monthly,Approved,Standard,5,930.96,77.58,434000,0.0,0.0,0,1,0,0.0,None,,5,Direct,2026-07-06 06:55:47
1882,POL000001882,181,3,23,20250413,20250422,20260422,2025-04-13,2025-04-22,2026-04-22,Active,Monthly,Approved,Standard,9,3199.38,266.62,176000,3199.38,3199.38,1,0,0,0.0,None,,25,Bancassurance,2025-06-29 23:46:16
1883,POL000001883,14,11,14,20230911,20230922,20240921,2023-09-11,2023-09-22,2024-09-21,Active,Annual,Approved with Loading,Elevated,11,21176.98,1764.75,677000,21176.98,21176.98,1,0,0,0.0,None,,20,Bancassurance,2025-02-17 12:25:01
1884,POL000001884,226,1,13,20230405,20230407,20240406,2023-04-05,2023-04-07,2024-04-06,Active,Annual,Approved,Low,2,763.69,63.64,449000,763.69,763.69,1,0,0,0.0,None,,20,Broker / IFA,2025-07-01 04:42:50
1885,POL000001885,691,11,5,20260621,20260709,20270709,2026-06-21,2026-07-09,2027-07-09,Active,Monthly,Approved with Loading,Elevated,18,20415.03,1701.25,539000,0.0,0.0,0,0,0,0.0,None,,10,Direct,2026-07-15 15:21:07
1886,POL000001886,380,9,14,20230710,20230723,20240722,2023-07-10,2023-07-23,2024-07-22,Active,Quarterly,Approved,Low,13,2059.35,171.61,292000,2059.35,2059.35,1,0,0,0.0,None,,5,Bancassurance,2024-06-15 06:21:31
1887,POL000001887,371,1,15,20230824,20230906,20240905,2023-08-24,2023-09-06,2024-09-05,Lapsed,Monthly,Approved,Standard,13,2677.29,223.11,1478000,2677.29,0.0,0,1,0,0.0,None,,10,Bancassurance,2026-01-26 02:53:42
1888,POL000001888,566,9,18,20250618,20250622,20260622,2025-06-18,2025-06-22,2026-06-22,Active,Annual,Approved,Low,4,953.36,79.45,138000,953.36,953.36,1,0,0,0.0,None,,5,Digital,2026-08-15 17:01:30
1889,POL000001889,658,10,18,20241118,20241130,20251130,2024-11-18,2024-11-30,2025-11-30,Active,Monthly,Approved,Standard,12,754.32,62.86,95000,754.32,754.32,1,0,0,0.0,None,,10,Digital,2026-06-29 17:17:07
1890,POL000001890,659,6,21,20230722,20230808,20240807,2023-07-22,2023-08-08,2024-08-07,Active,Monthly,Approved,Low,17,2070.46,172.54,81000,2070.46,2070.46,1,0,0,0.0,None,,18,Agency,2025-02-04 14:04:57
1891,POL000001891,241,2,18,20250411,20250426,20260426,2025-04-11,2025-04-26,2026-04-26,Active,Monthly,Approved,Standard,15,1284.64,107.05,611000,1284.64,1284.64,1,0,0,0.0,None,,20,Digital,2025-11-11 12:39:20
1892,POL000001892,375,8,3,20230205,20230208,20240208,2023-02-05,2023-02-08,2024-02-08,Lapsed,Annual,Approved with Loading,Elevated,3,4102.39,341.87,193000,4102.39,0.0,0,1,0,0.0,None,,15,Broker / IFA,2023-06-01 00:39:20
1893,POL000001893,335,7,2,20250805,20250811,20260811,2025-08-05,2025-08-11,2026-08-11,Active,Monthly,Approved,Standard,6,6792.83,566.07,481000,6792.83,6792.83,1,0,0,0.0,None,,20,Broker / IFA,2026-04-02 19:49:30
1894,POL000001894,255,5,8,20230316,20230319,20240318,2023-03-16,2023-03-19,2024-03-18,Active,Monthly,Approved with Loading,Elevated,3,5095.9,424.66,162000,5095.9,5095.9,1,0,0,0.0,None,,15,Bancassurance,2024-06-16 15:47:15
1895,POL000001895,539,10,5,20230626,20230629,20240628,2023-06-26,2023-06-29,2024-06-28,Active,Monthly,Approved with Loading,Elevated,3,2510.37,209.2,257000,2510.37,2510.37,1,0,0,0.0,None,,15,Direct,2023-06-29 08:35:19
1896,POL000001896,354,1,8,20260404,20260415,20270415,2026-04-04,2026-04-15,2027-04-15,Lapsed,Quarterly,Approved,Standard,11,1341.69,111.81,915000,0.0,0.0,0,1,0,0.0,None,,5,Bancassurance,2026-06-27 11:35:31
1897,POL000001897,333,8,2,20231224,20240102,20250101,2023-12-24,2024-01-02,2025-01-01,Claimed,Annual,Approved,Standard,9,6269.74,522.48,446000,6269.74,6269.74,1,0,1,123890.43,Paid,2024-01-31,10,Broker / IFA,2025-07-10 04:50:21
1898,POL000001898,180,1,4,20240421,20240503,20250503,2024-04-21,2024-05-03,2025-05-03,Active,Annual,Approved,Standard,12,2041.85,170.15,1026000,2041.85,2041.85,1,0,0,0.0,None,,10,Agency,2026-01-08 19:49:23
1899,POL000001899,439,7,17,20240928,20241003,20251003,2024-09-28,2024-10-03,2025-10-03,Lapsed,Monthly,Approved,Standard,5,2660.25,221.69,181000,2660.25,0.0,0,1,0,0.0,None,,20,Bancassurance,2026-08-31 13:39:11
1900,POL000001900,517,6,5,20260419,20260429,20270429,2026-04-19,2026-04-29,2027-04-29,Active,Monthly,Approved,Low,10,8730.78,727.56,348000,0.0,0.0,0,0,0,0.0,None,,10,Direct,2026-09-05 21:21:38
1901,POL000001901,152,8,18,20231226,20240102,20250101,2023-12-26,2024-01-02,2025-01-01,Active,Half-yearly,Approved,Standard,7,6727.64,560.64,431000,6727.64,6727.64,1,0,0,0.0,None,,15,Digital,2026-04-15 19:05:21
1902,POL000001902,321,10,2,20260702,20260708,20270708,2026-07-02,2026-07-08,2027-07-08,Active,Quarterly,Approved,Standard,6,2178.39,181.53,150000,0.0,0.0,0,0,0,0.0,None,,10,Broker / IFA,2026-08-26 00:43:41
1903,POL000001903,488,2,16,20260325,20260329,20270329,2026-03-25,2026-03-29,2027-03-29,Active,Monthly,Approved,Standard,4,909.11,75.76,242000,0.0,0.0,0,0,0,0.0,None,,20,Direct,2026-04-22 07:13:56
1904,POL000001904,461,6,11,20241224,20250104,20260104,2024-12-24,2025-01-04,2026-01-04,Active,Annual,Approved,Low,11,4225.53,352.13,173000,4225.53,4225.53,1,0,0,0.0,None,,18,Bancassurance,2025-12-22 14:30:53
1905,POL000001905,716,3,3,20260308,20260318,20270318,2026-03-08,2026-03-18,2027-03-18,Active,Monthly,Approved with Loading,Elevated,10,1840.35,153.36,81000,0.0,0.0,0,0,0,0.0,None,,25,Broker / IFA,2026-07-01 06:22:15
1906,POL000001906,168,1,10,20260616,20260625,20270625,2026-06-16,2026-06-25,2027-06-25,Active,Half-yearly,Approved,Standard,9,1135.7,94.64,517000,0.0,0.0,0,0,0,0.0,None,,20,Agency,2026-07-01 02:22:28
1907,POL000001907,350,1,16,20240103,20240110,20250109,2024-01-03,2024-01-10,2025-01-09,Active,Monthly,Approved,Low,7,1871.59,155.97,1415000,1871.59,1871.59,1,0,0,0.0,None,,5,Direct,2026-04-15 18:13:14
1908,POL000001908,734,2,8,20240222,20240225,20250224,2024-02-22,2024-02-25,2025-02-24,Active,Monthly,Approved with Loading,Elevated,3,1409.19,117.43,471000,1409.19,1409.19,1,0,0,0.0,None,,20,Bancassurance,2025-06-25 10:47:12
1909,POL000001909,575,11,20,20240310,20240324,20250324,2024-03-10,2024-03-24,2025-03-24,Active,Monthly,Approved,Standard,14,22598.81,1883.23,479000,22598.81,22598.81,1,0,0,0.0,None,,10,Agency,2026-05-25 11:02:29
1910,POL000001910,556,6,23,20250316,20250331,20260331,2025-03-16,2025-03-31,2026-03-31,Active,Monthly,Approved,Low,15,6786.99,565.58,269000,6786.99,6786.99,1,0,0,0.0,None,,10,Bancassurance,2026-09-25 14:56:37
1911,POL000001911,411,7,5,20251121,20251130,20261130,2025-11-21,2025-11-30,2026-11-30,Active,Monthly,Approved,Low,9,3873.73,322.81,305000,0.0,0.0,0,0,0,0.0,None,,20,Direct,2025-12-20 02:57:59
1912,POL000001912,89,5,19,20250510,20250513,20260513,2025-05-10,2025-05-13,2026-05-13,Active,Monthly,Approved,Standard,3,6094.95,507.91,168000,6094.95,6094.95,1,0,0,0.0,None,,15,Agency,2025-07-13 18:55:34
1913,POL000001913,300,6,22,20241105,20241112,20251112,2024-11-05,2024-11-12,2025-11-12,Active,Annual,Approved,Standard,7,2955.33,246.28,119000,2955.33,2955.33,1,0,0,0.0,None,,18,Bancassurance,2026-03-16 00:49:01
1914,POL000001914,456,5,8,20250506,20250515,20260515,2025-05-06,2025-05-15,2026-05-15,Active,Monthly,Approved,Standard,9,1276.69,106.39,59000,1276.69,1276.69,1,0,0,0.0,None,,20,Bancassurance,2026-05-27 00:14:39
1915,POL000001915,551,7,18,20260602,20260605,20270605,2026-06-02,2026-06-05,2027-06-05,Active,Annual,Approved,Standard,3,1070.72,89.23,123000,0.0,0.0,0,0,0,0.0,None,,10,Digital,2026-08-05 14:47:44
1916,POL000001916,411,9,18,20230225,20230302,20240301,2023-02-25,2023-03-02,2024-03-01,Lapsed,Monthly,Approved,Standard,5,4067.39,338.95,435000,4067.39,0.0,0,1,0,0.0,None,,20,Digital,2023-03-29 04:50:52
1917,POL000001917,416,10,16,20260923,20260925,20270925,2026-09-23,2026-09-25,2027-09-25,Active,Monthly,Approved,Low,2,753.21,62.77,82000,0.0,0.0,0,0,0,0.0,None,,15,Direct,2026-09-25 04:33:29
1918,POL000001918,201,5,1,20240805,20240814,20250814,2024-08-05,2024-08-14,2025-08-14,Active,Annual,Approved,Low,9,6534.63,544.55,296000,6534.63,6534.63,1,0,0,0.0,None,,10,Digital,2026-08-04 23:25:42
1919,POL000001919,363,4,24,20231105,20231120,20241119,2023-11-05,2023-11-20,2024-11-19,Active,Monthly,Approved,Low,15,4009.45,334.12,396000,4009.45,4009.45,1,0,0,0.0,None,,25,Agency,2026-03-07 13:14:41
1920,POL000001920,684,7,18,20260124,20260208,20270208,2026-01-24,2026-02-08,2027-02-08,Claimed,Monthly,Approved,Standard,15,5669.64,472.47,762000,0.0,0.0,0,0,1,438783.15,Paid,2026-08-04,20,Digital,2026-06-06 14:12:04
1921,POL000001921,316,2,2,20230522,20230530,20240529,2023-05-22,2023-05-30,2024-05-29,Active,Quarterly,Approved,Standard,8,847.15,70.6,435000,847.15,0.0,0,0,0,0.0,None,,5,Broker / IFA,2026-08-07 13:48:37
1922,POL000001922,585,6,10,20260117,20260122,20270122,2026-01-17,2026-01-22,2027-01-22,Lapsed,Monthly,Approved,Standard,5,3519.71,293.31,146000,0.0,0.0,0,1,0,0.0,None,,18,Agency,2026-02-05 13:58:01
1923,POL000001923,159,7,13,20240731,20240807,20250807,2024-07-31,2024-08-07,2025-08-07,Cancelled,Quarterly,Approved,Standard,7,8703.84,725.32,775000,8703.84,0.0,0,0,0,0.0,None,,15,Broker / IFA,2025-11-06 18:49:16
1924,POL000001924,708,10,12,20230815,20230821,20240820,2023-08-15,2023-08-21,2024-08-20,Active,Monthly,Approved,Standard,6,1273.85,106.15,178000,1273.85,1273.85,1,0,0,0.0,None,,15,Agency,2024-12-14 05:22:59
1925,POL000001925,368,9,24,20230612,20230625,20240624,2023-06-12,2023-06-25,2024-06-24,Active,Half-yearly,Approved,Low,13,421.77,35.15,64000,421.77,421.77,1,0,0,0.0,None,,20,Agency,2024-04-22 22:50:09
1926,POL000001926,12,5,4,20250213,20250215,20260215,2025-02-13,2025-02-15,2026-02-15,Active,Monthly,Approved,Standard,2,5939.97,495.0,256000,5939.97,5939.97,1,0,0,0.0,None,,10,Agency,2025-05-10 07:18:06
1927,POL000001927,465,8,1,20250315,20250322,20260322,2025-03-15,2025-03-22,2026-03-22,Active,Annual,Approved,Standard,7,8476.2,706.35,689000,8476.2,8476.2,1,0,0,0.0,None,,15,Digital,2026-06-21 17:43:19
1928,POL000001928,449,1,24,20231126,20231127,20241126,2023-11-26,2023-11-27,2024-11-26,Active,Quarterly,Approved,Low,1,1695.51,141.29,1241000,1695.51,1695.51,1,0,0,0.0,None,,20,Agency,2025-10-10 12:21:53
1929,POL000001929,723,12,13,20240923,20240927,20250927,2024-09-23,2024-09-27,2025-09-27,Active,Quarterly,Approved with Loading,Elevated,4,7670.69,639.22,171000,7670.69,7670.69,1,0,0,0.0,None,,20,Broker / IFA,2024-12-29 20:13:49
1930,POL000001930,113,2,4,20260626,20260706,20270706,2026-06-26,2026-07-06,2027-07-06,Active,Quarterly,Approved,Standard,10,1086.23,90.52,287000,0.0,0.0,0,0,0,0.0,None,,10,Agency,2026-07-10 05:21:39
1931,POL000001931,613,12,5,20241203,20241206,20251206,2024-12-03,2024-12-06,2025-12-06,Active,Monthly,Approved,Standard,3,31045.55,2587.13,1008000,31045.55,31045.55,1,0,0,0.0,None,,10,Direct,2025-01-31 01:13:36
1932,POL000001932,150,1,6,20250916,20250917,20260917,2025-09-16,2025-09-17,2026-09-17,Active,Monthly,Approved,Low,1,240.0,20.0,136000,240.0,240.0,1,0,0,0.0,None,,10,Agency,2025-10-01 15:03:23
1933,POL000001933,269,1,1,20231002,20231024,20241023,2023-10-02,2023-10-24,2024-10-23,Matured,Half-yearly,Approved,Standard,22,568.5,47.38,350000,568.5,568.5,1,0,0,0.0,None,,2,Digital,2024-10-26 13:08:13
1934,POL000001934,443,7,20,20240729,20240801,20250801,2024-07-29,2024-08-01,2025-08-01,Active,Monthly,Approved,Standard,3,3720.17,310.01,174000,3720.17,3720.17,1,0,0,0.0,None,,25,Agency,2024-10-25 05:32:41
1935,POL000001935,478,1,1,20230728,20230809,20240808,2023-07-28,2023-08-09,2024-08-08,Lapsed,Monthly,Approved,Standard,12,471.17,39.26,247000,471.17,0.0,0,1,0,0.0,None,,10,Digital,2025-06-24 23:56:06
1936,POL000001936,418,7,8,20240609,20240625,20250625,2024-06-09,2024-06-25,2025-06-25,Active,Monthly,Approved with Loading,Elevated,16,2839.83,236.65,152000,2839.83,2839.83,1,0,0,0.0,None,,10,Bancassurance,2025-08-27 07:24:16
1937,POL000001937,587,4,20,20250509,20250609,20260609,2025-05-09,2025-06-09,2026-06-09,Active,Monthly,Approved,Low,31,2052.05,171.0,209000,2052.05,0.0,0,0,0,0.0,None,,30,Agency,2025-09-04 04:22:09
1938,POL000001938,48,1,24,20250606,20250615,20260615,2025-06-06,2025-06-15,2026-06-15,Matured,Quarterly,Approved,Standard,9,743.8,61.98,262000,743.8,743.8,1,0,0,0.0,None,,1,Agency,2025-07-03 02:35:23
1939,POL000001939,312,2,9,20260321,20260407,20270407,2026-03-21,2026-04-07,2027-04-07,Active,Quarterly,Approved,Standard,17,1036.79,86.4,419000,0.0,0.0,0,0,0,0.0,None,,5,Bancassurance,2026-08-06 02:36:40
1940,POL000001940,680,3,18,20230622,20230628,20240627,2023-06-22,2023-06-28,2024-06-27,Active,Half-yearly,Approved,Low,6,4297.69,358.14,353000,4297.69,4297.69,1,0,0,0.0,None,,20,Digital,2025-02-07 09:47:09
1941,POL000001941,32,3,2,20260728,20260810,20270810,2026-07-28,2026-08-10,2027-08-10,Lapsed,Monthly,Approved,Standard,13,2123.75,176.98,90000,0.0,0.0,0,1,0,0.0,None,,30,Broker / IFA,2026-08-31 07:48:11
1942,POL000001942,306,8,17,20240801,20240818,20250818,2024-08-01,2024-08-18,2025-08-18,Active,Quarterly,Approved,Standard,17,8534.78,711.23,880000,8534.78,8534.78,1,0,0,0.0,None,,20,Bancassurance,2025-04-14 04:24:04
1943,POL000001943,744,12,19,20250806,20250817,20260817,2025-08-06,2025-08-17,2026-08-17,Active,Quarterly,Approved,Standard,11,6871.62,572.64,293000,6871.62,0.0,0,0,0,0.0,None,,15,Agency,2026-07-27 18:14:50
1944,POL000001944,119,8,12,20250317,20250401,20260401,2025-03-17,2025-04-01,2026-04-01,Active,Quarterly,Approved,Low,15,1527.92,127.33,179000,1527.92,1527.92,1,0,0,0.0,None,,20,Agency,2026-09-20 02:36:55
1945,POL000001945,376,3,15,20260614,20260622,20270622,2026-06-14,2026-06-22,2027-06-22,Active,Annual,Approved with Loading,Elevated,8,4101.44,341.79,227000,0.0,0.0,0,0,0,0.0,None,,30,Bancassurance,2026-09-15 07:30:32
1946,POL000001946,263,3,25,20230518,20230701,20240630,2023-05-18,2023-07-01,2024-06-30,Active,Half-yearly,Approved,Low,44,5747.96,479.0,484000,5747.96,5747.96,1,0,0,0.0,None,,20,Agency,2024-01-12 23:17:15
1947,POL000001947,357,3,10,20260620,20260706,20270706,2026-06-20,2026-07-06,2027-07-06,Active,Monthly,Approved,Standard,16,9046.91,753.91,741000,0.0,0.0,0,0,0,0.0,None,,25,Agency,2026-07-16 16:03:51
1948,POL000001948,382,8,18,20250924,20250927,20260927,2025-09-24,2025-09-27,2026-09-27,Active,Monthly,Approved,Standard,3,2892.95,241.08,169000,0.0,0.0,0,0,0,0.0,None,,10,Digital,2026-01-25 10:33:29
1949,POL000001949,659,7,1,20240701,20240716,20250716,2024-07-01,2024-07-16,2025-07-16,Active,Half-yearly,Approved,Low,15,3121.03,260.09,233000,3121.03,3121.03,1,0,0,0.0,None,,10,Digital,2026-01-06 12:23:53
1950,POL000001950,586,4,1,20260625,20260710,20270710,2026-06-25,2026-07-10,2027-07-10,Active,Annual,Approved,Standard,15,6955.52,579.63,258000,0.0,0.0,0,0,0,0.0,None,,20,Digital,2026-09-11 13:08:45
1951,POL000001951,677,2,10,20250102,20250109,20260109,2025-01-02,2025-01-09,2026-01-09,Claimed,Monthly,Approved,Standard,7,430.8,35.9,183000,430.8,0.0,0,0,1,32788.31,Paid,2025-11-05,15,Agency,2025-03-20 21:46:17
1952,POL000001952,134,9,3,20240130,20240205,20250204,2024-01-30,2024-02-05,2025-02-04,Active,Monthly,Approved,Low,6,1142.27,95.19,225000,1142.27,1142.27,1,0,0,0.0,None,,15,Broker / IFA,2026-08-05 11:54:20
1953,POL000001953,375,9,12,20251007,20251019,20261019,2025-10-07,2025-10-19,2026-10-19,Active,Quarterly,Approved,Standard,12,5483.03,456.92,399000,0.0,0.0,0,0,0,0.0,None,,10,Agency,2026-06-26 22:44:55
1954,POL000001954,351,4,16,20240120,20240123,20250122,2024-01-20,2024-01-23,2025-01-22,Active,Annual,Approved,Standard,3,5904.48,492.04,444000,5904.48,5904.48,1,0,0,0.0,None,,25,Direct,2024-09-07 05:34:14
1955,POL000001955,646,6,22,20250305,20250307,20260307,2025-03-05,2025-03-07,2026-03-07,Active,Monthly,Approved,Low,2,8772.69,731.06,355000,8772.69,8772.69,1,0,0,0.0,None,,15,Bancassurance,2025-12-16 05:15:08
1956,POL000001956,192,7,24,20250622,20250709,20260709,2025-06-22,2025-07-09,2026-07-09,Active,Monthly,Approved,Low,17,2183.57,181.96,227000,2183.57,2183.57,1,0,0,0.0,None,,10,Agency,2025-11-21 21:43:59
1957,POL000001957,149,3,3,20240705,20240707,20250707,2024-07-05,2024-07-07,2025-07-07,Active,Half-yearly,Approved,Standard,2,4282.99,356.92,268000,4282.99,4282.99,1,0,0,0.0,None,,30,Broker / IFA,2026-05-23 21:17:53
1958,POL000001958,737,2,18,20251120,20251125,20261125,2025-11-20,2025-11-25,2026-11-25,Active,Monthly,Approved,Standard,5,768.04,64.0,300000,0.0,0.0,0,0,0,0.0,None,,15,Digital,2026-07-25 02:13:11
1959,POL000001959,382,12,23,20250520,20250527,20260527,2025-05-20,2025-05-27,2026-05-27,Active,Monthly,Approved with Loading,Elevated,7,38813.71,3234.48,1090000,38813.71,38813.71,1,0,0,0.0,None,,20,Bancassurance,2026-01-18 10:54:19
1960,POL000001960,12,6,16,20240615,20240629,20250629,2024-06-15,2024-06-29,2025-06-29,Active,Monthly,Approved,Standard,14,8907.37,742.28,329000,8907.37,8907.37,1,0,0,0.0,None,,10,Direct,2024-12-07 18:38:14
1961,POL000001961,735,3,1,20240504,20240506,20250506,2024-05-04,2024-05-06,2025-05-06,Active,Annual,Approved,Standard,2,7251.07,604.26,579000,7251.07,7251.07,1,0,0,0.0,None,,25,Digital,2024-11-24 03:36:08
1962,POL000001962,534,11,5,20260329,20260401,20270401,2026-03-29,2026-04-01,2027-04-01,Active,Quarterly,Approved,Standard,3,9422.04,785.17,415000,0.0,0.0,0,0,0,0.0,None,,20,Direct,2026-08-17 18:48:23
1963,POL000001963,351,5,16,20241203,20241223,20251223,2024-12-03,2024-12-23,2025-12-23,Active,Monthly,Approved,Standard,20,1134.16,94.51,71000,1134.16,1134.16,1,0,0,0.0,None,,10,Direct,2025-06-26 19:29:43
1964,POL000001964,600,5,11,20230102,20230111,20240111,2023-01-02,2023-01-11,2024-01-11,Active,Annual,Approved,Low,9,838.18,69.85,57000,838.18,0.0,0,0,0,0.0,None,,10,Bancassurance,2026-01-25 14:15:22
1965,POL000001965,408,2,3,20250422,20250505,20260505,2025-04-22,2025-05-05,2026-05-05,Active,Monthly,Approved,Low,13,322.08,26.84,180000,322.08,322.08,1,0,0,0.0,None,,10,Broker / IFA,2025-12-14 02:10:42
1966,POL000001966,370,9,16,20241204,20241208,20251208,2024-12-04,2024-12-08,2025-12-08,Active,Annual,Approved,Standard,4,390.08,32.51,56000,390.08,0.0,0,0,0,0.0,None,,15,Direct,2025-07-27 07:24:08
1967,POL000001967,738,1,18,20250110,20250130,20260130,2025-01-10,2025-01-30,2026-01-30,Active,Monthly,Approved,Standard,20,240.0,20.0,119000,240.0,240.0,1,0,0,0.0,None,,5,Digital,2026-04-14 20:29:34
1968,POL000001968,406,1,4,20231013,20231026,20241025,2023-10-13,2023-10-26,2024-10-25,Active,Monthly,Approved,Standard,13,705.07,58.76,347000,705.07,705.07,1,0,0,0.0,None,,10,Agency,2025-09-07 21:14:28
1969,POL000001969,142,7,21,20230519,20230527,20240526,2023-05-19,2023-05-27,2024-05-26,Active,Monthly,Approved with Loading,Elevated,8,11692.87,974.41,896000,11692.87,11692.87,1,0,0,0.0,None,,10,Agency,2025-11-21 13:30:03
1970,POL000001970,487,10,6,20240812,20240816,20250816,2024-08-12,2024-08-16,2025-08-16,Active,Quarterly,Approved,Low,4,438.2,36.52,78000,438.2,438.2,1,0,0,0.0,None,,10,Agency,2026-03-10 09:14:14
1971,POL000001971,96,8,18,20241212,20241218,20251218,2024-12-12,2024-12-18,2025-12-18,Active,Quarterly,Approved,Standard,6,1944.53,162.04,200000,1944.53,1944.53,1,0,0,0.0,None,,20,Digital,2026-03-18 06:16:19
1972,POL000001972,11,5,16,20260223,20260307,20270307,2026-02-23,2026-03-07,2027-03-07,Active,Monthly,Approved,Standard,12,6662.51,555.21,267000,0.0,0.0,0,0,0,0.0,None,,10,Direct,2026-06-25 18:38:39
1973,POL000001973,150,1,5,20250424,20250427,20260427,2025-04-24,2025-04-27,2026-04-27,Active,Quarterly,Approved,Low,3,1385.7,115.48,1080000,1385.7,1385.7,1,0,0,0.0,None,,5,Direct,2025-12-11 06:39:23
1974,POL000001974,168,5,18,20240309,20240317,20250317,2024-03-09,2024-03-17,2025-03-17,Active,Quarterly,Approved,Low,8,1563.17,130.26,77000,1563.17,1563.17,1,0,0,0.0,None,,15,Digital,2025-04-08 12:38:35
1975,POL000001975,732,9,16,20230830,20230921,20240920,2023-08-30,2023-09-21,2024-09-20,Active,Monthly,Approved,Standard,22,348.3,29.02,56000,348.3,348.3,1,0,0,0.0,None,,10,Direct,2026-07-21 12:13:02
1976,POL000001976,37,7,21,20230702,20230711,20240710,2023-07-02,2023-07-11,2024-07-10,Active,Quarterly,Approved,Standard,9,9183.2,765.27,747000,9183.2,9183.2,1,0,0,0.0,None,,20,Agency,2024-08-14 18:58:32
1977,POL000001977,709,6,18,20240803,20240806,20250806,2024-08-03,2024-08-06,2025-08-06,Lapsed,Monthly,Approved,Low,3,1426.53,118.88,93000,1426.53,0.0,0,1,0,0.0,None,,10,Digital,2025-04-01 15:34:14
1978,POL000001978,477,2,18,20230604,20230626,20240625,2023-06-04,2023-06-26,2024-06-25,Active,Monthly,Approved,Low,22,733.64,61.14,409000,733.64,733.64,1,0,0,0.0,None,,20,Digital,2025-01-26 10:13:36
1979,POL000001979,628,12,2,20230702,20230709,20240708,2023-07-02,2023-07-09,2024-07-08,Active,Monthly,Approved with Loading,Elevated,7,14115.6,1176.3,305000,14115.6,14115.6,1,0,0,0.0,None,,10,Broker / IFA,2024-01-26 07:04:18
1980,POL000001980,217,5,1,20240120,20240203,20250202,2024-01-20,2024-02-03,2025-02-02,Active,Monthly,Approved,Low,14,1934.98,161.25,74000,1934.98,1934.98,1,0,0,0.0,None,,15,Digital,2026-03-11 19:47:39
1981,POL000001981,617,4,6,20230225,20230305,20240304,2023-02-25,2023-03-05,2024-03-04,Active,Monthly,Approved,Low,8,12494.63,1041.22,583000,12494.63,12494.63,1,0,0,0.0,None,,30,Agency,2026-07-12 19:11:36
1982,POL000001982,670,7,10,20250224,20250227,20260227,2025-02-24,2025-02-27,2026-02-27,Active,Monthly,Approved,Low,3,2324.58,193.72,195000,2324.58,2324.58,1,0,0,0.0,None,,15,Agency,2026-07-02 15:50:36
1983,POL000001983,676,7,1,20260817,20260821,20270821,2026-08-17,2026-08-21,2027-08-21,Active,Monthly,Approved,Low,4,895.64,74.64,137000,0.0,0.0,0,0,0,0.0,None,,25,Digital,2026-09-09 18:24:04
1984,POL000001984,330,8,21,20231012,20231019,20241018,2023-10-12,2023-10-19,2024-10-18,Active,Monthly,Approved with Loading,Elevated,7,2392.55,199.38,168000,2392.55,0.0,0,0,0,0.0,None,,15,Agency,2025-02-15 21:51:50
1985,POL000001985,463,5,5,20250704,20250706,20260706,2025-07-04,2025-07-06,2026-07-06,Active,Quarterly,Approved with Loading,Elevated,2,6114.16,509.51,98000,6114.16,6114.16,1,0,0,0.0,None,,15,Direct,2025-12-30 23:57:11
1986,POL000001986,461,8,19,20250813,20250819,20260819,2025-08-13,2025-08-19,2026-08-19,Lapsed,Half-yearly,Approved with Loading,Elevated,6,4397.94,366.49,226000,4397.94,0.0,0,1,0,0.0,None,,15,Agency,2026-03-27 20:09:13
1987,POL000001987,147,6,16,20250502,20250513,20260513,2025-05-02,2025-05-13,2026-05-13,Active,Monthly,Approved,Low,11,1577.99,131.5,93000,1577.99,1577.99,1,0,0,0.0,None,,10,Direct,2026-09-18 20:51:37
1988,POL000001988,453,4,17,20240120,20240204,20250203,2024-01-20,2024-02-04,2025-02-03,Lapsed,Annual,Approved,Standard,15,4700.09,391.67,206000,4700.09,0.0,0,1,0,0.0,None,,20,Bancassurance,2026-08-09 07:31:41
1989,POL000001989,190,5,3,20240912,20240914,20250914,2024-09-12,2024-09-14,2025-09-14,Active,Monthly,Approved,Standard,2,3620.3,301.69,116000,3620.3,3620.3,1,0,0,0.0,None,,20,Broker / IFA,2025-10-06 01:38:53
1990,POL000001990,732,11,2,20250214,20250221,20260221,2025-02-14,2025-02-21,2026-02-21,Active,Quarterly,Approved,Standard,7,9521.0,793.42,337000,9521.0,9521.0,1,0,0,0.0,None,,10,Broker / IFA,2025-02-26 07:35:34
1991,POL000001991,107,6,15,20240423,20240426,20250426,2024-04-23,2024-04-26,2025-04-26,Active,Half-yearly,Approved with Loading,Elevated,3,2587.49,215.62,68000,2587.49,2587.49,1,0,0,0.0,None,,10,Bancassurance,2024-11-14 10:55:27
1992,POL000001992,344,8,18,20231105,20231113,20241112,2023-11-05,2023-11-13,2024-11-12,Lapsed,Half-yearly,Approved,Standard,8,4535.73,377.98,341000,4535.73,0.0,0,1,0,0.0,None,,20,Digital,2024-04-08 11:28:08
1993,POL000001993,248,7,25,20260414,20260419,20270419,2026-04-14,2026-04-19,2027-04-19,Active,Quarterly,Approved with Loading,Elevated,5,10420.36,868.36,608000,0.0,0.0,0,0,0,0.0,None,,15,Agency,2026-08-01 11:04:29
1994,POL000001994,13,3,14,20231021,20231118,20241117,2023-10-21,2023-11-18,2024-11-17,Active,Annual,Approved,Standard,28,9388.07,782.34,659000,9388.07,9388.07,1,0,0,0.0,None,,25,Bancassurance,2025-12-15 15:40:55
1995,POL000001995,613,2,19,20250801,20250815,20260815,2025-08-01,2025-08-15,2026-08-15,Lapsed,Monthly,Approved,Standard,14,3341.42,278.45,610000,3341.42,0.0,0,1,0,0.0,None,,20,Agency,2025-11-07 16:16:58
1996,POL000001996,395,2,14,20240626,20240710,20250710,2024-06-26,2024-07-10,2025-07-10,Active,Monthly,Approved,Standard,14,618.88,51.57,258000,618.88,618.88,1,0,0,0.0,None,,15,Bancassurance,2026-07-02 09:14:34
1997,POL000001997,695,3,16,20230305,20230319,20240318,2023-03-05,2023-03-19,2024-03-18,Active,Annual,Approved,Standard,14,3010.23,250.85,321000,3010.23,3010.23,1,0,0,0.0,None,,25,Direct,2025-04-15 05:29:33
1998,POL000001998,211,1,1,20260225,20260305,20270305,2026-02-25,2026-03-05,2027-03-05,Active,Annual,Approved,Low,8,728.14,60.68,474000,0.0,0.0,0,0,0,0.0,None,,20,Digital,2026-08-27 16:28:16
1999,POL000001999,537,9,3,20251210,20251216,20261216,2025-12-10,2025-12-16,2026-12-16,Active,Annual,Approved,Standard,6,725.47,60.46,76000,0.0,0.0,0,0,0,0.0,None,,10,Broker / IFA,2025-12-18 00:47:06
2000,POL000002000,563,6,3,20231106,20231116,20241115,2023-11-06,2023-11-16,2024-11-15,Active,Monthly,Approved,Low,10,6562.61,546.88,320000,6562.61,6562.61,1,0,0,0.0,None,,15,Broker / IFA,2025-07-15 20:01:53
2001,POL000002001,488,6,9,20230302,20230305,20240304,2023-03-02,2023-03-05,2024-03-04,Active,Monthly,Approved,Standard,3,2533.96,211.16,71000,2533.96,0.0,0,0,0,0.0,None,,15,Bancassurance,2024-05-09 02:17:18
2002,POL000002002,148,6,16,20230923,20230929,20240928,2023-09-23,2023-09-29,2024-09-28,Active,Monthly,Approved,Standard,6,3808.34,317.36,190000,3808.34,3808.34,1,0,0,0.0,None,,15,Direct,2025-03-27 06:13:58
2003,POL000002003,484,3,15,20251203,20251210,20261210,2025-12-03,2025-12-10,2026-12-10,Active,Monthly,Approved,Standard,7,1105.05,92.09,94000,0.0,0.0,0,0,0,0.0,None,,25,Bancassurance,2026-03-20 02:23:12
2004,POL000002004,541,12,15,20250116,20250126,20260126,2025-01-16,2025-01-26,2026-01-26,Lapsed,Annual,Approved,Standard,10,10117.48,843.12,271000,10117.48,0.0,0,1,0,0.0,None,,20,Bancassurance,2026-06-24 18:59:09
2005,POL000002005,615,2,18,20230421,20230426,20240425,2023-04-21,2023-04-26,2024-04-25,Active,Monthly,Approved,Standard,5,1043.07,86.92,375000,1043.07,1043.07,1,0,0,0.0,None,,10,Digital,2023-12-12 19:41:46
2006,POL000002006,96,8,10,20251112,20251128,20261128,2025-11-12,2025-11-28,2026-11-28,Active,Quarterly,Approved,Low,16,4816.08,401.34,458000,0.0,0.0,0,0,0,0.0,None,,10,Agency,2026-08-09 22:21:45
2007,POL000002007,505,4,7,20230515,20230528,20240527,2023-05-15,2023-05-28,2024-05-27,Active,Half-yearly,Approved,Standard,13,2290.9,190.91,132000,2290.9,2290.9,1,0,0,0.0,None,,20,Bancassurance,2025-09-09 06:14:20
2008,POL000002008,127,2,25,20250210,20250217,20260217,2025-02-10,2025-02-17,2026-02-17,Active,Monthly,Approved,Low,7,1040.18,86.68,532000,1040.18,0.0,0,0,0,0.0,None,,15,Agency,2026-01-21 18:45:42
2009,POL000002009,175,9,5,20241120,20241124,20251124,2024-11-20,2024-11-24,2025-11-24,Active,Half-yearly,Approved,Standard,4,584.76,48.73,78000,584.76,584.76,1,0,0,0.0,None,,5,Direct,2025-06-29 02:20:16
2010,POL000002010,248,11,7,20230117,20230128,20240128,2023-01-17,2023-01-28,2024-01-28,Active,Monthly,Approved with Loading,Elevated,11,7269.44,605.79,169000,7269.44,7269.44,1,0,0,0.0,None,,10,Bancassurance,2023-05-24 03:23:26
2011,POL000002011,37,5,3,20251226,20260105,20270105,2025-12-26,2026-01-05,2027-01-05,Active,Quarterly,Approved with Loading,Elevated,10,15764.03,1313.67,417000,0.0,0.0,0,0,0,0.0,None,,20,Broker / IFA,2026-04-11 13:43:08
2012,POL000002012,253,9,24,20251022,20251031,20261031,2025-10-22,2025-10-31,2026-10-31,Active,Monthly,Approved,Standard,9,662.69,55.22,59000,0.0,0.0,0,0,0,0.0,None,,15,Agency,2026-08-22 06:07:29
2013,POL000002013,307,1,1,20251229,20260103,20270103,2025-12-29,2026-01-03,2027-01-03,Active,Monthly,Approved with Loading,Elevated,5,3014.39,251.2,877000,0.0,0.0,0,0,0,0.0,None,,5,Digital,2026-01-24 12:57:02
2014,POL000002014,541,4,7,20250201,20250209,20260209,2025-02-01,2025-02-09,2026-02-09,Lapsed,Annual,Approved,Standard,8,10474.9,872.91,635000,10474.9,0.0,0,1,0,0.0,None,,25,Bancassurance,2026-04-23 02:43:33
2015,POL000002015,250,3,2,20230513,20230514,20240513,2023-05-13,2023-05-14,2024-05-13,Active,Quarterly,Approved,Standard,1,954.15,79.51,86000,954.15,954.15,1,0,0,0.0,None,,30,Broker / IFA,2025-07-06 12:24:31
2016,POL000002016,183,4,8,20260610,20260616,20270616,2026-06-10,2026-06-16,2027-06-16,Active,Quarterly,Approved,Standard,6,1976.54,164.71,131000,0.0,0.0,0,0,0,0.0,None,,30,Bancassurance,2026-07-18 11:19:10
2017,POL000002017,681,3,1,20240817,20240825,20250825,2024-08-17,2024-08-25,2025-08-25,Active,Quarterly,Approved,Low,8,5014.11,417.84,450000,5014.11,5014.11,1,0,0,0.0,None,,20,Digital,2026-08-17 22:07:32
2018,POL000002018,733,9,21,20251015,20251125,20261125,2025-10-15,2025-11-25,2026-11-25,Claimed,Monthly,Approved,Low,41,3478.21,289.85,366000,0.0,0.0,0,0,1,112838.09,Paid,2025-12-20,20,Agency,2026-06-07 17:01:00
2019,POL000002019,457,4,15,20240101,20240108,20250107,2024-01-01,2024-01-08,2025-01-07,Active,Monthly,Approved,Standard,7,2616.36,218.03,165000,2616.36,2616.36,1,0,0,0.0,None,,30,Bancassurance,2024-04-28 18:04:06
2020,POL000002020,589,12,15,20260802,20260810,20270810,2026-08-02,2026-08-10,2027-08-10,Active,Monthly,Approved with Loading,Elevated,8,10466.42,872.2,274000,0.0,0.0,0,0,0,0.0,None,,15,Bancassurance,2026-09-23 18:01:11
2021,POL000002021,15,2,5,20250301,20250307,20260307,2025-03-01,2025-03-07,2026-03-07,Cancelled,Monthly,Approved,Standard,6,1025.11,85.43,270000,1025.11,0.0,0,0,0,0.0,None,,20,Direct,2025-09-25 14:49:45
2022,POL000002022,234,6,17,20230723,20230730,20240729,2023-07-23,2023-07-30,2024-07-29,Cancelled,Half-yearly,Approved,Standard,7,2259.72,188.31,96000,2259.72,0.0,0,0,0,0.0,None,,18,Bancassurance,2025-03-29 08:07:27
2023,POL000002023,471,3,9,20240610,20240614,20250614,2024-06-10,2024-06-14,2025-06-14,Active,Monthly,Approved with Loading,Elevated,4,7487.03,623.92,306000,7487.03,7487.03,1,0,0,0.0,None,,20,Bancassurance,2025-01-18 07:43:59
2024,POL000002024,602,10,12,20250106,20250112,20260112,2025-01-06,2025-01-12,2026-01-12,Active,Monthly,Approved,Standard,6,798.59,66.55,84000,798.59,798.59,1,0,0,0.0,None,,15,Agency,2025-11-18 00:05:08
2025,POL000002025,111,4,10,20250803,20250826,20260826,2025-08-03,2025-08-26,2026-08-26,Active,Monthly,Approved,Standard,23,2534.95,211.25,134000,2534.95,2534.95,1,0,0,0.0,None,,20,Agency,2026-07-04 18:30:03
2026,POL000002026,258,10,1,20251018,20251024,20261024,2025-10-18,2025-10-24,2026-10-24,Active,Annual,Approved,Low,6,1447.94,120.66,92000,0.0,0.0,0,0,0,0.0,None,,10,Digital,2026-04-13 01:49:03
2027,POL000002027,159,2,18,20251119,20251128,20261128,2025-11-19,2025-11-28,2026-11-28,Active,Monthly,Approved,Standard,9,523.98,43.66,164000,0.0,0.0,0,0,0,0.0,None,,20,Digital,2026-09-10 00:48:31
2028,POL000002028,178,9,8,20230907,20230921,20240920,2023-09-07,2023-09-21,2024-09-20,Active,Monthly,Approved,Standard,14,769.49,64.12,80000,769.49,769.49,1,0,0,0.0,None,,10,Bancassurance,2024-12-03 03:11:45
2029,POL000002029,396,11,22,20230217,20230220,20240220,2023-02-17,2023-02-20,2024-02-20,Active,Monthly,Approved,Standard,3,4623.35,385.28,167000,4623.35,4623.35,1,0,0,0.0,None,,15,Bancassurance,2025-07-30 23:28:58
2030,POL000002030,314,2,16,20230525,20230531,20240530,2023-05-25,2023-05-31,2024-05-30,Lapsed,Half-yearly,Approved,Low,6,1315.18,109.6,564000,1315.18,0.0,0,1,0,0.0,None,,15,Direct,2023-06-13 07:16:04
2031,POL000002031,63,1,12,20251013,20251017,20261017,2025-10-13,2025-10-17,2026-10-17,Active,Half-yearly,Approved,Standard,4,611.24,50.94,269000,0.0,0.0,0,0,0,0.0,None,,5,Agency,2026-07-13 23:33:31
2032,POL000002032,613,5,9,20230902,20230910,20240909,2023-09-02,2023-09-10,2024-09-09,Active,Monthly,Approved with Loading,Elevated,8,2030.07,169.17,79000,2030.07,2030.07,1,0,0,0.0,None,,10,Bancassurance,2024-09-14 15:38:18
2033,POL000002033,217,5,22,20250916,20250928,20260928,2025-09-16,2025-09-28,2026-09-28,Cancelled,Monthly,Approved,Standard,12,3950.97,329.25,161000,0.0,0.0,0,0,0,0.0,None,,20,Bancassurance,2025-11-12 02:19:46
2034,POL000002034,637,7,21,20260208,20260213,20270213,2026-02-08,2026-02-13,2027-02-13,Active,Quarterly,Approved,Low,5,1308.58,109.05,164000,0.0,0.0,0,0,0,0.0,None,,10,Agency,2026-08-04 16:25:07
2035,POL000002035,122,5,22,20250613,20250622,20260622,2025-06-13,2025-06-22,2026-06-22,Active,Monthly,Approved with Loading,Elevated,9,26976.84,2248.07,410000,26976.84,0.0,0,0,0,0.0,None,,20,Bancassurance,2025-07-29 22:43:19
2036,POL000002036,647,2,17,20230317,20230406,20240405,2023-03-17,2023-04-06,2024-04-05,Claimed,Monthly,Approved,Low,20,1095.37,91.28,581000,1095.37,1095.37,1,0,1,169819.59,Paid,2023-11-10,10,Bancassurance,2023-12-19 15:53:38
2037,POL000002037,640,6,5,20250512,20250528,20260528,2025-05-12,2025-05-28,2026-05-28,Active,Monthly,Approved with Loading,Elevated,16,4353.02,362.75,100000,4353.02,4353.02,1,0,0,0.0,None,,10,Direct,2025-11-22 22:11:06
2038,POL000002038,5,10,1,20250815,20250819,20260819,2025-08-15,2025-08-19,2026-08-19,Cancelled,Monthly,Approved,Low,4,415.97,34.66,80000,415.97,0.0,0,0,0,0.0,None,,15,Digital,2025-09-12 05:05:53
2039,POL000002039,83,2,20,20230114,20230117,20240117,2023-01-14,2023-01-17,2024-01-17,Lapsed,Annual,Approved,Low,3,374.29,31.19,250000,374.29,0.0,0,1,0,0.0,None,,20,Agency,2023-05-25 01:49:41
2040,POL000002040,433,2,14,20240430,20240512,20250512,2024-04-30,2024-05-12,2025-05-12,Lapsed,Monthly,Approved,Standard,12,1465.74,122.14,576000,1465.74,0.0,0,1,0,0.0,None,,10,Bancassurance,2026-03-24 19:14:27
2041,POL000002041,460,1,5,20230709,20230713,20240712,2023-07-09,2023-07-13,2024-07-12,Matured,Monthly,Approved,Low,4,698.71,58.23,354000,698.71,698.71,1,0,0,0.0,None,,2,Direct,2025-04-08 16:00:55
2042,POL000002042,465,1,24,20230915,20230919,20240918,2023-09-15,2023-09-19,2024-09-18,Matured,Quarterly,Approved with Loading,Elevated,4,362.77,30.23,130000,362.77,362.77,1,0,0,0.0,None,,1,Agency,2025-11-16 02:15:38
2043,POL000002043,542,10,2,20260830,20260909,20270909,2026-08-30,2026-09-09,2027-09-09,Active,Quarterly,Approved,Low,10,1699.36,141.61,149000,0.0,0.0,0,0,0,0.0,None,,10,Broker / IFA,2026-09-13 14:23:42
2044,POL000002044,585,3,12,20230517,20230522,20240521,2023-05-17,2023-05-22,2024-05-21,Active,Annual,Approved,Standard,5,6986.72,582.23,543000,6986.72,6986.72,1,0,0,0.0,None,,20,Agency,2026-05-01 04:13:00
2045,POL000002045,499,9,16,20260623,20260701,20270701,2026-06-23,2026-07-01,2027-07-01,Active,Monthly,Approved,Low,8,851.42,70.95,142000,0.0,0.0,0,0,0,0.0,None,,20,Direct,2026-09-21 13:05:43
2046,POL000002046,540,7,10,20260622,20260626,20270626,2026-06-22,2026-06-26,2027-06-26,Active,Annual,Approved,Standard,4,2450.97,204.25,279000,0.0,0.0,0,0,0,0.0,None,,10,Agency,2026-09-19 10:59:11
2047,POL000002047,272,3,4,20230515,20230521,20240520,2023-05-15,2023-05-21,2024-05-20,Active,Annual,Approved with Loading,Elevated,6,1927.17,160.6,113000,1927.17,1927.17,1,0,0,0.0,None,,20,Agency,2026-09-17 18:26:29
2048,POL000002048,551,1,18,20231218,20231229,20241228,2023-12-18,2023-12-29,2024-12-28,Matured,Monthly,Approved,Standard,11,618.77,51.56,362000,618.77,618.77,1,0,0,0.0,None,,1,Digital,2024-08-17 03:32:43
2049,POL000002049,28,3,10,20240512,20240522,20250522,2024-05-12,2024-05-22,2025-05-22,Active,Monthly,Approved,Standard,10,3353.11,279.43,285000,3353.11,3353.11,1,0,0,0.0,None,,20,Agency,2025-06-23 08:03:13
2050,POL000002050,743,12,21,20240924,20241002,20251002,2024-09-24,2024-10-02,2025-10-02,Active,Monthly,Approved with Loading,Elevated,8,8150.87,679.24,154000,8150.87,8150.87,1,0,0,0.0,None,,15,Agency,2026-08-10 14:44:18
2051,POL000002051,697,5,24,20250822,20250910,20260910,2025-08-22,2025-09-10,2026-09-10,Active,Monthly,Approved,Low,19,4000.05,333.34,105000,4000.05,0.0,0,0,0,0.0,None,,15,Agency,2026-06-16 20:13:24
2052,POL000002052,314,10,16,20240503,20240512,20250512,2024-05-03,2024-05-12,2025-05-12,Cancelled,Annual,Approved,Low,9,1292.72,107.73,115000,1292.72,0.0,0,0,0,0.0,None,,10,Direct,2024-08-19 22:58:29
2053,POL000002053,412,7,3,20250905,20250928,20260928,2025-09-05,2025-09-28,2026-09-28,Active,Monthly,Approved,Standard,23,4719.34,393.28,295000,0.0,0.0,0,0,0,0.0,None,,25,Broker / IFA,2026-05-07 12:11:50
2054,POL000002054,125,10,24,20241012,20241027,20251027,2024-10-12,2024-10-27,2025-10-27,Active,Monthly,Approved,Standard,15,4546.73,378.89,288000,4546.73,4546.73,1,0,0,0.0,None,,15,Agency,2025-10-11 10:47:36
2055,POL000002055,705,5,15,20231209,20231213,20241212,2023-12-09,2023-12-13,2024-12-12,Active,Quarterly,Approved,Standard,4,4433.65,369.47,119000,4433.65,4433.65,1,0,0,0.0,None,,10,Bancassurance,2026-06-08 12:32:48
2056,POL000002056,12,1,5,20250908,20251008,20261008,2025-09-08,2025-10-08,2026-10-08,Active,Monthly,Approved,Standard,30,801.09,66.76,363000,0.0,0.0,0,0,0,0.0,None,,10,Direct,2026-07-21 21:30:33
2057,POL000002057,39,8,4,20230316,20230325,20240324,2023-03-16,2023-03-25,2024-03-24,Active,Annual,Approved with Loading,Elevated,9,7822.55,651.88,367000,7822.55,7822.55,1,0,0,0.0,None,,15,Agency,2023-08-17 15:34:30
2058,POL000002058,379,10,19,20240512,20240519,20250519,2024-05-12,2024-05-19,2025-05-19,Active,Quarterly,Approved with Loading,Elevated,7,3690.37,307.53,328000,3690.37,3690.37,1,0,0,0.0,None,,10,Agency,2026-08-29 18:57:26
2059,POL000002059,597,6,17,20260422,20260508,20270508,2026-04-22,2026-05-08,2027-05-08,Active,Half-yearly,Approved,Low,16,2624.31,218.69,144000,0.0,0.0,0,0,0,0.0,None,,18,Bancassurance,2026-09-07 18:29:32
2060,POL000002060,599,6,9,20230909,20230926,20240925,2023-09-09,2023-09-26,2024-09-25,Active,Annual,Approved,Low,17,3231.66,269.3,107000,3231.66,3231.66,1,0,0,0.0,None,,18,Bancassurance,2025-04-04 15:20:34
2061,POL000002061,396,2,18,20251115,20251122,20261122,2025-11-15,2025-11-22,2026-11-22,Active,Monthly,Approved,Standard,7,645.15,53.76,208000,0.0,0.0,0,0,0,0.0,None,,15,Digital,2026-05-04 12:16:37
2062,POL000002062,694,12,15,20250211,20250219,20260219,2025-02-11,2025-02-19,2026-02-19,Active,Annual,Approved,Low,8,9199.67,766.64,499000,9199.67,9199.67,1,0,0,0.0,None,,20,Bancassurance,2026-07-30 06:05:40
2063,POL000002063,417,8,20,20240129,20240208,20250207,2024-01-29,2024-02-08,2025-02-07,Active,Monthly,Approved with Loading,Elevated,10,15837.79,1319.82,665000,15837.79,15837.79,1,0,0,0.0,None,,10,Agency,2025-01-04 09:18:57
2064,POL000002064,209,7,7,20260207,20260216,20270216,2026-02-07,2026-02-16,2027-02-16,Active,Annual,Approved with Loading,Elevated,9,3375.05,281.25,146000,0.0,0.0,0,0,0,0.0,None,,20,Bancassurance,2026-05-13 13:30:41
2065,POL000002065,73,10,20,20230911,20230926,20240925,2023-09-11,2023-09-26,2024-09-25,Active,Monthly,Approved,Low,15,921.15,76.76,80000,921.15,921.15,1,0,0,0.0,None,,10,Agency,2024-03-14 07:57:19
2066,POL000002066,643,2,6,20230125,20230127,20240127,2023-01-25,2023-01-27,2024-01-27,Active,Monthly,Approved with Loading,Elevated,2,1206.46,100.54,259000,1206.46,1206.46,1,0,0,0.0,None,,20,Agency,2026-08-30 01:50:56
2067,POL000002067,174,6,4,20230907,20230916,20240915,2023-09-07,2023-09-16,2024-09-15,Active,Annual,Approved with Loading,Elevated,9,10744.89,895.41,299000,10744.89,10744.89,1,0,0,0.0,None,,10,Agency,2024-12-15 00:01:59
2068,POL000002068,490,8,10,20230317,20230325,20240324,2023-03-17,2023-03-25,2024-03-24,Active,Monthly,Approved,Standard,8,5886.38,490.53,408000,5886.38,5886.38,1,0,0,0.0,None,,10,Agency,2026-03-12 23:46:47
2069,POL000002069,450,5,18,20260920,20260924,20270924,2026-09-20,2026-09-24,2027-09-24,Active,Monthly,Approved with Loading,Elevated,4,2255.47,187.96,105000,0.0,0.0,0,0,0,0.0,None,,10,Digital,2026-09-24 21:26:22
2070,POL000002070,423,1,22,20241014,20241020,20251020,2024-10-14,2024-10-20,2025-10-20,Matured,Monthly,Approved,Low,6,680.62,56.72,475000,680.62,680.62,1,0,0,0.0,None,,1,Bancassurance,2025-06-19 14:01:59
2071,POL000002071,701,8,4,20231114,20231118,20241117,2023-11-14,2023-11-18,2024-11-17,Active,Annual,Approved,Standard,4,5083.5,423.62,365000,5083.5,0.0,0,0,0,0.0,None,,10,Agency,2024-09-07 09:31:54
2072,POL000002072,300,10,5,20230901,20230918,20240917,2023-09-01,2023-09-18,2024-09-17,Active,Monthly,Approved,Low,17,1223.83,101.99,152000,1223.83,1223.83,1,0,0,0.0,None,,10,Direct,2024-04-15 16:14:20
2073,POL000002073,153,9,20,20250404,20250412,20260412,2025-04-04,2025-04-12,2026-04-12,Active,Monthly,Approved,Low,8,543.09,45.26,93000,543.09,543.09,1,0,0,0.0,None,,20,Agency,2026-06-14 23:25:16
2074,POL000002074,505,2,5,20231211,20231218,20241217,2023-12-11,2023-12-18,2024-12-17,Active,Monthly,Approved,Standard,7,1432.16,119.35,692000,1432.16,1432.16,1,0,0,0.0,None,,15,Direct,2026-07-23 05:57:02
2075,POL000002075,429,1,8,20260915,20260920,20270920,2026-09-15,2026-09-20,2027-09-20,Active,Quarterly,Approved,Standard,5,872.49,72.71,421000,0.0,0.0,0,0,0,0.0,None,,20,Bancassurance,2026-09-23 11:12:51
2076,POL000002076,565,12,15,20250629,20250703,20260703,2025-06-29,2025-07-03,2026-07-03,Active,Quarterly,Approved,Standard,4,4016.18,334.68,268000,4016.18,4016.18,1,0,0,0.0,None,,15,Bancassurance,2025-07-18 14:10:09
2077,POL000002077,146,2,25,20250723,20250804,20260804,2025-07-23,2025-08-04,2026-08-04,Active,Monthly,Approved,Standard,12,545.39,45.45,254000,545.39,545.39,1,0,0,0.0,None,,20,Agency,2026-05-08 21:29:37
2078,POL000002078,223,7,12,20231210,20231223,20241222,2023-12-10,2023-12-23,2024-12-22,Active,Monthly,Approved,Low,13,2654.42,221.2,223000,2654.42,2654.42,1,0,0,0.0,None,,20,Agency,2026-07-15 11:55:04
2079,POL000002079,406,12,13,20260430,20260507,20270507,2026-04-30,2026-05-07,2027-05-07,Claimed,Annual,Approved with Loading,Elevated,7,35631.04,2969.25,824000,0.0,0.0,0,0,1,527875.19,Paid,2026-05-12,20,Broker / IFA,2026-05-31 23:32:00
2080,POL000002080,61,9,18,20241107,20241119,20251119,2024-11-07,2024-11-19,2025-11-19,Active,Monthly,Approved with Loading,Elevated,12,2497.05,208.09,172000,2497.05,2497.05,1,0,0,0.0,None,,10,Digital,2025-02-20 13:55:33
2081,POL000002081,377,3,13,20251026,20251105,20261105,2025-10-26,2025-11-05,2026-11-05,Active,Half-yearly,Approved,Low,10,5053.92,421.16,343000,0.0,0.0,0,0,0,0.0,None,,25,Broker / IFA,2025-11-28 03:09:40
2082,POL000002082,380,11,11,20240229,20240305,20250305,2024-02-29,2024-03-05,2025-03-05,Active,Monthly,Approved,Standard,5,10844.2,903.68,718000,10844.2,10844.2,1,0,0,0.0,None,,20,Bancassurance,2026-09-04 17:23:46
2083,POL000002083,161,3,12,20260319,20260325,20270325,2026-03-19,2026-03-25,2027-03-25,Active,Monthly,Approved,Standard,6,2807.66,233.97,185000,0.0,0.0,0,0,0,0.0,None,,20,Agency,2026-04-24 01:46:25
2084,POL000002084,486,3,16,20260606,20260612,20270612,2026-06-06,2026-06-12,2027-06-12,Active,Quarterly,Approved,Low,6,6875.12,572.93,672000,0.0,0.0,0,0,0,0.0,None,,25,Direct,2026-08-30 22:31:44
2085,POL000002085,347,10,22,20241227,20250115,20260115,2024-12-27,2025-01-15,2026-01-15,Active,Half-yearly,Approved,Standard,19,1018.53,84.88,118000,1018.53,1018.53,1,0,0,0.0,None,,15,Bancassurance,2025-10-08 08:11:44
2086,POL000002086,339,5,9,20250130,20250204,20260204,2025-01-30,2025-02-04,2026-02-04,Cancelled,Annual,Approved with Loading,Elevated,5,2960.58,246.72,92000,2960.58,0.0,0,0,0,0.0,None,,10,Bancassurance,2025-08-03 23:41:10
2087,POL000002087,658,11,3,20240522,20240607,20250607,2024-05-22,2024-06-07,2025-06-07,Active,Monthly,Approved,Standard,16,4673.38,389.45,133000,4673.38,4673.38,1,0,0,0.0,None,,10,Broker / IFA,2026-06-25 14:45:36
2088,POL000002088,272,1,24,20230405,20230410,20240409,2023-04-05,2023-04-10,2024-04-09,Active,Monthly,Approved,Standard,5,2854.97,237.91,1329000,2854.97,2854.97,1,0,0,0.0,None,,5,Agency,2025-12-13 09:13:32
2089,POL000002089,312,5,3,20240107,20240114,20250113,2024-01-07,2024-01-14,2025-01-13,Lapsed,Half-yearly,Approved,Standard,7,5686.59,473.88,245000,5686.59,0.0,0,1,0,0.0,None,,15,Broker / IFA,2026-04-11 03:00:46
2090,POL000002090,501,1,19,20241211,20241220,20251220,2024-12-11,2024-12-20,2025-12-20,Matured,Quarterly,Approved,Standard,9,240.71,20.06,141000,240.71,240.71,1,0,0,0.0,None,,1,Agency,2026-05-04 13:11:43
2091,POL000002091,122,12,13,20240517,20240526,20250526,2024-05-17,2024-05-26,2025-05-26,Active,Annual,Approved,Standard,9,24024.33,2002.03,978000,24024.33,24024.33,1,0,0,0.0,None,,15,Broker / IFA,2025-05-20 11:59:12
2092,POL000002092,326,4,3,20250901,20250906,20260906,2025-09-01,2025-09-06,2026-09-06,Lapsed,Monthly,Approved,Standard,5,10547.28,878.94,502000,10547.28,0.0,0,1,0,0.0,None,,20,Broker / IFA,2026-05-18 21:04:51
2093,POL000002093,7,6,5,20250312,20250401,20260401,2025-03-12,2025-04-01,2026-04-01,Active,Quarterly,Approved with Loading,Elevated,20,8641.44,720.12,240000,8641.44,8641.44,1,0,0,0.0,None,,18,Direct,2026-07-11 22:23:08
2094,POL000002094,521,2,18,20250301,20250306,20260306,2025-03-01,2025-03-06,2026-03-06,Active,Monthly,Approved,Standard,5,1930.02,160.84,797000,1930.02,1930.02,1,0,0,0.0,None,,15,Digital,2025-04-16 02:35:14
2095,POL000002095,525,10,20,20250518,20250601,20260601,2025-05-18,2025-06-01,2026-06-01,Active,Monthly,Approved,Standard,14,3770.81,314.23,288000,3770.81,3770.81,1,0,0,0.0,None,,5,Agency,2025-10-22 05:58:16
2096,POL000002096,432,6,20,20251013,20251018,20261018,2025-10-13,2025-10-18,2026-10-18,Active,Monthly,Approved,Low,5,3564.85,297.07,178000,0.0,0.0,0,0,0,0.0,None,,10,Agency,2026-02-27 09:55:09
2097,POL000002097,631,12,8,20230910,20230923,20240922,2023-09-10,2023-09-23,2024-09-22,Active,Annual,Approved,Standard,13,6560.22,546.69,242000,6560.22,6560.22,1,0,0,0.0,None,,15,Bancassurance,2023-12-30 19:56:29
2098,POL000002098,686,6,22,20230722,20230805,20240804,2023-07-22,2023-08-05,2024-08-04,Active,Monthly,Approved,Low,14,3613.52,301.13,146000,3613.52,3613.52,1,0,0,0.0,None,,18,Bancassurance,2023-09-25 12:37:10
2099,POL000002099,354,4,12,20230327,20230402,20240401,2023-03-27,2023-04-02,2024-04-01,Active,Quarterly,Approved,Low,6,3578.62,298.22,195000,3578.62,3578.62,1,0,0,0.0,None,,25,Agency,2023-10-06 09:10:45
2100,POL000002100,365,10,3,20240724,20240801,20250801,2024-07-24,2024-08-01,2025-08-01,Active,Monthly,Approved,Standard,8,3238.9,269.91,330000,3238.9,3238.9,1,0,0,0.0,None,,5,Broker / IFA,2025-09-05 09:16:56
2101,POL000002101,142,1,1,20251005,20251018,20261018,2025-10-05,2025-10-18,2026-10-18,Active,Monthly,Approved,Standard,13,3213.77,267.81,1200000,0.0,0.0,0,0,0,0.0,None,,20,Digital,2026-02-17 00:44:53
2102,POL000002102,670,2,5,20250323,20250325,20260325,2025-03-23,2025-03-25,2026-03-25,Lapsed,Quarterly,Approved,Standard,2,710.72,59.23,246000,710.72,0.0,0,1,0,0.0,None,,20,Direct,2025-09-22 15:23:49
2103,POL000002103,557,11,1,20240110,20240125,20250124,2024-01-10,2024-01-25,2025-01-24,Active,Half-yearly,Approved,Low,15,3562.94,296.91,240000,3562.94,3562.94,1,0,0,0.0,None,,15,Digital,2025-08-06 18:57:45
2104,POL000002104,670,10,16,20251006,20251029,20261029,2025-10-06,2025-10-29,2026-10-29,Active,Half-yearly,Approved,Low,23,593.81,49.48,80000,0.0,0.0,0,0,0,0.0,None,,5,Direct,2026-08-01 09:15:50
2105,POL000002105,400,5,24,20240411,20240414,20250414,2024-04-11,2024-04-14,2025-04-14,Active,Monthly,Approved,Standard,3,4878.16,406.51,149000,4878.16,4878.16,1,0,0,0.0,None,,20,Agency,2025-04-10 05:16:14
2106,POL000002106,697,6,10,20240621,20240709,20250709,2024-06-21,2024-07-09,2025-07-09,Active,Annual,Approved,Low,18,3378.61,281.55,105000,3378.61,3378.61,1,0,0,0.0,None,,18,Agency,2025-02-17 23:35:43
2107,POL000002107,473,7,4,20240620,20240626,20250626,2024-06-20,2024-06-26,2025-06-26,Active,Quarterly,Approved,Standard,6,8643.51,720.29,808000,8643.51,8643.51,1,0,0,0.0,None,,25,Agency,2024-07-29 04:15:04
2108,POL000002108,263,1,5,20260405,20260411,20270411,2026-04-05,2026-04-11,2027-04-11,Active,Monthly,Approved,Low,6,659.38,54.95,420000,0.0,0.0,0,0,0,0.0,None,,5,Direct,2026-04-13 15:09:41
2109,POL000002109,82,7,10,20251218,20251222,20261222,2025-12-18,2025-12-22,2026-12-22,Active,Monthly,Approved,Standard,4,1629.3,135.78,108000,0.0,0.0,0,0,0,0.0,None,,20,Agency,2026-06-26 09:00:03
2110,POL000002110,659,12,19,20260817,20260824,20270824,2026-08-17,2026-08-24,2027-08-24,Active,Half-yearly,Approved with Loading,Elevated,7,19338.54,1611.54,651000,0.0,0.0,0,0,0,0.0,None,,10,Agency,2026-09-17 13:52:42
2111,POL000002111,441,6,4,20230224,20230311,20240310,2023-02-24,2023-03-11,2024-03-10,Active,Monthly,Approved,Standard,15,5171.91,430.99,105000,5171.91,5171.91,1,0,0,0.0,None,,15,Agency,2023-12-11 11:08:12
2112,POL000002112,626,5,5,20250323,20250328,20260328,2025-03-23,2025-03-28,2026-03-28,Active,Annual,Approved,Standard,5,4261.51,355.13,292000,4261.51,4261.51,1,0,0,0.0,None,,15,Direct,2025-08-03 17:37:01
2113,POL000002113,476,4,4,20230430,20230511,20240510,2023-04-30,2023-05-11,2024-05-10,Active,Monthly,Approved,Low,11,1699.51,141.63,122000,1699.51,1699.51,1,0,0,0.0,None,,20,Agency,2024-07-09 20:49:54
2114,POL000002114,216,3,19,20230609,20230612,20240611,2023-06-09,2023-06-12,2024-06-11,Active,Monthly,Approved,Standard,3,8431.62,702.64,609000,8431.62,8431.62,1,0,0,0.0,None,,20,Agency,2026-02-24 09:09:43
2115,POL000002115,481,9,3,20241022,20241024,20251024,2024-10-22,2024-10-24,2025-10-24,Active,Monthly,Approved,Standard,2,585.27,48.77,52000,585.27,585.27,1,0,0,0.0,None,,5,Broker / IFA,2025-11-28 12:19:01
2116,POL000002116,121,1,17,20230302,20230319,20240318,2023-03-02,2023-03-19,2024-03-18,Active,Monthly,Approved,Standard,17,805.99,67.17,329000,805.99,0.0,0,0,0,0.0,None,,10,Bancassurance,2025-01-02 14:43:14
2117,POL000002117,249,9,5,20260602,20260605,20270605,2026-06-02,2026-06-05,2027-06-05,Active,Annual,Approved,Low,3,255.94,21.33,61000,0.0,0.0,0,0,0,0.0,None,,20,Direct,2026-07-05 06:04:15
2118,POL000002118,743,5,3,20260522,20260525,20270525,2026-05-22,2026-05-25,2027-05-25,Active,Half-yearly,Approved,Standard,3,1543.49,128.62,99000,0.0,0.0,0,0,0,0.0,None,,20,Broker / IFA,2026-08-03 04:44:52
2119,POL000002119,469,1,23,20230528,20230606,20240605,2023-05-28,2023-06-06,2024-06-05,Matured,Quarterly,Approved with Loading,Elevated,9,521.37,43.45,151000,521.37,0.0,0,0,0,0.0,None,,2,Bancassurance,2025-04-04 21:03:23
2120,POL000002120,597,2,12,20260414,20260421,20270421,2026-04-14,2026-04-21,2027-04-21,Active,Monthly,Approved,Low,7,868.43,72.37,475000,0.0,0.0,0,0,0,0.0,None,,10,Agency,2026-09-11 06:53:43
2121,POL000002121,434,10,20,20260501,20260512,20270512,2026-05-01,2026-05-12,2027-05-12,Active,Monthly,Approved,Standard,11,759.24,63.27,100000,0.0,0.0,0,0,0,0.0,None,,10,Agency,2026-08-09 23:00:27
2122,POL000002122,386,9,20,20251216,20260105,20270105,2025-12-16,2026-01-05,2027-01-05,Active,Monthly,Approved,Low,20,2519.81,209.98,335000,0.0,0.0,0,0,0,0.0,None,,10,Agency,2026-01-26 15:47:36
2123,POL000002123,737,3,18,20250927,20251004,20261004,2025-09-27,2025-10-04,2026-10-04,Active,Monthly,Approved,Low,7,1748.6,145.72,212000,0.0,0.0,0,0,0,0.0,None,,25,Digital,2025-10-16 15:15:09
2124,POL000002124,152,1,1,20240903,20240908,20250908,2024-09-03,2024-09-08,2025-09-08,Matured,Monthly,Approved,Standard,5,1676.07,139.67,855000,1676.07,1676.07,1,0,0,0.0,None,,1,Digital,2026-02-08 21:26:49
2125,POL000002125,140,10,15,20230130,20230204,20240204,2023-01-30,2023-02-04,2024-02-04,Lapsed,Monthly,Approved with Loading,Elevated,5,2886.62,240.55,232000,2886.62,0.0,0,1,0,0.0,None,,10,Bancassurance,2024-09-02 09:41:26
2126,POL000002126,112,3,13,20260501,20260517,20270517,2026-05-01,2026-05-17,2027-05-17,Active,Monthly,Approved,Standard,16,9849.09,820.76,378000,0.0,0.0,0,0,0,0.0,None,,25,Broker / IFA,2026-09-04 09:00:28
2127,POL000002127,10,12,6,20260812,20260824,20270824,2026-08-12,2026-08-24,2027-08-24,Active,Monthly,Approved,Low,12,14248.41,1187.37,491000,0.0,0.0,0,0,0,0.0,None,,15,Agency,2026-09-10 16:36:19
2128,POL000002128,355,10,6,20240712,20240716,20250716,2024-07-12,2024-07-16,2025-07-16,Active,Quarterly,Approved,Low,4,817.68,68.14,103000,817.68,817.68,1,0,0,0.0,None,,10,Agency,2026-07-06 06:41:45
2129,POL000002129,113,12,25,20250817,20250912,20260912,2025-08-17,2025-09-12,2026-09-12,Active,Quarterly,Approved,Standard,26,14032.26,1169.36,412000,14032.26,14032.26,1,0,0,0.0,None,,10,Agency,2025-12-21 11:55:04
2130,POL000002130,41,9,4,20240420,20240428,20250428,2024-04-20,2024-04-28,2025-04-28,Active,Annual,Approved,Standard,8,3922.19,326.85,448000,3922.19,3922.19,1,0,0,0.0,None,,15,Agency,2026-01-21 10:34:00
2131,POL000002131,256,11,21,20260803,20260816,20270816,2026-08-03,2026-08-16,2027-08-16,Lapsed,Annual,Approved with Loading,Elevated,13,11053.74,921.14,272000,0.0,0.0,0,1,0,0.0,None,,10,Agency,2026-09-19 13:14:53
2132,POL000002132,317,5,16,20250125,20250129,20260129,2025-01-25,2025-01-29,2026-01-29,Active,Quarterly,Approved,Low,4,2224.36,185.36,153000,2224.36,2224.36,1,0,0,0.0,None,,20,Direct,2026-09-22 04:54:29
2133,POL000002133,305,10,1,20240622,20240703,20250703,2024-06-22,2024-07-03,2025-07-03,Cancelled,Annual,Approved,Low,11,1723.24,143.6,144000,1723.24,0.0,0,0,0,0.0,None,,5,Digital,2026-06-14 17:53:48
2134,POL000002134,340,4,12,20231212,20231216,20241215,2023-12-12,2023-12-16,2024-12-15,Active,Quarterly,Approved,Standard,4,12371.9,1030.99,489000,12371.9,12371.9,1,0,0,0.0,None,,25,Agency,2026-06-07 23:27:24
2135,POL000002135,512,2,20,20250627,20250704,20260704,2025-06-27,2025-07-04,2026-07-04,Active,Monthly,Approved with Loading,Elevated,7,1050.56,87.55,313000,1050.56,1050.56,1,0,0,0.0,None,,15,Agency,2026-05-05 18:46:04
2136,POL000002136,581,4,5,20251004,20251026,20261026,2025-10-04,2025-10-26,2026-10-26,Active,Half-yearly,Approved,Standard,22,2538.28,211.52,204000,0.0,0.0,0,0,0,0.0,None,,25,Direct,2026-01-31 01:45:00
2137,POL000002137,396,2,18,20260817,20260820,20270820,2026-08-17,2026-08-20,2027-08-20,Active,Quarterly,Approved,Low,3,1490.92,124.24,458000,0.0,0.0,0,0,0,0.0,None,,5,Digital,2026-08-30 02:58:04
2138,POL000002138,530,8,1,20260126,20260201,20270201,2026-01-26,2026-02-01,2027-02-01,Active,Monthly,Approved,Standard,6,13875.97,1156.33,768000,0.0,0.0,0,0,0,0.0,None,,10,Digital,2026-06-25 16:55:12
2139,POL000002139,441,10,24,20241205,20241211,20251211,2024-12-05,2024-12-11,2025-12-11,Active,Half-yearly,Approved,Low,6,449.86,37.49,94000,449.86,449.86,1,0,0,0.0,None,,5,Agency,2025-05-07 02:50:28
2140,POL000002140,8,4,17,20240924,20241012,20251012,2024-09-24,2024-10-12,2025-10-12,Active,Monthly,Approved,Standard,18,12494.13,1041.18,573000,12494.13,12494.13,1,0,0,0.0,None,,30,Bancassurance,2024-10-21 11:56:00
2141,POL000002141,368,10,20,20260821,20260824,20270824,2026-08-21,2026-08-24,2027-08-24,Active,Monthly,Approved,Standard,3,748.82,62.4,101000,0.0,0.0,0,0,0,0.0,None,,15,Agency,2026-09-05 21:57:08
2142,POL000002142,322,1,12,20250406,20250423,20260423,2025-04-06,2025-04-23,2026-04-23,Matured,Quarterly,Approved,Standard,17,686.66,57.22,259000,686.66,686.66,1,0,0,0.0,None,,1,Agency,2025-10-15 16:56:27
2143,POL000002143,171,12,4,20230326,20230404,20240403,2023-03-26,2023-04-04,2024-04-03,Active,Annual,Approved,Standard,9,11086.4,923.87,356000,11086.4,11086.4,1,0,0,0.0,None,,20,Agency,2026-04-20 18:41:01
2144,POL000002144,467,4,7,20260629,20260702,20270702,2026-06-29,2026-07-02,2027-07-02,Active,Monthly,Approved,Low,3,3836.33,319.69,223000,0.0,0.0,0,0,0,0.0,None,,30,Bancassurance,2026-09-09 12:40:36
2145,POL000002145,711,1,19,20260426,20260502,20270502,2026-04-26,2026-05-02,2027-05-02,Active,Annual,Approved with Loading,Elevated,6,3156.5,263.04,579000,0.0,0.0,0,0,0,0.0,None,,1,Agency,2026-06-26 01:38:14
2146,POL000002146,676,3,23,20251026,20251029,20261029,2025-10-26,2025-10-29,2026-10-29,Active,Annual,Approved,Standard,3,4074.16,339.51,299000,0.0,0.0,0,0,0,0.0,None,,20,Bancassurance,2025-11-07 01:34:12
2147,POL000002147,159,4,21,20251014,20251019,20261019,2025-10-14,2025-10-19,2026-10-19,Active,Annual,Approved,Standard,5,6033.41,502.78,386000,0.0,0.0,0,0,0,0.0,None,,20,Agency,2025-12-18 00:55:15
2148,POL000002148,470,9,20,20260323,20260410,20270410,2026-03-23,2026-04-10,2027-04-10,Claimed,Monthly,Approved,Low,18,379.36,31.61,84000,0.0,0.0,0,0,1,20749.4,Paid,2026-05-03,20,Agency,2026-06-23 08:30:44
2149,POL000002149,150,1,8,20260809,20260810,20270810,2026-08-09,2026-08-10,2027-08-10,Active,Annual,Approved,Low,1,369.78,30.82,254000,0.0,0.0,0,0,0,0.0,None,,5,Bancassurance,2026-09-10 16:48:16
2150,POL000002150,349,1,7,20240124,20240131,20250130,2024-01-24,2024-01-31,2025-01-30,Active,Monthly,Approved,Low,7,240.0,20.0,116000,240.0,240.0,1,0,0,0.0,None,,20,Bancassurance,2026-06-15 05:05:26
2151,POL000002151,636,7,24,20230526,20230529,20240528,2023-05-26,2023-05-29,2024-05-28,Active,Monthly,Approved,Standard,3,1250.44,104.2,100000,1250.44,1250.44,1,0,0,0.0,None,,10,Agency,2025-05-07 11:56:59
2152,POL000002152,226,9,24,20230119,20230123,20240123,2023-01-19,2023-01-23,2024-01-23,Active,Monthly,Approved,Low,4,465.91,38.83,67000,465.91,465.91,1,0,0,0.0,None,,20,Agency,2024-04-28 11:27:07
2153,POL000002153,613,1,1,20250214,20250225,20260225,2025-02-14,2025-02-25,2026-02-25,Active,Quarterly,Approved,Standard,11,5231.06,435.92,1274000,5231.06,5231.06,1,0,0,0.0,None,,5,Digital,2025-06-18 03:58:50
2154,POL000002154,627,5,17,20260828,20260908,20270908,2026-08-28,2026-09-08,2027-09-08,Active,Monthly,Approved,Standard,11,9228.94,769.08,403000,0.0,0.0,0,0,0,0.0,None,,10,Bancassurance,2026-09-24 15:52:07
2155,POL000002155,305,6,5,20250513,20250522,20260522,2025-05-13,2025-05-22,2026-05-22,Active,Monthly,Approved,Standard,9,3179.87,264.99,124000,3179.87,3179.87,1,0,0,0.0,None,,18,Direct,2026-04-19 02:53:20
2156,POL000002156,310,1,11,20231207,20231221,20241220,2023-12-07,2023-12-21,2024-12-20,Matured,Annual,Approved,Standard,14,286.96,23.91,166000,286.96,0.0,0,0,0,0.0,None,,2,Bancassurance,2025-04-06 23:03:59
2157,POL000002157,276,5,2,20241212,20250109,20260109,2024-12-12,2025-01-09,2026-01-09,Active,Monthly,Approved,Standard,28,11346.55,945.55,425000,11346.55,11346.55,1,0,0,0.0,None,,20,Broker / IFA,2025-03-03 09:10:53
2158,POL000002158,133,4,25,20230117,20230130,20240130,2023-01-17,2023-01-30,2024-01-30,Active,Monthly,Approved,Low,13,8192.79,682.73,423000,8192.79,8192.79,1,0,0,0.0,None,,25,Agency,2024-02-06 01:24:46
2159,POL000002159,442,9,19,20240325,20240413,20250413,2024-03-25,2024-04-13,2025-04-13,Active,Monthly,Approved,Low,19,1327.58,110.63,219000,1327.58,1327.58,1,0,0,0.0,None,,5,Agency,2026-01-18 08:50:58
2160,POL000002160,142,2,5,20231027,20231124,20241123,2023-10-27,2023-11-24,2024-11-23,Active,Quarterly,Approved,Standard,28,563.41,46.95,200000,563.41,563.41,1,0,0,0.0,None,,15,Direct,2024-11-10 18:12:14
2161,POL000002161,268,5,2,20251207,20251208,20261208,2025-12-07,2025-12-08,2026-12-08,Active,Quarterly,Approved,Standard,1,1749.95,145.83,58000,0.0,0.0,0,0,0,0.0,None,,10,Broker / IFA,2026-03-18 21:55:25
2162,POL000002162,93,7,5,20260413,20260423,20270423,2026-04-13,2026-04-23,2027-04-23,Active,Monthly,Approved,Standard,10,2365.92,197.16,228000,0.0,0.0,0,0,0,0.0,None,,20,Direct,2026-08-20 08:25:25
2163,POL000002163,547,3,8,20240419,20240503,20250503,2024-04-19,2024-05-03,2025-05-03,Active,Quarterly,Approved,Standard,14,1726.68,143.89,123000,1726.68,1726.68,1,0,0,0.0,None,,20,Bancassurance,2024-05-25 01:22:08
2164,POL000002164,633,6,16,20260512,20260530,20270530,2026-05-12,2026-05-30,2027-05-30,Active,Annual,Approved,Low,18,2828.68,235.72,151000,0.0,0.0,0,0,0,0.0,None,,15,Direct,2026-08-18 18:16:26
2165,POL000002165,63,11,13,20250129,20250202,20260202,2025-01-29,2025-02-02,2026-02-02,Active,Monthly,Approved,Standard,4,22330.47,1860.87,787000,22330.47,22330.47,1,0,0,0.0,None,,15,Broker / IFA,2025-09-17 22:01:06
2166,POL000002166,592,5,5,20250608,20250614,20260614,2025-06-08,2025-06-14,2026-06-14,Active,Monthly,Approved,Standard,6,9747.88,812.32,402000,9747.88,0.0,0,0,0,0.0,None,,20,Direct,2026-07-19 17:43:50
2167,POL000002167,140,11,23,20230511,20230513,20240512,2023-05-11,2023-05-13,2024-05-12,Active,Annual,Approved,Low,2,4794.37,399.53,204000,4794.37,4794.37,1,0,0,0.0,None,,20,Bancassurance,2023-06-26 21:48:52
2168,POL000002168,555,9,12,20260824,20260902,20270902,2026-08-24,2026-09-02,2027-09-02,Active,Annual,Approved,Standard,9,2977.01,248.08,317000,0.0,0.0,0,0,0,0.0,None,,15,Agency,2026-09-09 15:50:50
2169,POL000002169,212,12,14,20250329,20250407,20260407,2025-03-29,2025-04-07,2026-04-07,Active,Quarterly,Approved,Low,9,25997.77,2166.48,999000,25997.77,25997.77,1,0,0,0.0,None,,20,Bancassurance,2025-09-01 03:20:55
2170,POL000002170,85,9,8,20260201,20260205,20270205,2026-02-01,2026-02-05,2027-02-05,Active,Monthly,Approved,Low,4,638.49,53.21,71000,0.0,0.0,0,0,0,0.0,None,,15,Bancassurance,2026-08-10 22:04:20
2171,POL000002171,261,11,4,20260403,20260420,20270420,2026-04-03,2026-04-20,2027-04-20,Cancelled,Quarterly,Approved,Standard,17,13946.03,1162.17,517000,0.0,0.0,0,0,0,0.0,None,,15,Agency,2026-05-08 18:31:10
2172,POL000002172,468,4,13,20230825,20230827,20240826,2023-08-25,2023-08-27,2024-08-26,Active,Annual,Approved,Standard,2,6071.34,505.94,258000,6071.34,6071.34,1,0,0,0.0,None,,25,Broker / IFA,2025-12-30 20:09:13
2173,POL000002173,644,11,15,20240605,20240607,20250607,2024-06-05,2024-06-07,2025-06-07,Active,Quarterly,Approved,Low,2,1424.4,118.7,102000,1424.4,1424.4,1,0,0,0.0,None,,10,Bancassurance,2024-07-16 03:46:58
2174,POL000002174,52,5,2,20231123,20231129,20241128,2023-11-23,2023-11-29,2024-11-28,Active,Monthly,Approved,Low,6,4661.2,388.43,226000,4661.2,0.0,0,0,0,0.0,None,,15,Broker / IFA,2024-10-25 12:04:26
2175,POL000002175,47,5,18,20260227,20260311,20270311,2026-02-27,2026-03-11,2027-03-11,Active,Quarterly,Approved,Low,12,1836.63,153.05,171000,0.0,0.0,0,0,0,0.0,None,,15,Digital,2026-08-19 11:11:06
2176,POL000002176,203,1,6,20260629,20260709,20270709,2026-06-29,2026-07-09,2027-07-09,Active,Quarterly,Approved,Standard,10,738.88,61.57,445000,0.0,0.0,0,0,0,0.0,None,,20,Agency,2026-08-02 03:33:15
2177,POL000002177,313,2,16,20230224,20230302,20240301,2023-02-24,2023-03-02,2024-03-01,Cancelled,Monthly,Approved,Standard,6,502.99,41.92,279000,502.99,0.0,0,0,0,0.0,None,,15,Direct,2023-08-28 07:09:35
2178,POL000002178,561,3,12,20240921,20240926,20250926,2024-09-21,2024-09-26,2025-09-26,Active,Annual,Approved,Standard,5,7044.9,587.07,360000,7044.9,7044.9,1,0,0,0.0,None,,20,Agency,2025-01-22 15:46:03
2179,POL000002179,349,7,3,20240521,20240615,20250615,2024-05-21,2024-06-15,2025-06-15,Active,Annual,Approved,Low,25,7636.54,636.38,810000,7636.54,0.0,0,0,0,0.0,None,,25,Broker / IFA,2025-05-18 10:00:44
2180,POL000002180,219,10,18,20250528,20250530,20260530,2025-05-28,2025-05-30,2026-05-30,Active,Quarterly,Approved with Loading,Elevated,2,1058.4,88.2,105000,1058.4,1058.4,1,0,0,0.0,None,,15,Digital,2026-01-24 19:29:29
2181,POL000002181,168,4,25,20250901,20250929,20260929,2025-09-01,2025-09-29,2026-09-29,Active,Monthly,Approved,Low,28,9591.61,799.3,500000,0.0,0.0,0,0,0,0.0,None,,25,Agency,2025-11-15 06:23:08
2182,POL000002182,101,8,18,20231127,20231208,20241207,2023-11-27,2023-12-08,2024-12-07,Active,Quarterly,Approved,Standard,11,4778.96,398.25,393000,4778.96,4778.96,1,0,0,0.0,None,,15,Digital,2026-02-07 09:19:20
2183,POL000002183,456,1,9,20250401,20250424,20260424,2025-04-01,2025-04-24,2026-04-24,Active,Annual,Approved with Loading,Elevated,23,1418.01,118.17,390000,1418.01,1418.01,1,0,0,0.0,None,,2,Bancassurance,2025-06-02 21:02:29
2184,POL000002184,54,1,9,20251214,20251219,20261219,2025-12-14,2025-12-19,2026-12-19,Active,Half-yearly,Approved,Standard,5,448.46,37.37,201000,0.0,0.0,0,0,0,0.0,None,,10,Bancassurance,2026-05-01 01:44:22
2185,POL000002185,421,7,9,20230421,20230514,20240513,2023-04-21,2023-05-14,2024-05-13,Active,Monthly,Approved with Loading,Elevated,23,1992.58,166.05,167000,1992.58,0.0,0,0,0,0.0,None,,20,Bancassurance,2026-07-17 21:08:31
2186,POL000002186,529,4,11,20260917,20260923,20270923,2026-09-17,2026-09-23,2027-09-23,Active,Monthly,Approved,Standard,6,2579.71,214.98,119000,0.0,0.0,0,0,0,0.0,None,,30,Bancassurance,2026-09-23 06:24:19
2187,POL000002187,474,9,5,20230801,20230810,20240809,2023-08-01,2023-08-10,2024-08-09,Active,Quarterly,Approved,Standard,9,386.2,32.18,61000,386.2,386.2,1,0,0,0.0,None,,10,Direct,2026-09-08 14:25:13
2188,POL000002188,483,8,22,20250630,20250704,20260704,2025-06-30,2025-07-04,2026-07-04,Claimed,Monthly,Approved,Low,4,5975.06,497.92,621000,5975.06,5975.06,1,0,1,261781.99,Paid,2025-12-20,15,Bancassurance,2026-06-11 03:56:09
2189,POL000002189,88,9,25,20260428,20260501,20270501,2026-04-28,2026-05-01,2027-05-01,Cancelled,Half-yearly,Approved,Standard,3,576.31,48.03,87000,0.0,0.0,0,0,0,0.0,None,,10,Agency,2026-07-08 21:25:38
2190,POL000002190,81,9,13,20250824,20250828,20260828,2025-08-24,2025-08-28,2026-08-28,Cancelled,Annual,Approved,Standard,4,3830.87,319.24,340000,3830.87,0.0,0,0,0,0.0,None,,10,Broker / IFA,2025-09-12 07:08:29
2191,POL000002191,613,11,13,20240621,20240708,20250708,2024-06-21,2024-07-08,2025-07-08,Active,Annual,Approved with Loading,Elevated,17,7037.39,586.45,186000,7037.39,7037.39,1,0,0,0.0,None,,20,Broker / IFA,2024-08-17 14:13:48
2192,POL000002192,47,8,16,20260612,20260622,20270622,2026-06-12,2026-06-22,2027-06-22,Active,Monthly,Approved,Low,10,7053.17,587.76,620000,0.0,0.0,0,0,0,0.0,None,,10,Direct,2026-08-05 15:37:30
2193,POL000002193,231,12,7,20240717,20240724,20250724,2024-07-17,2024-07-24,2025-07-24,Claimed,Monthly,Approved,Standard,7,31654.2,2637.85,1092000,31654.2,31654.2,1,0,1,741787.71,Paid,2025-11-01,20,Bancassurance,2026-07-17 20:15:04
2194,POL000002194,600,9,19,20250530,20250618,20260618,2025-05-30,2025-06-18,2026-06-18,Active,Quarterly,Approved,Standard,19,3251.68,270.97,371000,3251.68,3251.68,1,0,0,0.0,None,,15,Agency,2025-06-23 15:16:29
2195,POL000002195,726,7,10,20251005,20251013,20261013,2025-10-05,2025-10-13,2026-10-13,Active,Monthly,Approved,Low,8,2087.26,173.94,182000,0.0,0.0,0,0,0,0.0,None,,25,Agency,2026-04-18 21:05:15
2196,POL000002196,568,12,3,20240711,20240717,20250717,2024-07-11,2024-07-17,2025-07-17,Active,Monthly,Approved,Low,6,17646.77,1470.56,786000,17646.77,17646.77,1,0,0,0.0,None,,15,Broker / IFA,2026-09-10 16:41:30
2197,POL000002197,520,10,1,20230306,20230310,20240309,2023-03-06,2023-03-10,2024-03-09,Active,Monthly,Approved,Low,4,810.84,67.57,102000,810.84,0.0,0,0,0,0.0,None,,5,Digital,2025-02-06 04:06:13
2198,POL000002198,554,7,22,20240218,20240323,20250323,2024-02-18,2024-03-23,2025-03-23,Active,Monthly,Approved with Loading,Elevated,34,2276.43,189.7,184000,2276.43,2276.43,1,0,0,0.0,None,,10,Bancassurance,2024-05-20 13:36:38
2199,POL000002199,308,9,19,20240908,20240914,20250914,2024-09-08,2024-09-14,2025-09-14,Active,Quarterly,Approved,Standard,6,1259.42,104.95,123000,1259.42,1259.42,1,0,0,0.0,None,,5,Agency,2026-04-03 03:21:57
2200,POL000002200,68,9,18,20250306,20250311,20260311,2025-03-06,2025-03-11,2026-03-11,Active,Annual,Approved with Loading,Elevated,5,660.49,55.04,57000,660.49,0.0,0,0,0,0.0,None,,15,Digital,2025-06-29 00:10:19
2201,POL000002201,274,7,5,20230523,20230530,20240529,2023-05-23,2023-05-30,2024-05-29,Lapsed,Monthly,Approved,Standard,7,6678.96,556.58,528000,6678.96,0.0,0,1,0,0.0,None,,20,Direct,2024-04-13 14:34:21
2202,POL000002202,573,1,2,20230607,20230616,20240615,2023-06-07,2023-06-16,2024-06-15,Active,Annual,Approved,Standard,9,240.0,20.0,108000,240.0,240.0,1,0,0,0.0,None,,5,Broker / IFA,2024-01-01 09:59:20
2203,POL000002203,573,3,22,20251004,20251015,20261015,2025-10-04,2025-10-15,2026-10-15,Active,Monthly,Approved,Low,11,1845.51,153.79,134000,0.0,0.0,0,0,0,0.0,None,,20,Bancassurance,2026-04-22 16:40:07
2204,POL000002204,281,6,18,20230414,20230428,20240427,2023-04-14,2023-04-28,2024-04-27,Lapsed,Monthly,Approved,Low,14,2171.42,180.95,75000,2171.42,0.0,0,1,0,0.0,None,,15,Digital,2023-06-26 12:18:14
2205,POL000002205,159,7,5,20241028,20241108,20251108,2024-10-28,2024-11-08,2025-11-08,Lapsed,Monthly,Approved,Standard,11,3547.27,295.61,348000,3547.27,0.0,0,1,0,0.0,None,,20,Direct,2026-03-31 08:21:15
2206,POL000002206,711,7,13,20240315,20240322,20250322,2024-03-15,2024-03-22,2025-03-22,Lapsed,Monthly,Approved,Standard,7,2836.68,236.39,177000,2836.68,0.0,0,1,0,0.0,None,,10,Broker / IFA,2024-04-19 10:35:08
2207,POL000002207,635,9,3,20231022,20231103,20241102,2023-10-22,2023-11-03,2024-11-02,Active,Quarterly,Approved,Standard,12,1731.99,144.33,161000,1731.99,1731.99,1,0,0,0.0,None,,20,Broker / IFA,2025-11-18 16:12:22
2208,POL000002208,538,5,12,20240503,20240508,20250508,2024-05-03,2024-05-08,2025-05-08,Active,Monthly,Approved,Low,5,1408.7,117.39,60000,1408.7,1408.7,1,0,0,0.0,None,,15,Agency,2025-05-17 02:00:48
2209,POL000002209,504,4,2,20251113,20251126,20261126,2025-11-13,2025-11-26,2026-11-26,Active,Annual,Approved,Standard,13,1815.47,151.29,104000,0.0,0.0,0,0,0,0.0,None,,20,Broker / IFA,2025-11-29 04:18:02
2210,POL000002210,227,1,3,20251215,20260117,20270117,2025-12-15,2026-01-17,2027-01-17,Active,Quarterly,Approved,Standard,33,1177.23,98.1,558000,0.0,0.0,0,0,0,0.0,None,,10,Broker / IFA,2026-08-08 01:25:50
2211,POL000002211,692,11,10,20251125,20251214,20261214,2025-11-25,2025-12-14,2026-12-14,Active,Half-yearly,Approved,Standard,19,20272.67,1689.39,564000,0.0,0.0,0,0,0,0.0,None,,15,Agency,2026-02-20 03:49:12
2212,POL000002212,362,5,21,20231020,20231020,20241019,2023-10-20,2023-10-20,2024-10-19,Lapsed,Annual,Approved,Standard,0,6330.32,527.53,184000,6330.32,0.0,0,1,0,0.0,None,,15,Agency,2025-08-22 15:02:22
2213,POL000002213,196,12,24,20231028,20231114,20241113,2023-10-28,2023-11-14,2024-11-13,Active,Monthly,Approved with Loading,Elevated,17,18310.34,1525.86,251000,18310.34,18310.34,1,0,0,0.0,None,,20,Agency,2026-07-14 21:30:17
2214,POL000002214,118,6,13,20250428,20250503,20260503,2025-04-28,2025-05-03,2026-05-03,Active,Monthly,Approved with Loading,Elevated,5,6292.69,524.39,177000,6292.69,6292.69,1,0,0,0.0,None,,15,Broker / IFA,2026-02-11 09:51:22
2215,POL000002215,328,4,21,20250107,20250124,20260124,2025-01-07,2025-01-24,2026-01-24,Active,Monthly,Approved,Low,17,7753.44,646.12,460000,7753.44,7753.44,1,0,0,0.0,None,,25,Agency,2026-06-21 10:59:59
2216,POL000002216,332,9,20,20251216,20251229,20261229,2025-12-16,2025-12-29,2026-12-29,Active,Monthly,Approved,Standard,13,460.41,38.37,52000,0.0,0.0,0,0,0,0.0,None,,5,Agency,2026-02-05 19:12:24
2217,POL000002217,393,6,8,20260730,20260808,20270808,2026-07-30,2026-08-08,2027-08-08,Claimed,Monthly,Approved,Low,9,1944.93,162.08,86000,0.0,0.0,0,0,1,36314.11,Paid,2026-08-11,10,Bancassurance,2026-09-18 11:38:40
2218,POL000002218,694,12,23,20241224,20241226,20251226,2024-12-24,2024-12-26,2025-12-26,Active,Quarterly,Approved,Standard,2,8498.73,708.23,437000,8498.73,8498.73,1,0,0,0.0,None,,20,Bancassurance,2025-10-19 13:07:35
2219,POL000002219,542,8,21,20260713,20260719,20270719,2026-07-13,2026-07-19,2027-07-19,Active,Quarterly,Approved,Low,6,2430.01,202.5,241000,0.0,0.0,0,0,0,0.0,None,,10,Agency,2026-07-19 13:28:20
2220,POL000002220,464,3,2,20251206,20251216,20261216,2025-12-06,2025-12-16,2026-12-16,Active,Annual,Approved,Low,10,7845.83,653.82,507000,0.0,0.0,0,0,0,0.0,None,,20,Broker / IFA,2026-05-10 08:30:35
2221,POL000002221,36,9,19,20240728,20240801,20250801,2024-07-28,2024-08-01,2025-08-01,Lapsed,Quarterly,Approved,Standard,4,1146.45,95.54,180000,1146.45,0.0,0,1,0,0.0,None,,15,Agency,2026-02-16 20:04:36
2222,POL000002222,211,1,21,20260408,20260423,20270423,2026-04-08,2026-04-23,2027-04-23,Active,Monthly,Approved,Low,15,1927.89,160.66,891000,0.0,0.0,0,0,0,0.0,None,,10,Agency,2026-08-03 21:19:09
2223,POL000002223,130,5,15,20260806,20260817,20270817,2026-08-06,2026-08-17,2027-08-17,Active,Quarterly,Approved,Low,11,1606.98,133.92,80000,0.0,0.0,0,0,0,0.0,None,,20,Bancassurance,2026-08-28 12:06:19
2224,POL000002224,77,9,22,20260509,20260510,20270510,2026-05-09,2026-05-10,2027-05-10,Active,Monthly,Approved,Standard,1,979.74,81.64,144000,0.0,0.0,0,0,0,0.0,None,,10,Bancassurance,2026-05-11 06:09:09
2225,POL000002225,668,4,25,20241214,20241231,20251231,2024-12-14,2024-12-31,2025-12-31,Active,Annual,Approved,Low,17,2711.99,226.0,248000,2711.99,2711.99,1,0,0,0.0,None,,20,Agency,2025-04-18 08:02:57
2226,POL000002226,209,9,16,20260127,20260212,20270212,2026-01-27,2026-02-12,2027-02-12,Active,Annual,Approved with Loading,Elevated,16,621.29,51.77,51000,0.0,0.0,0,0,0,0.0,None,,15,Direct,2026-09-17 19:35:39
2227,POL000002227,436,10,2,20251020,20251026,20261026,2025-10-20,2025-10-26,2026-10-26,Active,Annual,Approved,Standard,6,587.15,48.93,83000,0.0,0.0,0,0,0,0.0,None,,10,Broker / IFA,2026-09-20 21:10:55
2228,POL000002228,383,8,16,20240321,20240322,20250322,2024-03-21,2024-03-22,2025-03-22,Active,Monthly,Approved,Standard,1,3472.98,289.42,172000,3472.98,3472.98,1,0,0,0.0,None,,10,Direct,2025-04-29 22:54:28
2229,POL000002229,68,11,23,20260401,20260403,20270403,2026-04-01,2026-04-03,2027-04-03,Active,Monthly,Approved,Standard,2,2871.05,239.25,108000,0.0,0.0,0,0,0,0.0,None,,15,Bancassurance,2026-05-29 20:05:03
2230,POL000002230,699,3,16,20250717,20250721,20260721,2025-07-17,2025-07-21,2026-07-21,Active,Monthly,Approved,Standard,4,5982.59,498.55,416000,5982.59,0.0,0,0,0,0.0,None,,20,Direct,2026-08-10 05:26:53
2231,POL000002231,103,8,6,20241226,20250108,20260108,2024-12-26,2025-01-08,2026-01-08,Active,Monthly,Approved,Low,13,3270.01,272.5,248000,3270.01,3270.01,1,0,0,0.0,None,,15,Agency,2025-11-10 02:02:32
2232,POL000002232,735,8,5,20260114,20260119,20270119,2026-01-14,2026-01-19,2027-01-19,Active,Monthly,Approved,Standard,5,7236.51,603.04,557000,0.0,0.0,0,0,0,0.0,None,,20,Direct,2026-03-28 18:09:52
2233,POL000002233,112,5,9,20250413,20250426,20260426,2025-04-13,2025-04-26,2026-04-26,Claimed,Annual,Approved,Low,13,10013.12,834.43,305000,10013.12,10013.12,1,0,1,138648.65,Paid,2025-10-09,20,Bancassurance,2026-08-02 12:10:47
2234,POL000002234,654,8,2,20231117,20231130,20241129,2023-11-17,2023-11-30,2024-11-29,Claimed,Monthly,Approved,Standard,13,11305.63,942.14,867000,11305.63,0.0,0,0,1,507398.77,Paid,2025-03-25,20,Broker / IFA,2026-03-08 15:31:36
2235,POL000002235,380,2,16,20240218,20240302,20250302,2024-02-18,2024-03-02,2025-03-02,Active,Monthly,Approved,Standard,13,858.7,71.56,212000,858.7,858.7,1,0,0,0.0,None,,5,Direct,2025-04-29 16:31:40
2236,POL000002236,746,8,1,20250608,20250617,20260617,2025-06-08,2025-06-17,2026-06-17,Lapsed,Monthly,Approved,Low,9,4205.87,350.49,359000,4205.87,0.0,0,1,0,0.0,None,,15,Digital,2026-02-15 00:21:29
2237,POL000002237,220,2,20,20250703,20250709,20260709,2025-07-03,2025-07-09,2026-07-09,Active,Annual,Approved,Low,6,932.49,77.71,411000,932.49,932.49,1,0,0,0.0,None,,15,Agency,2026-01-25 04:56:17
2238,POL000002238,39,1,11,20231216,20231219,20241218,2023-12-16,2023-12-19,2024-12-18,Active,Monthly,Approved,Low,3,344.19,28.68,261000,344.19,344.19,1,0,0,0.0,None,,5,Bancassurance,2026-05-07 14:13:38
2239,POL000002239,292,8,13,20251009,20251020,20261020,2025-10-09,2025-10-20,2026-10-20,Active,Monthly,Approved,Standard,11,9992.37,832.7,783000,0.0,0.0,0,0,0,0.0,None,,10,Broker / IFA,2026-02-15 01:02:42
2240,POL000002240,334,8,5,20240505,20240512,20250512,2024-05-05,2024-05-12,2025-05-12,Active,Annual,Approved,Low,7,6315.32,526.28,478000,6315.32,6315.32,1,0,0,0.0,None,,10,Direct,2026-07-26 00:20:08
2241,POL000002241,276,6,2,20260814,20260826,20270826,2026-08-14,2026-08-26,2027-08-26,Active,Monthly,Approved with Loading,Elevated,12,11391.55,949.3,257000,0.0,0.0,0,0,0,0.0,None,,18,Broker / IFA,2026-08-29 12:16:25
2242,POL000002242,419,3,17,20240811,20240823,20250823,2024-08-11,2024-08-23,2025-08-23,Active,Monthly,Approved,Low,12,2108.63,175.72,216000,2108.63,2108.63,1,0,0,0.0,None,,25,Bancassurance,2024-12-14 03:19:17
2243,POL000002243,351,3,2,20260317,20260325,20270325,2026-03-17,2026-03-25,2027-03-25,Active,Monthly,Approved,Low,8,927.11,77.26,90000,0.0,0.0,0,0,0,0.0,None,,25,Broker / IFA,2026-07-31 19:02:16
2244,POL000002244,8,6,15,20250808,20250815,20260815,2025-08-08,2025-08-15,2026-08-15,Active,Annual,Approved with Loading,Elevated,7,4317.36,359.78,134000,4317.36,4317.36,1,0,0,0.0,None,,15,Bancassurance,2025-09-20 15:17:37
2245,POL000002245,533,5,2,20230501,20230520,20240519,2023-05-01,2023-05-20,2024-05-19,Lapsed,Monthly,Approved,Standard,19,13823.7,1151.98,489000,13823.7,0.0,0,1,0,0.0,None,,15,Broker / IFA,2024-12-13 09:07:36
2246,POL000002246,394,10,15,20240613,20240627,20250627,2024-06-13,2024-06-27,2025-06-27,Active,Annual,Approved,Standard,14,2143.66,178.64,253000,2143.66,0.0,0,0,0,0.0,None,,10,Bancassurance,2026-03-06 08:12:24
2247,POL000002247,408,9,25,20250423,20250425,20260425,2025-04-23,2025-04-25,2026-04-25,Active,Annual,Approved,Low,2,1426.76,118.9,264000,1426.76,1426.76,1,0,0,0.0,None,,5,Agency,2025-09-12 14:02:44
2248,POL000002248,584,5,7,20250720,20250726,20260726,2025-07-20,2025-07-26,2026-07-26,Active,Monthly,Approved,Low,6,3514.75,292.9,120000,3514.75,3514.75,1,0,0,0.0,None,,15,Bancassurance,2026-01-18 07:38:05
2249,POL000002249,117,10,1,20240425,20240505,20250505,2024-04-25,2024-05-05,2025-05-05,Active,Monthly,Approved,Standard,10,2257.18,188.1,303000,2257.18,0.0,0,0,0,0.0,None,,10,Digital,2025-12-24 05:47:13
2250,POL000002250,297,5,18,20230908,20230912,20240911,2023-09-08,2023-09-12,2024-09-11,Lapsed,Quarterly,Approved,Standard,4,7407.8,617.32,256000,7407.8,0.0,0,1,0,0.0,None,,20,Digital,2024-09-08 15:39:30
2251,POL000002251,569,6,25,20230102,20230103,20240103,2023-01-02,2023-01-03,2024-01-03,Lapsed,Annual,Approved,Low,1,7429.52,619.13,308000,7429.52,0.0,0,1,0,0.0,None,,15,Agency,2023-06-29 22:35:31
2252,POL000002252,99,1,1,20230401,20230417,20240416,2023-04-01,2023-04-17,2024-04-16,Lapsed,Monthly,Approved,Standard,16,1033.4,86.12,606000,1033.4,0.0,0,1,0,0.0,None,,10,Digital,2026-05-27 11:51:17
2253,POL000002253,556,3,2,20241101,20241119,20251119,2024-11-01,2024-11-19,2025-11-19,Cancelled,Quarterly,Approved,Standard,18,4999.73,416.64,262000,4999.73,0.0,0,0,0,0.0,None,,30,Broker / IFA,2025-11-05 01:34:44
2254,POL000002254,429,1,24,20251220,20251226,20261226,2025-12-20,2025-12-26,2026-12-26,Active,Monthly,Approved,Standard,6,437.69,36.47,244000,0.0,0.0,0,0,0,0.0,None,,2,Agency,2026-02-25 10:54:13
2255,POL000002255,203,5,9,20260201,20260203,20270203,2026-02-01,2026-02-03,2027-02-03,Active,Monthly,Approved with Loading,Elevated,2,6004.12,500.34,112000,0.0,0.0,0,0,0,0.0,None,,15,Bancassurance,2026-09-22 13:37:18
2256,POL000002256,531,4,12,20250922,20251010,20261010,2025-09-22,2025-10-10,2026-10-10,Active,Monthly,Approved,Standard,18,8603.59,716.97,385000,0.0,0.0,0,0,0,0.0,None,,25,Agency,2025-10-30 06:53:46
2257,POL000002257,742,12,19,20231210,20231217,20241216,2023-12-10,2023-12-17,2024-12-16,Active,Annual,Approved with Loading,Elevated,7,29923.78,2493.65,739000,29923.78,29923.78,1,0,0,0.0,None,,10,Agency,2026-05-01 06:38:18
2258,POL000002258,151,1,20,20251230,20260103,20270103,2025-12-30,2026-01-03,2027-01-03,Active,Quarterly,Approved,Standard,4,1219.93,101.66,460000,0.0,0.0,0,0,0,0.0,None,,1,Agency,2026-06-14 01:09:05
2259,POL000002259,80,7,11,20230326,20230405,20240404,2023-03-26,2023-04-05,2024-04-04,Active,Monthly,Approved,Standard,10,1871.1,155.92,205000,1871.1,1871.1,1,0,0,0.0,None,,15,Bancassurance,2024-02-07 01:45:09
2260,POL000002260,376,2,1,20231116,20231210,20241209,2023-11-16,2023-12-10,2024-12-09,Cancelled,Monthly,Approved,Standard,24,1831.12,152.59,446000,1831.12,0.0,0,0,0,0.0,None,,20,Digital,2025-03-23 12:07:15
2261,POL000002261,514,3,2,20250102,20250106,20260106,2025-01-02,2025-01-06,2026-01-06,Active,Quarterly,Approved,Low,4,9479.62,789.97,661000,9479.62,0.0,0,0,0,0.0,None,,30,Broker / IFA,2025-06-20 18:36:12
2262,POL000002262,743,2,5,20240511,20240526,20250526,2024-05-11,2024-05-26,2025-05-26,Active,Monthly,Approved with Loading,Elevated,15,3112.07,259.34,781000,3112.07,3112.07,1,0,0,0.0,None,,20,Direct,2024-07-11 10:09:44
2263,POL000002263,288,9,25,20230807,20230812,20240811,2023-08-07,2023-08-12,2024-08-11,Active,Monthly,Approved,Standard,5,1500.06,125.0,126000,1500.06,1500.06,1,0,0,0.0,None,,20,Agency,2025-06-04 03:08:50
2264,POL000002264,5,7,11,20241224,20250102,20260102,2024-12-24,2025-01-02,2026-01-02,Active,Monthly,Approved,Low,9,3163.3,263.61,195000,3163.3,3163.3,1,0,0,0.0,None,,10,Bancassurance,2026-04-09 17:30:15
2265,POL000002265,599,6,20,20260415,20260424,20270424,2026-04-15,2026-04-24,2027-04-24,Lapsed,Quarterly,Approved,Standard,9,6223.65,518.64,177000,0.0,0.0,0,1,0,0.0,None,,10,Agency,2026-08-21 01:05:27
2266,POL000002266,281,7,10,20251208,20251216,20261216,2025-12-08,2025-12-16,2026-12-16,Active,Monthly,Approved,Low,8,1291.71,107.64,152000,0.0,0.0,0,0,0,0.0,None,,20,Agency,2025-12-30 21:43:10
2267,POL000002267,426,4,7,20240717,20240806,20250806,2024-07-17,2024-08-06,2025-08-06,Active,Monthly,Approved,Low,20,2677.12,223.09,190000,2677.12,2677.12,1,0,0,0.0,None,,20,Bancassurance,2025-04-29 02:47:47
2268,POL000002268,10,8,20,20250903,20250921,20260921,2025-09-03,2025-09-21,2026-09-21,Lapsed,Monthly,Approved,Standard,18,13213.59,1101.13,984000,13213.59,0.0,0,1,0,0.0,None,,10,Agency,2026-01-06 05:48:37
2269,POL000002269,663,7,23,20231112,20231128,20241127,2023-11-12,2023-11-28,2024-11-27,Lapsed,Monthly,Approved,Standard,16,1422.14,118.51,156000,1422.14,0.0,0,1,0,0.0,None,,20,Bancassurance,2025-02-28 22:55:31
2270,POL000002270,544,4,21,20241029,20241103,20251103,2024-10-29,2024-11-03,2025-11-03,Active,Half-yearly,Approved,Low,5,3411.98,284.33,149000,3411.98,3411.98,1,0,0,0.0,None,,25,Agency,2025-12-22 05:47:52
2271,POL000002271,352,1,5,20250820,20250825,20260825,2025-08-20,2025-08-25,2026-08-25,Active,Quarterly,Approved,Standard,5,3433.48,286.12,1439000,3433.48,3433.48,1,0,0,0.0,None,,20,Direct,2026-03-22 01:48:40
2272,POL000002272,259,3,18,20250706,20250714,20260714,2025-07-06,2025-07-14,2026-07-14,Active,Monthly,Approved,Standard,8,5993.22,499.44,480000,5993.22,5993.22,1,0,0,0.0,None,,25,Digital,2025-09-11 20:17:40
2273,POL000002273,163,2,16,20251125,20251201,20261201,2025-11-25,2025-12-01,2026-12-01,Active,Monthly,Approved with Loading,Elevated,6,849.32,70.78,254000,0.0,0.0,0,0,0,0.0,None,,15,Direct,2026-03-06 08:40:04
2274,POL000002274,377,5,25,20260222,20260226,20270226,2026-02-22,2026-02-26,2027-02-26,Cancelled,Quarterly,Approved,Low,4,2464.41,205.37,95000,0.0,0.0,0,0,0,0.0,None,,10,Agency,2026-07-14 04:16:11
2275,POL000002275,484,6,11,20250423,20250430,20260430,2025-04-23,2025-04-30,2026-04-30,Active,Quarterly,Approved,Standard,7,1297.39,108.12,60000,1297.39,1297.39,1,0,0,0.0,None,,10,Bancassurance,2026-07-28 05:19:37
2276,POL000002276,545,5,5,20240705,20240708,20250708,2024-07-05,2024-07-08,2025-07-08,Lapsed,Quarterly,Approved,Low,3,6890.9,574.24,390000,6890.9,0.0,0,1,0,0.0,None,,20,Direct,2026-03-27 08:09:40
2277,POL000002277,410,10,15,20230211,20230213,20240213,2023-02-11,2023-02-13,2024-02-13,Active,Monthly,Approved,Standard,2,1102.24,91.85,144000,1102.24,1102.24,1,0,0,0.0,None,,10,Bancassurance,2024-10-19 15:10:05
2278,POL000002278,149,7,20,20240219,20240225,20250224,2024-02-19,2024-02-25,2025-02-24,Active,Monthly,Approved,Standard,6,4900.28,408.36,616000,4900.28,4900.28,1,0,0,0.0,None,,15,Agency,2024-06-16 09:41:43
2279,POL000002279,741,3,22,20231011,20231029,20241028,2023-10-11,2023-10-29,2024-10-28,Active,Monthly,Approved,Standard,18,4288.87,357.41,264000,4288.87,4288.87,1,0,0,0.0,None,,30,Bancassurance,2025-06-30 12:42:05
2280,POL000002280,420,7,1,20260813,20260816,20270816,2026-08-13,2026-08-16,2027-08-16,Active,Monthly,Approved,Standard,3,3316.15,276.35,377000,0.0,0.0,0,0,0,0.0,None,,25,Digital,2026-09-06 08:17:49
2281,POL000002281,273,8,5,20260525,20260605,20270605,2026-05-25,2026-06-05,2027-06-05,Cancelled,Monthly,Approved,Low,11,4643.3,386.94,500000,0.0,0.0,0,0,0,0.0,None,,15,Direct,2026-07-28 04:36:52
2282,POL000002282,4,1,12,20230317,20230324,20240323,2023-03-17,2023-03-24,2024-03-23,Active,Quarterly,Approved,Standard,7,597.01,49.75,339000,597.01,597.01,1,0,0,0.0,None,,20,Agency,2026-03-25 11:13:41
2283,POL000002283,390,5,4,20230414,20230422,20240421,2023-04-14,2023-04-22,2024-04-21,Active,Monthly,Approved,Standard,8,2549.39,212.45,122000,2549.39,2549.39,1,0,0,0.0,None,,10,Agency,2025-04-20 01:59:21
2284,POL000002284,115,3,24,20240913,20240919,20250919,2024-09-13,2024-09-19,2025-09-19,Active,Monthly,Approved,Standard,6,3744.43,312.04,207000,3744.43,3744.43,1,0,0,0.0,None,,25,Agency,2026-08-21 04:34:15
2285,POL000002285,737,12,22,20251205,20251225,20261225,2025-12-05,2025-12-25,2026-12-25,Active,Monthly,Approved,Standard,20,10399.69,866.64,286000,0.0,0.0,0,0,0,0.0,None,,10,Bancassurance,2026-03-07 13:46:40
2286,POL000002286,238,9,24,20230811,20230816,20240815,2023-08-11,2023-08-16,2024-08-15,Lapsed,Monthly,Approved,Standard,5,804.45,67.04,87000,804.45,0.0,0,1,0,0.0,None,,10,Agency,2024-05-11 16:41:40
2287,POL000002287,431,2,18,20240904,20240912,20250912,2024-09-04,2024-09-12,2025-09-12,Active,Monthly,Approved,Low,8,1041.42,86.79,785000,1041.42,0.0,0,0,0,0.0,None,,5,Digital,2025-07-17 12:02:11
2288,POL000002288,378,1,19,20240509,20240519,20250519,2024-05-09,2024-05-19,2025-05-19,Claimed,Monthly,Approved,Standard,10,929.03,77.42,403000,929.03,0.0,0,0,1,247222.56,Paid,2026-04-29,5,Agency,2025-09-06 03:57:00
2289,POL000002289,172,1,22,20240224,20240309,20250309,2024-02-24,2024-03-09,2025-03-09,Matured,Quarterly,Approved,Standard,14,2582.36,215.2,1251000,2582.36,2582.36,1,0,0,0.0,None,,1,Bancassurance,2025-02-08 23:52:15
2290,POL000002290,92,9,10,20241121,20241204,20251204,2024-11-21,2024-12-04,2025-12-04,Active,Quarterly,Approved,Low,13,692.23,57.69,98000,692.23,692.23,1,0,0,0.0,None,,20,Agency,2026-08-11 11:49:06
2291,POL000002291,399,4,24,20231217,20231227,20241226,2023-12-17,2023-12-27,2024-12-26,Active,Monthly,Approved,Standard,10,6117.56,509.8,297000,6117.56,6117.56,1,0,0,0.0,None,,30,Agency,2024-05-10 10:51:17
2292,POL000002292,212,12,17,20250310,20250314,20260314,2025-03-10,2025-03-14,2026-03-14,Active,Annual,Approved,Standard,4,22506.68,1875.56,838000,22506.68,22506.68,1,0,0,0.0,None,,15,Bancassurance,2026-02-04 11:54:43
2293,POL000002293,339,2,13,20230807,20230829,20240828,2023-08-07,2023-08-29,2024-08-28,Active,Quarterly,Approved,Standard,22,431.42,35.95,231000,431.42,431.42,1,0,0,0.0,None,,5,Broker / IFA,2025-06-09 21:11:33
2294,POL000002294,702,8,16,20231102,20231117,20241116,2023-11-02,2023-11-17,2024-11-16,Lapsed,Monthly,Approved,Low,15,9415.4,784.62,927000,9415.4,0.0,0,1,0,0.0,None,,20,Direct,2025-06-08 08:13:41
2295,POL000002295,126,10,2,20240312,20240321,20250321,2024-03-12,2024-03-21,2025-03-21,Active,Annual,Approved,Low,9,2727.42,227.28,226000,2727.42,2727.42,1,0,0,0.0,None,,5,Broker / IFA,2025-05-10 12:27:57
2296,POL000002296,454,11,13,20241213,20241219,20251219,2024-12-13,2024-12-19,2025-12-19,Active,Annual,Approved,Low,6,3295.26,274.6,152000,3295.26,3295.26,1,0,0,0.0,None,,10,Broker / IFA,2025-03-11 09:26:09
2297,POL000002297,380,3,3,20231111,20231118,20241117,2023-11-11,2023-11-18,2024-11-17,Active,Quarterly,Approved,Low,7,1354.87,112.91,83000,1354.87,1354.87,1,0,0,0.0,None,,20,Broker / IFA,2025-04-21 23:36:55
2298,POL000002298,568,4,19,20230728,20230730,20240729,2023-07-28,2023-07-30,2024-07-29,Active,Half-yearly,Approved,Low,2,1835.99,153.0,101000,1835.99,1835.99,1,0,0,0.0,None,,20,Agency,2025-07-09 16:41:55
2299,POL000002299,93,1,18,20230127,20230131,20240131,2023-01-27,2023-01-31,2024-01-31,Lapsed,Annual,Approved,Standard,4,1096.08,91.34,541000,1096.08,0.0,0,1,0,0.0,None,,10,Digital,2024-05-10 16:32:20
2300,POL000002300,731,2,6,20260722,20260724,20270724,2026-07-22,2026-07-24,2027-07-24,Active,Monthly,Approved,Standard,2,1107.55,92.3,644000,0.0,0.0,0,0,0,0.0,None,,10,Agency,2026-08-26 10:02:28
2301,POL000002301,467,6,18,20250214,20250221,20260221,2025-02-14,2025-02-21,2026-02-21,Active,Annual,Approved,Low,7,2887.75,240.65,86000,2887.75,0.0,0,0,0,0.0,None,,15,Digital,2025-10-24 05:43:18
2302,POL000002302,14,10,6,20250120,20250203,20260203,2025-01-20,2025-02-03,2026-02-03,Active,Quarterly,Approved,Low,14,1269.26,105.77,102000,1269.26,1269.26,1,0,0,0.0,None,,5,Agency,2026-05-14 15:14:24
2303,POL000002303,191,12,20,20260924,20260925,20270925,2026-09-24,2026-09-25,2027-09-25,Active,Monthly,Approved,Low,1,27794.65,2316.22,906000,0.0,0.0,0,0,0,0.0,None,,15,Agency,2026-09-25 21:48:35
2304,POL000002304,159,6,2,20250518,20250522,20260522,2025-05-18,2025-05-22,2026-05-22,Active,Monthly,Approved with Loading,Elevated,4,9392.26,782.69,220000,9392.26,9392.26,1,0,0,0.0,None,,18,Broker / IFA,2025-07-05 23:22:41
2305,POL000002305,546,6,22,20241104,20241122,20251122,2024-11-04,2024-11-22,2025-11-22,Active,Quarterly,Approved,Standard,18,3039.42,253.28,80000,3039.42,3039.42,1,0,0,0.0,None,,10,Bancassurance,2026-08-28 12:23:30
2306,POL000002306,705,6,12,20250903,20250910,20260910,2025-09-03,2025-09-10,2026-09-10,Active,Monthly,Approved,Standard,7,10047.1,837.26,425000,10047.1,0.0,0,0,0,0.0,None,,15,Agency,2026-06-17 16:07:58
2307,POL000002307,275,3,13,20230527,20230530,20240529,2023-05-27,2023-05-30,2024-05-29,Lapsed,Monthly,Approved,Standard,3,5237.51,436.46,412000,5237.51,0.0,0,1,0,0.0,None,,25,Broker / IFA,2024-01-22 07:21:58
2308,POL000002308,608,1,24,20241001,20241005,20251005,2024-10-01,2024-10-05,2025-10-05,Matured,Quarterly,Approved,Low,4,314.54,26.21,210000,314.54,314.54,1,0,0,0.0,None,,1,Agency,2025-04-19 23:47:51
2309,POL000002309,51,9,10,20250407,20250425,20260425,2025-04-07,2025-04-25,2026-04-25,Active,Monthly,Approved,Low,18,2255.8,187.98,336000,2255.8,2255.8,1,0,0,0.0,None,,10,Agency,2025-08-12 13:01:36
2310,POL000002310,7,3,6,20241027,20241104,20251104,2024-10-27,2024-11-04,2025-11-04,Active,Half-yearly,Approved,Standard,8,8989.37,749.11,460000,8989.37,8989.37,1,0,0,0.0,None,,30,Agency,2025-10-26 12:23:38
2311,POL000002311,685,1,21,20250307,20250309,20260309,2025-03-07,2025-03-09,2026-03-09,Active,Quarterly,Approved,Standard,2,1206.03,100.5,532000,1206.03,1206.03,1,0,0,0.0,None,,10,Agency,2026-05-16 05:56:34
2312,POL000002312,712,10,21,20250619,20250625,20260625,2025-06-19,2025-06-25,2026-06-25,Active,Monthly,Approved,Low,6,3092.46,257.7,348000,3092.46,3092.46,1,0,0,0.0,None,,5,Agency,2026-07-25 23:24:16
2313,POL000002313,583,3,10,20251223,20260104,20270104,2025-12-23,2026-01-04,2027-01-04,Active,Annual,Approved with Loading,Elevated,12,17098.44,1424.87,671000,0.0,0.0,0,0,0,0.0,None,,30,Agency,2026-08-23 10:15:20
2314,POL000002314,569,5,6,20240421,20240509,20250509,2024-04-21,2024-05-09,2025-05-09,Active,Monthly,Approved,Low,18,2295.52,191.29,116000,2295.52,2295.52,1,0,0,0.0,None,,20,Agency,2026-09-12 01:30:18
2315,POL000002315,531,5,20,20250131,20250208,20260208,2025-01-31,2025-02-08,2026-02-08,Active,Monthly,Approved,Standard,8,13496.82,1124.73,347000,13496.82,13496.82,1,0,0,0.0,None,,20,Agency,2025-08-25 20:23:24
2316,POL000002316,495,10,18,20240814,20240820,20250820,2024-08-14,2024-08-20,2025-08-20,Active,Annual,Approved,Low,6,1640.88,136.74,284000,1640.88,1640.88,1,0,0,0.0,None,,10,Digital,2024-09-11 04:03:46
2317,POL000002317,211,5,22,20241217,20241231,20251231,2024-12-17,2024-12-31,2025-12-31,Active,Annual,Approved,Low,14,3990.42,332.54,321000,3990.42,3990.42,1,0,0,0.0,None,,10,Bancassurance,2026-07-04 02:18:52
2318,POL000002318,396,2,1,20260120,20260208,20270208,2026-01-20,2026-02-08,2027-02-08,Active,Monthly,Approved,Standard,19,698.74,58.23,231000,0.0,0.0,0,0,0,0.0,None,,5,Digital,2026-08-03 15:03:59
2319,POL000002319,584,2,2,20230116,20230123,20240123,2023-01-16,2023-01-23,2024-01-23,Lapsed,Quarterly,Approved,Low,7,397.4,33.12,173000,397.4,0.0,0,1,0,0.0,None,,10,Broker / IFA,2024-03-13 18:13:16
2320,POL000002320,389,5,23,20241207,20241212,20251212,2024-12-07,2024-12-12,2025-12-12,Active,Quarterly,Approved,Low,5,3708.46,309.04,351000,3708.46,3708.46,1,0,0,0.0,None,,20,Bancassurance,2025-02-10 17:31:00
2321,POL000002321,301,4,14,20230924,20231003,20241002,2023-09-24,2023-10-03,2024-10-02,Active,Quarterly,Approved,Low,9,3794.01,316.17,231000,3794.01,3794.01,1,0,0,0.0,None,,30,Bancassurance,2024-10-31 17:50:15
2322,POL000002322,344,9,21,20230316,20230327,20240326,2023-03-16,2023-03-27,2024-03-26,Active,Monthly,Approved,Low,11,3384.14,282.01,268000,3384.14,3384.14,1,0,0,0.0,None,,15,Agency,2026-05-17 03:18:05
2323,POL000002323,373,2,1,20240608,20240621,20250621,2024-06-08,2024-06-21,2025-06-21,Claimed,Monthly,Approved,Low,13,408.23,34.02,169000,408.23,408.23,1,0,1,109794.46,Paid,2025-01-28,15,Digital,2025-12-02 02:52:07
2324,POL000002324,711,12,22,20241125,20241204,20251204,2024-11-25,2024-12-04,2025-12-04,Active,Monthly,Approved,Standard,9,5859.7,488.31,187000,5859.7,5859.7,1,0,0,0.0,None,,20,Bancassurance,2026-05-09 06:10:56
2325,POL000002325,455,9,4,20250513,20250519,20260519,2025-05-13,2025-05-19,2026-05-19,Active,Monthly,Approved,Standard,6,2116.82,176.4,216000,2116.82,2116.82,1,0,0,0.0,None,,5,Agency,2026-05-09 13:59:51
2326,POL000002326,461,11,21,20240718,20240724,20250724,2024-07-18,2024-07-24,2025-07-24,Active,Monthly,Approved with Loading,Elevated,6,4837.31,403.11,118000,4837.31,4837.31,1,0,0,0.0,None,,20,Agency,2026-01-21 03:25:42
2327,POL000002327,338,5,7,20260921,20260925,20270925,2026-09-21,2026-09-25,2027-09-25,Active,Monthly,Approved,Standard,4,14813.85,1234.49,415000,0.0,0.0,0,0,0,0.0,None,,15,Bancassurance,2026-09-25 19:17:18
2328,POL000002328,90,11,21,20230608,20230616,20240615,2023-06-08,2023-06-16,2024-06-15,Active,Monthly,Approved with Loading,Elevated,8,3687.76,307.31,123000,3687.76,3687.76,1,0,0,0.0,None,,15,Agency,2025-08-15 10:35:39
2329,POL000002329,79,1,1,20250322,20250328,20260328,2025-03-22,2025-03-28,2026-03-28,Active,Quarterly,Approved,Standard,6,1716.67,143.06,1133000,1716.67,1716.67,1,0,0,0.0,None,,20,Digital,2026-04-19 16:08:31
2330,POL000002330,468,10,1,20260531,20260604,20270604,2026-05-31,2026-06-04,2027-06-04,Active,Half-yearly,Approved,Standard,4,2015.11,167.93,323000,0.0,0.0,0,0,0,0.0,None,,10,Digital,2026-08-08 05:44:57
2331,POL000002331,158,11,17,20260219,20260222,20270222,2026-02-19,2026-02-22,2027-02-22,Active,Annual,Approved,Standard,3,4865.89,405.49,208000,0.0,0.0,0,0,0,0.0,None,,10,Bancassurance,2026-06-22 17:12:58
2332,POL000002332,86,7,15,20250128,20250214,20260214,2025-01-28,2025-02-14,2026-02-14,Active,Quarterly,Approved,Standard,17,6992.7,582.72,423000,6992.7,6992.7,1,0,0,0.0,None,,25,Bancassurance,2025-12-02 00:45:04
2333,POL000002333,737,2,7,20230124,20230130,20240130,2023-01-24,2023-01-30,2024-01-30,Active,Half-yearly,Approved with Loading,Elevated,6,2037.72,169.81,665000,2037.72,2037.72,1,0,0,0.0,None,,10,Bancassurance,2023-08-23 14:24:48
2334,POL000002334,388,9,16,20230202,20230208,20240208,2023-02-02,2023-02-08,2024-02-08,Active,Monthly,Approved,Standard,6,1942.23,161.85,231000,1942.23,1942.23,1,0,0,0.0,None,,10,Direct,2026-02-14 11:32:55
2335,POL000002335,578,1,20,20230825,20230904,20240903,2023-08-25,2023-09-04,2024-09-03,Matured,Monthly,Approved,Low,10,240.0,20.0,136000,240.0,240.0,1,0,0,0.0,None,,2,Agency,2024-04-15 16:59:12
2336,POL000002336,525,9,11,20250416,20250422,20260422,2025-04-16,2025-04-22,2026-04-22,Active,Monthly,Approved,Low,6,2428.28,202.36,389000,2428.28,2428.28,1,0,0,0.0,None,,20,Bancassurance,2025-06-11 08:58:13
2337,POL000002337,246,2,1,20230408,20230416,20240415,2023-04-08,2023-04-16,2024-04-15,Active,Quarterly,Approved,Standard,8,835.33,69.61,291000,835.33,835.33,1,0,0,0.0,None,,5,Digital,2026-08-09 22:45:03
2338,POL000002338,660,9,18,20260902,20260925,20270925,2026-09-02,2026-09-25,2027-09-25,Active,Quarterly,Approved,Low,23,1749.23,145.77,340000,0.0,0.0,0,0,0,0.0,None,,10,Digital,2026-09-25 07:26:48
2339,POL000002339,489,7,1,20230823,20230829,20240828,2023-08-23,2023-08-29,2024-08-28,Active,Monthly,Approved,Standard,6,750.54,62.54,102000,750.54,0.0,0,0,0,0.0,None,,25,Digital,2025-09-12 12:25:35
2340,POL000002340,203,1,13,20241003,20241021,20251021,2024-10-03,2024-10-21,2025-10-21,Active,Annual,Approved,Standard,18,875.92,72.99,345000,875.92,875.92,1,0,0,0.0,None,,2,Broker / IFA,2025-07-15 17:08:04
2341,POL000002341,348,2,11,20260601,20260608,20270608,2026-06-01,2026-06-08,2027-06-08,Active,Annual,Approved,Standard,7,5014.92,417.91,1091000,0.0,0.0,0,0,0,0.0,None,,5,Bancassurance,2026-08-10 23:51:03
2342,POL000002342,421,5,22,20241108,20241112,20251112,2024-11-08,2024-11-12,2025-11-12,Active,Monthly,Approved with Loading,Elevated,4,9199.35,766.61,472000,9199.35,9199.35,1,0,0,0.0,None,,20,Bancassurance,2026-02-12 12:30:32
2343,POL000002343,106,7,15,20240405,20240410,20250410,2024-04-05,2024-04-10,2025-04-10,Active,Monthly,Approved,Low,5,4351.46,362.62,514000,4351.46,0.0,0,0,0,0.0,None,,10,Bancassurance,2024-06-18 01:43:58
2344,POL000002344,599,3,7,20240918,20240920,20250920,2024-09-18,2024-09-20,2025-09-20,Claimed,Annual,Approved,Standard,2,4176.63,348.05,299000,4176.63,4176.63,1,0,1,116446.26,Paid,2024-10-25,30,Bancassurance,2026-04-25 08:29:35
2345,POL000002345,540,2,2,20260503,20260513,20270513,2026-05-03,2026-05-13,2027-05-13,Active,Monthly,Approved,Standard,10,1467.9,122.32,226000,0.0,0.0,0,0,0,0.0,None,,20,Broker / IFA,2026-07-03 04:56:07
2346,POL000002346,220,1,18,20250818,20250912,20260912,2025-08-18,2025-09-12,2026-09-12,Claimed,Quarterly,Approved,Low,25,458.59,38.22,238000,458.59,458.59,1,0,1,143711.47,Paid,2026-08-08,5,Digital,2026-03-09 22:28:08
2347,POL000002347,83,8,16,20251220,20251228,20261228,2025-12-20,2025-12-28,2026-12-28,Active,Annual,Approved,Low,8,1867.28,155.61,172000,0.0,0.0,0,0,0,0.0,None,,20,Direct,2026-03-24 21:27:00
2348,POL000002348,316,10,20,20260528,20260530,20270530,2026-05-28,2026-05-30,2027-05-30,Active,Monthly,Approved,Low,2,1054.81,87.9,164000,0.0,0.0,0,0,0,0.0,None,,5,Agency,2026-07-02 17:22:16
2349,POL000002349,554,2,24,20260628,20260701,20270701,2026-06-28,2026-07-01,2027-07-01,Active,Annual,Approved,Low,3,366.94,30.58,158000,0.0,0.0,0,0,0,0.0,None,,10,Agency,2026-07-28 06:44:06
2350,POL000002350,247,2,10,20260707,20260713,20270713,2026-07-07,2026-07-13,2027-07-13,Active,Quarterly,Approved,Standard,6,691.18,57.6,203000,0.0,0.0,0,0,0,0.0,None,,10,Agency,2026-08-25 21:53:25
2351,POL000002351,145,7,5,20250310,20250318,20260318,2025-03-10,2025-03-18,2026-03-18,Lapsed,Monthly,Approved,Low,8,1432.16,119.35,135000,1432.16,0.0,0,1,0,0.0,None,,15,Direct,2025-10-07 06:28:15
2352,POL000002352,4,11,6,20251219,20251222,20261222,2025-12-19,2025-12-22,2026-12-22,Active,Quarterly,Approved,Standard,3,2651.04,220.92,103000,0.0,0.0,0,0,0,0.0,None,,10,Agency,2026-01-01 11:08:54
2353,POL000002353,34,9,13,20240401,20240424,20250424,2024-04-01,2024-04-24,2025-04-24,Active,Quarterly,Approved,Low,23,1180.9,98.41,184000,1180.9,1180.9,1,0,0,0.0,None,,5,Broker / IFA,2025-02-27 18:11:11
2354,POL000002354,508,5,3,20240609,20240619,20250619,2024-06-09,2024-06-19,2025-06-19,Active,Annual,Approved,Low,10,810.68,67.56,52000,810.68,810.68,1,0,0,0.0,None,,15,Broker / IFA,2024-10-16 01:42:56
2355,POL000002355,60,3,3,20241225,20241230,20251230,2024-12-25,2024-12-30,2025-12-30,Active,Annual,Approved,Low,5,1853.26,154.44,164000,1853.26,1853.26,1,0,0,0.0,None,,25,Broker / IFA,2025-06-21 03:54:33
2356,POL000002356,378,5,11,20260716,20260717,20270717,2026-07-16,2026-07-17,2027-07-17,Active,Half-yearly,Approved,Standard,1,4547.05,378.92,178000,0.0,0.0,0,0,0,0.0,None,,20,Bancassurance,2026-07-24 22:53:08
2357,POL000002357,258,12,22,20241016,20241022,20251022,2024-10-16,2024-10-22,2025-10-22,Active,Monthly,Approved,Standard,6,5538.83,461.57,242000,5538.83,5538.83,1,0,0,0.0,None,,10,Bancassurance,2025-03-17 20:20:15
2358,POL000002358,280,9,4,20230715,20230721,20240720,2023-07-15,2023-07-21,2024-07-20,Lapsed,Quarterly,Approved,Standard,6,1597.86,133.16,171000,1597.86,0.0,0,1,0,0.0,None,,20,Agency,2026-03-30 09:40:29
2359,POL000002359,624,12,8,20230620,20230628,20240627,2023-06-20,2023-06-28,2024-06-27,Active,Half-yearly,Approved,Standard,8,13303.71,1108.64,709000,13303.71,13303.71,1,0,0,0.0,None,,20,Bancassurance,2026-01-07 06:39:05
2360,POL000002360,659,6,17,20231127,20231205,20241204,2023-11-27,2023-12-05,2024-12-04,Active,Quarterly,Approved,Standard,8,5388.17,449.01,150000,5388.17,5388.17,1,0,0,0.0,None,,15,Bancassurance,2026-04-03 13:24:47
2361,POL000002361,125,10,23,20241009,20241014,20251014,2024-10-09,2024-10-14,2025-10-14,Claimed,Monthly,Approved,Low,5,1556.52,129.71,276000,1556.52,1556.52,1,0,1,183483.98,Paid,2025-10-08,10,Bancassurance,2026-08-04 00:19:23
2362,POL000002362,433,9,1,20250807,20250821,20260821,2025-08-07,2025-08-21,2026-08-21,Active,Monthly,Approved,Standard,14,2064.46,172.04,226000,2064.46,2064.46,1,0,0,0.0,None,,5,Digital,2025-10-14 15:49:21
2363,POL000002363,247,9,7,20230908,20230919,20240918,2023-09-08,2023-09-19,2024-09-18,Active,Monthly,Approved,Standard,11,734.76,61.23,74000,734.76,734.76,1,0,0,0.0,None,,20,Bancassurance,2025-04-01 21:31:27
2364,POL000002364,675,7,12,20241005,20241011,20251011,2024-10-05,2024-10-11,2025-10-11,Active,Quarterly,Approved,Low,6,1732.88,144.41,160000,1732.88,0.0,0,0,0,0.0,None,,10,Agency,2025-08-02 10:13:59
2365,POL000002365,145,4,5,20250713,20250723,20260723,2025-07-13,2025-07-23,2026-07-23,Active,Monthly,Approved,Standard,10,13862.22,1155.18,630000,13862.22,13862.22,1,0,0,0.0,None,,25,Direct,2026-05-03 07:21:20
2366,POL000002366,11,1,20,20260216,20260226,20270226,2026-02-16,2026-02-26,2027-02-26,Active,Monthly,Approved,Standard,10,356.37,29.7,164000,0.0,0.0,0,0,0,0.0,None,,20,Agency,2026-08-16 08:34:40
2367,POL000002367,562,5,17,20231007,20231022,20241021,2023-10-07,2023-10-22,2024-10-21,Active,Monthly,Approved with Loading,Elevated,15,1435.43,119.62,58000,1435.43,1435.43,1,0,0,0.0,None,,15,Bancassurance,2025-10-20 18:52:12
2368,POL000002368,26,12,20,20240409,20240423,20250423,2024-04-09,2024-04-23,2025-04-23,Cancelled,Half-yearly,Approved with Loading,Elevated,14,10675.77,889.65,274000,10675.77,0.0,0,0,0,0.0,None,,10,Agency,2024-12-13 05:32:03
2369,POL000002369,721,1,1,20240630,20240704,20250704,2024-06-30,2024-07-04,2025-07-04,Active,Quarterly,Approved with Loading,Elevated,4,1285.09,107.09,425000,1285.09,1285.09,1,0,0,0.0,None,,10,Digital,2025-04-19 02:44:00
2370,POL000002370,288,7,19,20260719,20260729,20270729,2026-07-19,2026-07-29,2027-07-29,Active,Annual,Approved,Standard,10,2856.14,238.01,298000,0.0,0.0,0,0,0,0.0,None,,10,Agency,2026-08-17 21:18:43
2371,POL000002371,203,5,5,20230703,20230710,20240709,2023-07-03,2023-07-10,2024-07-09,Active,Half-yearly,Approved,Standard,7,1963.69,163.64,60000,1963.69,1963.69,1,0,0,0.0,None,,15,Direct,2025-03-07 18:16:18
2372,POL000002372,682,4,10,20240409,20240414,20250414,2024-04-09,2024-04-14,2025-04-14,Lapsed,Monthly,Approved,Standard,5,8567.59,713.97,507000,8567.59,0.0,0,1,0,0.0,None,,30,Agency,2026-01-02 08:47:20
2373,POL000002373,143,5,7,20250425,20250429,20260429,2025-04-25,2025-04-29,2026-04-29,Active,Monthly,Approved,Standard,4,1707.31,142.28,63000,1707.31,1707.31,1,0,0,0.0,None,,10,Bancassurance,2026-04-22 14:48:24
2374,POL000002374,277,3,25,20231025,20231103,20241102,2023-10-25,2023-11-03,2024-11-02,Active,Monthly,Approved,Low,9,1155.84,96.32,154000,1155.84,1155.84,1,0,0,0.0,None,,25,Agency,2025-05-11 13:20:22
2375,POL000002375,739,10,22,20231012,20231027,20241026,2023-10-12,2023-10-27,2024-10-26,Active,Quarterly,Approved,Low,15,879.01,73.25,127000,879.01,879.01,1,0,0,0.0,None,,10,Bancassurance,2024-10-30 23:23:57
2376,POL000002376,582,1,1,20240926,20241007,20251007,2024-09-26,2024-10-07,2025-10-07,Active,Monthly,Approved,Low,11,2288.79,190.73,1189000,2288.79,2288.79,1,0,0,0.0,None,,10,Digital,2026-07-29 16:34:05
2377,POL000002377,209,4,9,20250509,20250604,20260604,2025-05-09,2025-06-04,2026-06-04,Active,Monthly,Approved,Standard,26,8528.9,710.74,410000,8528.9,8528.9,1,0,0,0.0,None,,30,Bancassurance,2026-04-26 09:46:52
2378,POL000002378,642,7,2,20240307,20240312,20250312,2024-03-07,2024-03-12,2025-03-12,Active,Monthly,Approved,Standard,5,3646.39,303.87,254000,3646.39,3646.39,1,0,0,0.0,None,,20,Broker / IFA,2024-07-22 02:44:11
2379,POL000002379,469,11,9,20250805,20250807,20260807,2025-08-05,2025-08-07,2026-08-07,Active,Quarterly,Approved,Standard,2,2756.15,229.68,134000,2756.15,2756.15,1,0,0,0.0,None,,20,Bancassurance,2025-12-04 11:07:31
2380,POL000002380,153,2,18,20260315,20260318,20270318,2026-03-15,2026-03-18,2027-03-18,Active,Monthly,Approved,Low,3,655.34,54.61,188000,0.0,0.0,0,0,0,0.0,None,,10,Digital,2026-08-04 13:54:22
2381,POL000002381,742,3,12,20250114,20250127,20260127,2025-01-14,2025-01-27,2026-01-27,Active,Quarterly,Approved,Standard,13,2470.19,205.85,161000,2470.19,2470.19,1,0,0,0.0,None,,20,Agency,2026-04-27 13:13:04
2382,POL000002382,573,7,1,20241130,20241217,20251217,2024-11-30,2024-12-17,2025-12-17,Active,Quarterly,Approved,Low,17,1167.87,97.32,132000,1167.87,1167.87,1,0,0,0.0,None,,10,Digital,2025-07-02 20:47:51
2383,POL000002383,230,5,7,20241231,20250111,20260111,2024-12-31,2025-01-11,2026-01-11,Active,Monthly,Approved,Standard,11,8978.8,748.23,310000,8978.8,8978.8,1,0,0,0.0,None,,10,Bancassurance,2025-05-20 13:04:16
2384,POL000002384,51,11,7,20250119,20250122,20260122,2025-01-19,2025-01-22,2026-01-22,Lapsed,Monthly,Approved,Standard,3,3180.29,265.02,152000,3180.29,0.0,0,1,0,0.0,None,,10,Bancassurance,2026-01-02 06:47:09
2385,POL000002385,39,11,6,20260307,20260325,20270325,2026-03-07,2026-03-25,2027-03-25,Active,Monthly,Approved,Standard,18,18360.1,1530.01,968000,0.0,0.0,0,0,0,0.0,None,,20,Agency,2026-09-06 03:07:24
2386,POL000002386,206,12,3,20250302,20250305,20260305,2025-03-02,2025-03-05,2026-03-05,Active,Annual,Approved,Standard,3,6661.6,555.13,341000,6661.6,6661.6,1,0,0,0.0,None,,10,Broker / IFA,2025-07-04 14:48:59
2387,POL000002387,351,8,1,20240726,20240728,20250728,2024-07-26,2024-07-28,2025-07-28,Active,Monthly,Approved,Low,2,1952.55,162.71,216000,1952.55,1952.55,1,0,0,0.0,None,,10,Digital,2026-05-16 10:59:29
2388,POL000002388,144,9,18,20240119,20240202,20250201,2024-01-19,2024-02-02,2025-02-01,Active,Monthly,Approved,Low,14,2049.76,170.81,464000,2049.76,2049.76,1,0,0,0.0,None,,15,Digital,2026-06-14 05:02:37
2389,POL000002389,30,11,24,20240224,20240227,20250226,2024-02-24,2024-02-27,2025-02-26,Active,Monthly,Approved,Low,3,2725.93,227.16,126000,2725.93,2725.93,1,0,0,0.0,None,,15,Agency,2025-02-08 18:12:33
2390,POL000002390,450,2,21,20241225,20250112,20260112,2024-12-25,2025-01-12,2026-01-12,Claimed,Monthly,Approved with Loading,Elevated,18,1090.5,90.88,198000,1090.5,1090.5,1,0,1,89852.13,Paid,2025-05-19,20,Agency,2026-09-12 12:16:22
2391,POL000002391,421,1,18,20260910,20260917,20270917,2026-09-10,2026-09-17,2027-09-17,Active,Quarterly,Approved with Loading,Elevated,7,2008.28,167.36,698000,0.0,0.0,0,0,0,0.0,None,,5,Digital,2026-09-23 00:02:16
2392,POL000002392,392,7,3,20240310,20240317,20250317,2024-03-10,2024-03-17,2025-03-17,Active,Annual,Approved,Low,7,1762.55,146.88,169000,1762.55,1762.55,1,0,0,0.0,None,,15,Broker / IFA,2024-08-02 15:07:41
2393,POL000002393,742,11,20,20250123,20250129,20260129,2025-01-23,2025-01-29,2026-01-29,Active,Monthly,Approved with Loading,Elevated,6,6635.84,552.99,221000,6635.84,6635.84,1,0,0,0.0,None,,20,Agency,2026-03-21 20:38:46
2394,POL000002394,443,5,9,20240711,20240719,20250719,2024-07-11,2024-07-19,2025-07-19,Active,Monthly,Approved,Low,8,1901.01,158.42,87000,1901.01,1901.01,1,0,0,0.0,None,,10,Bancassurance,2025-11-01 21:41:43
2395,POL000002395,724,5,4,20251116,20251119,20261119,2025-11-16,2025-11-19,2026-11-19,Active,Annual,Approved,Standard,3,1336.73,111.39,55000,0.0,0.0,0,0,0,0.0,None,,20,Agency,2025-11-21 20:06:51
2396,POL000002396,442,7,19,20250619,20250712,20260712,2025-06-19,2025-07-12,2026-07-12,Active,Monthly,Approved,Low,23,3872.38,322.7,434000,3872.38,3872.38,1,0,0,0.0,None,,25,Agency,2026-04-22 02:40:19
2397,POL000002397,447,7,17,20250524,20250603,20260603,2025-05-24,2025-06-03,2026-06-03,Active,Monthly,Approved,Low,10,2525.17,210.43,269000,2525.17,2525.17,1,0,0,0.0,None,,15,Bancassurance,2025-10-21 22:00:27
2398,POL000002398,345,6,6,20260101,20260105,20270105,2026-01-01,2026-01-05,2027-01-05,Active,Monthly,Approved,Low,4,4105.82,342.15,175000,0.0,0.0,0,0,0,0.0,None,,15,Agency,2026-05-30 21:07:36
2399,POL000002399,374,10,18,20231103,20231105,20241104,2023-11-03,2023-11-05,2024-11-04,Active,Quarterly,Approved,Standard,2,1682.78,140.23,158000,1682.78,1682.78,1,0,0,0.0,None,,10,Digital,2024-11-20 21:17:22
2400,POL000002400,224,2,6,20230415,20230428,20240427,2023-04-15,2023-04-28,2024-04-27,Active,Annual,Approved,Low,13,673.87,56.16,211000,673.87,673.87,1,0,0,0.0,None,,15,Agency,2026-08-26 15:34:16
2401,POL000002401,744,9,1,20260525,20260527,20270527,2026-05-25,2026-05-27,2027-05-27,Active,Half-yearly,Approved with Loading,Elevated,2,2167.68,180.64,213000,0.0,0.0,0,0,0,0.0,None,,20,Digital,2026-07-07 16:49:10
2402,POL000002402,664,9,1,20260827,20260904,20270904,2026-08-27,2026-09-04,2027-09-04,Active,Monthly,Approved,Standard,8,781.0,65.08,104000,0.0,0.0,0,0,0,0.0,None,,15,Digital,2026-09-21 18:46:01
2403,POL000002403,365,2,1,20260718,20260726,20270726,2026-07-18,2026-07-26,2027-07-26,Active,Annual,Approved,Low,8,763.22,63.6,514000,0.0,0.0,0,0,0,0.0,None,,5,Digital,2026-09-24 12:44:09
2404,POL000002404,488,8,20,20260307,20260314,20270314,2026-03-07,2026-03-14,2027-03-14,Active,Annual,Approved,Standard,7,10253.74,854.48,504000,0.0,0.0,0,0,0,0.0,None,,15,Agency,2026-08-10 22:20:45
2405,POL000002405,50,12,21,20250929,20251007,20261007,2025-09-29,2025-10-07,2026-10-07,Active,Half-yearly,Approved with Loading,Elevated,8,14718.0,1226.5,344000,0.0,0.0,0,0,0,0.0,None,,10,Agency,2026-01-09 03:54:17
2406,POL000002406,513,6,3,20230411,20230427,20240426,2023-04-11,2023-04-27,2024-04-26,Active,Monthly,Approved with Loading,Elevated,16,8634.49,719.54,152000,8634.49,8634.49,1,0,0,0.0,None,,10,Broker / IFA,2025-09-16 17:45:51
2407,POL000002407,240,2,21,20250206,20250207,20260207,2025-02-06,2025-02-07,2026-02-07,Active,Monthly,Approved with Loading,Elevated,1,1005.3,83.78,327000,1005.3,1005.3,1,0,0,0.0,None,,15,Agency,2026-05-08 15:54:57
2408,POL000002408,590,11,25,20230705,20230710,20240709,2023-07-05,2023-07-10,2024-07-09,Lapsed,Monthly,Approved with Loading,Elevated,5,22775.03,1897.92,794000,22775.03,0.0,0,1,0,0.0,None,,15,Agency,2025-05-01 02:15:30
2409,POL000002409,598,7,8,20250403,20250415,20260415,2025-04-03,2025-04-15,2026-04-15,Active,Monthly,Approved,Low,12,1456.72,121.39,222000,1456.72,1456.72,1,0,0,0.0,None,,25,Bancassurance,2025-06-22 15:31:46
2410,POL000002410,524,8,9,20240810,20240818,20250818,2024-08-10,2024-08-18,2025-08-18,Active,Monthly,Approved with Loading,Elevated,8,13159.53,1096.63,965000,13159.53,13159.53,1,0,0,0.0,None,,20,Bancassurance,2025-04-25 03:36:16
2411,POL000002411,373,1,1,20250520,20250608,20260608,2025-05-20,2025-06-08,2026-06-08,Active,Monthly,Approved,Standard,19,491.91,40.99,256000,491.91,491.91,1,0,0,0.0,None,,5,Digital,2026-09-05 22:22:42
2412,POL000002412,675,8,20,20250618,20250627,20260627,2025-06-18,2025-06-27,2026-06-27,Active,Monthly,Approved,Standard,9,2892.85,241.07,238000,2892.85,2892.85,1,0,0,0.0,None,,10,Agency,2026-04-29 22:00:38
2413,POL000002413,476,7,3,20240211,20240222,20250221,2024-02-11,2024-02-22,2025-02-21,Active,Monthly,Approved,Standard,11,3706.53,308.88,396000,3706.53,3706.53,1,0,0,0.0,None,,25,Broker / IFA,2026-08-26 01:53:27
2414,POL000002414,88,8,8,20250624,20250626,20260626,2025-06-24,2025-06-26,2026-06-26,Active,Monthly,Approved,Standard,2,9939.74,828.31,813000,9939.74,0.0,0,0,0,0.0,None,,20,Bancassurance,2025-10-24 09:48:49
2415,POL000002415,741,8,5,20260912,20260912,20270912,2026-09-12,2026-09-12,2027-09-12,Active,Monthly,Approved,Low,0,4656.85,388.07,371000,0.0,0.0,0,0,0,0.0,None,,15,Direct,2026-09-14 12:56:25
2416,POL000002416,556,11,15,20250805,20250809,20260809,2025-08-05,2025-08-09,2026-08-09,Active,Monthly,Approved,Standard,4,2007.18,167.26,117000,2007.18,2007.18,1,0,0,0.0,None,,15,Bancassurance,2026-06-15 00:12:57
2417,POL000002417,476,1,4,20240331,20240418,20250418,2024-03-31,2024-04-18,2025-04-18,Active,Monthly,Approved,Standard,18,557.01,46.42,423000,557.01,557.01,1,0,0,0.0,None,,10,Agency,2025-04-30 15:43:56
2418,POL000002418,442,9,11,20250910,20250917,20260917,2025-09-10,2025-09-17,2026-09-17,Active,Quarterly,Approved,Low,7,1407.24,117.27,211000,1407.24,0.0,0,0,0,0.0,None,,15,Bancassurance,2026-03-16 05:31:52
2419,POL000002419,546,3,3,20231213,20231221,20241220,2023-12-13,2023-12-21,2024-12-20,Active,Half-yearly,Approved,Standard,8,3408.43,284.04,198000,3408.43,3408.43,1,0,0,0.0,None,,25,Broker / IFA,2026-02-03 18:52:42
2420,POL000002420,78,2,14,20250728,20250807,20260807,2025-07-28,2025-08-07,2026-08-07,Active,Monthly,Approved,Low,10,486.65,40.55,172000,486.65,486.65,1,0,0,0.0,None,,10,Bancassurance,2026-05-09 19:08:49
2421,POL000002421,662,3,14,20250626,20250704,20260704,2025-06-26,2025-07-04,2026-07-04,Active,Monthly,Approved with Loading,Elevated,8,2614.3,217.86,133000,2614.3,2614.3,1,0,0,0.0,None,,30,Bancassurance,2026-05-24 22:51:30
2422,POL000002422,553,2,18,20260525,20260531,20270531,2026-05-25,2026-05-31,2027-05-31,Active,Monthly,Approved,Low,6,1824.72,152.06,815000,0.0,0.0,0,0,0,0.0,None,,20,Digital,2026-08-28 00:31:21
2423,POL000002423,472,9,16,20250816,20250824,20260824,2025-08-16,2025-08-24,2026-08-24,Active,Monthly,Approved,Low,8,328.3,27.36,62000,328.3,328.3,1,0,0,0.0,None,,10,Direct,2026-04-30 22:02:32
2424,POL000002424,94,11,11,20240125,20240128,20250127,2024-01-25,2024-01-28,2025-01-27,Cancelled,Quarterly,Approved,Standard,3,1835.7,152.98,125000,1835.7,0.0,0,0,0,0.0,None,,20,Bancassurance,2025-10-21 06:27:02
2425,POL000002425,132,2,16,20230211,20230216,20240216,2023-02-11,2023-02-16,2024-02-16,Active,Monthly,Approved,Standard,5,868.84,72.4,427000,868.84,868.84,1,0,0,0.0,None,,20,Direct,2025-01-17 07:37:04
2426,POL000002426,376,2,1,20250110,20250117,20260117,2025-01-10,2025-01-17,2026-01-17,Active,Monthly,Approved,Standard,7,2021.65,168.47,861000,2021.65,2021.65,1,0,0,0.0,None,,20,Digital,2026-09-04 05:39:51
2427,POL000002427,293,3,11,20241113,20241116,20251116,2024-11-13,2024-11-16,2025-11-16,Active,Monthly,Approved,Low,3,5733.63,477.8,601000,5733.63,5733.63,1,0,0,0.0,None,,30,Bancassurance,2025-12-16 13:41:59
2428,POL000002428,544,5,11,20240304,20240321,20250321,2024-03-04,2024-03-21,2025-03-21,Active,Monthly,Approved,Low,17,5734.74,477.9,300000,5734.74,5734.74,1,0,0,0.0,None,,15,Bancassurance,2026-08-20 22:42:27
2429,POL000002429,191,10,3,20240820,20240902,20250902,2024-08-20,2024-09-02,2025-09-02,Active,Monthly,Approved,Standard,13,3216.03,268.0,243000,3216.03,3216.03,1,0,0,0.0,None,,15,Broker / IFA,2025-04-23 17:56:28
2430,POL000002430,329,3,18,20260504,20260519,20270519,2026-05-04,2026-05-19,2027-05-19,Lapsed,Quarterly,Approved,Standard,15,8657.17,721.43,668000,0.0,0.0,0,1,0,0.0,None,,30,Digital,2026-06-29 02:33:24
2431,POL000002431,201,6,13,20240615,20240713,20250713,2024-06-15,2024-07-13,2025-07-13,Active,Annual,Approved,Standard,28,7022.2,585.18,234000,7022.2,7022.2,1,0,0,0.0,None,,18,Broker / IFA,2024-07-22 11:35:19
2432,POL000002432,345,6,23,20240420,20240516,20250516,2024-04-20,2024-05-16,2025-05-16,Active,Annual,Approved,Low,26,1474.07,122.84,67000,1474.07,1474.07,1,0,0,0.0,None,,15,Bancassurance,2025-07-17 22:27:46
2433,POL000002433,599,6,19,20231016,20231107,20241106,2023-10-16,2023-11-07,2024-11-06,Active,Annual,Approved,Standard,22,13883.98,1157.0,442000,13883.98,13883.98,1,0,0,0.0,None,,10,Agency,2025-12-17 01:21:59
2434,POL000002434,236,7,10,20260625,20260629,20270629,2026-06-25,2026-06-29,2027-06-29,Active,Half-yearly,Approved,Standard,4,1144.87,95.41,121000,0.0,0.0,0,0,0,0.0,None,,20,Agency,2026-07-04 21:52:44
2435,POL000002435,613,7,18,20230516,20230520,20240519,2023-05-16,2023-05-20,2024-05-19,Active,Monthly,Approved with Loading,Elevated,4,15683.98,1307.0,928000,15683.98,15683.98,1,0,0,0.0,None,,20,Digital,2026-09-09 23:15:29
2436,POL000002436,380,4,6,20230302,20230305,20240304,2023-03-02,2023-03-05,2024-03-04,Active,Monthly,Approved,Standard,3,1913.08,159.42,137000,1913.08,1913.08,1,0,0,0.0,None,,30,Agency,2023-03-18 23:16:39
2437,POL000002437,530,8,13,20230325,20230329,20240328,2023-03-25,2023-03-29,2024-03-28,Active,Quarterly,Approved,Low,4,7488.0,624.0,887000,7488.0,7488.0,1,0,0,0.0,None,,15,Broker / IFA,2026-06-28 04:05:19
2438,POL000002438,46,8,25,20260123,20260127,20270127,2026-01-23,2026-01-27,2027-01-27,Active,Annual,Approved with Loading,Elevated,4,8441.66,703.47,372000,0.0,0.0,0,0,0,0.0,None,,15,Agency,2026-05-31 07:32:24
2439,POL000002439,412,1,5,20260408,20260410,20270410,2026-04-08,2026-04-10,2027-04-10,Active,Monthly,Approved,Standard,2,2816.31,234.69,1289000,0.0,0.0,0,0,0,0.0,None,,2,Direct,2026-05-27 22:58:48
2440,POL000002440,364,9,5,20250727,20250806,20260806,2025-07-27,2025-08-06,2026-08-06,Active,Quarterly,Approved,Low,10,1657.0,138.08,313000,1657.0,1657.0,1,0,0,0.0,None,,10,Direct,2026-07-29 16:06:23
2441,POL000002441,355,6,8,20250706,20250709,20260709,2025-07-06,2025-07-09,2026-07-09,Cancelled,Annual,Approved,Standard,3,2222.42,185.2,76000,2222.42,0.0,0,0,0,0.0,None,,18,Bancassurance,2026-02-21 07:05:46
2442,POL000002442,102,2,1,20260505,20260508,20270508,2026-05-05,2026-05-08,2027-05-08,Active,Annual,Approved with Loading,Elevated,3,926.47,77.21,316000,0.0,0.0,0,0,0,0.0,None,,20,Digital,2026-08-17 07:09:21
2443,POL000002443,581,7,13,20260627,20260710,20270710,2026-06-27,2026-07-10,2027-07-10,Active,Quarterly,Approved,Standard,13,4819.71,401.64,636000,0.0,0.0,0,0,0,0.0,None,,20,Broker / IFA,2026-09-07 14:24:28
2444,POL000002444,666,5,1,20260808,20260816,20270816,2026-08-08,2026-08-16,2027-08-16,Active,Annual,Approved,Standard,8,1756.47,146.37,104000,0.0,0.0,0,0,0,0.0,None,,10,Digital,2026-08-31 06:30:56
2445,POL000002445,645,3,21,20260219,20260301,20270301,2026-02-19,2026-03-01,2027-03-01,Active,Quarterly,Approved,Low,10,2812.62,234.38,293000,0.0,0.0,0,0,0,0.0,None,,30,Agency,2026-04-15 05:13:44
2446,POL000002446,398,7,12,20241102,20241118,20251118,2024-11-02,2024-11-18,2025-11-18,Active,Monthly,Approved,Low,16,3587.16,298.93,493000,3587.16,0.0,0,0,0,0.0,None,,10,Agency,2025-07-29 17:09:58
2447,POL000002447,174,11,5,20251018,20251027,20261027,2025-10-18,2025-10-27,2026-10-27,Active,Monthly,Approved,Standard,9,9387.9,782.32,380000,0.0,0.0,0,0,0,0.0,None,,10,Direct,2026-04-15 13:03:26
2448,POL000002448,471,4,24,20260129,20260201,20270201,2026-01-29,2026-02-01,2027-02-01,Active,Annual,Approved,Standard,3,10119.44,843.29,324000,0.0,0.0,0,0,0,0.0,None,,25,Agency,2026-06-18 09:14:30
2449,POL000002449,107,11,15,20240715,20240719,20250719,2024-07-15,2024-07-19,2025-07-19,Active,Monthly,Approved,Standard,4,14269.16,1189.1,647000,14269.16,0.0,0,0,0,0.0,None,,10,Bancassurance,2024-10-06 23:00:44
2450,POL000002450,208,5,7,20240902,20240912,20250912,2024-09-02,2024-09-12,2025-09-12,Lapsed,Monthly,Approved with Loading,Elevated,10,1984.52,165.38,71000,1984.52,0.0,0,1,0,0.0,None,,10,Bancassurance,2025-09-29 14:03:01
2451,POL000002451,475,10,20,20260610,20260622,20270622,2026-06-10,2026-06-22,2027-06-22,Active,Monthly,Approved,Low,12,946.06,78.84,131000,0.0,0.0,0,0,0,0.0,None,,15,Agency,2026-09-18 11:29:45
2452,POL000002452,679,7,19,20230712,20230725,20240724,2023-07-12,2023-07-25,2024-07-24,Cancelled,Annual,Approved with Loading,Elevated,13,13544.07,1128.67,863000,13544.07,0.0,0,0,0,0.0,None,,20,Agency,2024-01-27 18:59:40
2453,POL000002453,739,10,24,20231009,20231022,20241021,2023-10-09,2023-10-22,2024-10-21,Lapsed,Annual,Approved,Low,13,1789.6,149.13,317000,1789.6,0.0,0,1,0,0.0,None,,15,Agency,2026-08-26 14:15:45
2454,POL000002454,359,3,19,20251102,20251108,20261108,2025-11-02,2025-11-08,2026-11-08,Claimed,Monthly,Approved with Loading,Elevated,6,17657.93,1471.49,721000,0.0,0.0,0,0,1,147036.57,Paid,2026-04-11,25,Agency,2026-01-12 18:12:44
2455,POL000002455,365,1,10,20241116,20241125,20251125,2024-11-16,2024-11-25,2025-11-25,Active,Monthly,Approved,Low,9,502.07,41.84,287000,502.07,502.07,1,0,0,0.0,None,,5,Agency,2025-04-18 03:28:48
2456,POL000002456,208,10,22,20251008,20251016,20261016,2025-10-08,2025-10-16,2026-10-16,Active,Annual,Approved,Standard,8,4519.94,376.66,333000,0.0,0.0,0,0,0,0.0,None,,10,Bancassurance,2026-04-01 22:33:29
2457,POL000002457,635,2,1,20260717,20260801,20270801,2026-07-17,2026-08-01,2027-08-01,Active,Monthly,Approved,Standard,15,3876.3,323.03,1037000,0.0,0.0,0,0,0,0.0,None,,15,Digital,2026-09-03 02:22:11
2458,POL000002458,295,1,9,20260119,20260126,20270126,2026-01-19,2026-01-26,2027-01-26,Lapsed,Monthly,Approved with Loading,Elevated,7,2711.16,225.93,963000,0.0,0.0,0,1,0,0.0,None,,20,Bancassurance,2026-07-16 12:56:54
2459,POL000002459,36,2,12,20240806,20240814,20250814,2024-08-06,2024-08-14,2025-08-14,Active,Monthly,Approved,Low,8,1476.0,123.0,532000,1476.0,1476.0,1,0,0,0.0,None,,10,Agency,2025-09-29 19:30:53
2460,POL000002460,218,11,15,20250221,20250305,20260305,2025-02-21,2025-03-05,2026-03-05,Active,Quarterly,Approved with Loading,Elevated,12,4342.27,361.86,108000,4342.27,4342.27,1,0,0,0.0,None,,10,Bancassurance,2025-05-01 12:10:29
2461,POL000002461,618,5,16,20240730,20240811,20250811,2024-07-30,2024-08-11,2025-08-11,Active,Monthly,Approved,Low,12,2427.63,202.3,170000,2427.63,2427.63,1,0,0,0.0,None,,20,Direct,2026-01-15 18:59:50
2462,POL000002462,76,5,25,20240917,20240920,20250920,2024-09-17,2024-09-20,2025-09-20,Active,Quarterly,Approved,Standard,3,2818.46,234.87,119000,2818.46,0.0,0,0,0,0.0,None,,20,Agency,2025-02-02 22:26:07
2463,POL000002463,166,8,2,20250804,20250810,20260810,2025-08-04,2025-08-10,2026-08-10,Active,Monthly,Approved,Low,6,3824.62,318.72,434000,3824.62,3824.62,1,0,0,0.0,None,,10,Broker / IFA,2026-08-11 21:57:12
2464,POL000002464,503,8,17,20230111,20230120,20240120,2023-01-11,2023-01-20,2024-01-20,Active,Quarterly,Approved,Standard,9,3550.59,295.88,277000,3550.59,3550.59,1,0,0,0.0,None,,15,Bancassurance,2025-10-24 03:00:12
2465,POL000002465,120,1,23,20240818,20240827,20250827,2024-08-18,2024-08-27,2025-08-27,Matured,Monthly,Approved,Standard,9,1518.63,126.55,642000,1518.63,0.0,0,0,0,0.0,None,,1,Bancassurance,2025-11-11 06:48:17
2466,POL000002466,104,3,14,20260907,20260908,20270908,2026-09-07,2026-09-08,2027-09-08,Lapsed,Monthly,Approved,Standard,1,8530.02,710.84,402000,0.0,0.0,0,1,0,0.0,None,,20,Bancassurance,2026-09-19 05:06:34
2467,POL000002467,330,2,5,20250914,20250925,20260925,2025-09-14,2025-09-25,2026-09-25,Active,Monthly,Approved,Low,11,1007.77,83.98,505000,1007.77,1007.77,1,0,0,0.0,None,,10,Direct,2026-03-21 11:08:45
2468,POL000002468,484,2,20,20240219,20240225,20250224,2024-02-19,2024-02-25,2025-02-24,Active,Annual,Approved,Standard,6,2062.25,171.85,714000,2062.25,2062.25,1,0,0,0.0,None,,5,Agency,2025-11-21 00:34:14
2469,POL000002469,74,9,2,20250606,20250610,20260610,2025-06-06,2025-06-10,2026-06-10,Active,Quarterly,Approved with Loading,Elevated,4,3639.8,303.32,286000,3639.8,0.0,0,0,0,0.0,None,,5,Broker / IFA,2025-08-03 00:21:14
2470,POL000002470,75,5,13,20260902,20260908,20270908,2026-09-02,2026-09-08,2027-09-08,Active,Annual,Approved,Low,6,3864.64,322.05,248000,0.0,0.0,0,0,0,0.0,None,,20,Broker / IFA,2026-09-15 14:39:18
2471,POL000002471,379,12,6,20260717,20260723,20270723,2026-07-17,2026-07-23,2027-07-23,Active,Annual,Approved,Standard,6,9483.66,790.3,348000,0.0,0.0,0,0,0,0.0,None,,20,Agency,2026-08-17 05:57:15
2472,POL000002472,737,11,24,20240911,20240927,20250927,2024-09-11,2024-09-27,2025-09-27,Active,Annual,Approved,Standard,16,16776.68,1398.06,648000,16776.68,16776.68,1,0,0,0.0,None,,10,Agency,2026-07-03 19:32:38
2473,POL000002473,491,1,3,20260401,20260409,20270409,2026-04-01,2026-04-09,2027-04-09,Active,Monthly,Approved,Low,8,934.81,77.9,517000,0.0,0.0,0,0,0,0.0,None,,20,Broker / IFA,2026-07-10 17:33:50
2474,POL000002474,310,7,1,20250508,20250528,20260528,2025-05-08,2025-05-28,2026-05-28,Active,Annual,Approved,Low,20,1287.19,107.27,124000,1287.19,0.0,0,0,0,0.0,None,,15,Digital,2026-01-29 01:38:11
2475,POL000002475,177,3,17,20250708,20250719,20260719,2025-07-08,2025-07-19,2026-07-19,Active,Half-yearly,Approved,Standard,11,2969.04,247.42,202000,2969.04,2969.04,1,0,0,0.0,None,,30,Bancassurance,2026-06-12 04:50:59
2476,POL000002476,429,6,5,20260503,20260511,20270511,2026-05-03,2026-05-11,2027-05-11,Active,Monthly,Approved,Low,8,1793.16,149.43,67000,0.0,0.0,0,0,0,0.0,None,,18,Direct,2026-07-14 19:31:30
2477,POL000002477,527,11,19,20241224,20241230,20251230,2024-12-24,2024-12-30,2025-12-30,Active,Annual,Approved with Loading,Elevated,6,31298.91,2608.24,903000,31298.91,0.0,0,0,0,0.0,None,,15,Agency,2025-10-18 22:40:33
2478,POL000002478,594,2,1,20231027,20231116,20241115,2023-10-27,2023-11-16,2024-11-15,Active,Quarterly,Approved,Standard,20,2464.01,205.33,608000,2464.01,2464.01,1,0,0,0.0,None,,5,Digital,2024-08-30 11:59:45
2479,POL000002479,351,3,22,20230922,20230928,20240927,2023-09-22,2023-09-28,2024-09-27,Active,Quarterly,Approved,Standard,6,6554.74,546.23,662000,6554.74,6554.74,1,0,0,0.0,None,,25,Bancassurance,2024-12-02 07:37:41
2480,POL000002480,311,11,22,20260305,20260316,20270316,2026-03-05,2026-03-16,2027-03-16,Active,Annual,Approved with Loading,Elevated,11,22574.14,1881.18,515000,0.0,0.0,0,0,0,0.0,None,,10,Bancassurance,2026-05-27 17:12:25
2481,POL000002481,680,9,18,20250131,20250201,20260201,2025-01-31,2025-02-01,2026-02-01,Claimed,Monthly,Approved,Low,1,1122.49,93.54,169000,1122.49,0.0,0,0,1,109740.7,Paid,2025-10-25,10,Digital,2026-09-06 14:01:43
2482,POL000002482,738,4,11,20260902,20260906,20270906,2026-09-02,2026-09-06,2027-09-06,Active,Monthly,Approved,Low,4,5410.3,450.86,538000,0.0,0.0,0,0,0,0.0,None,,30,Bancassurance,2026-09-20 14:50:22
2483,POL000002483,72,9,10,20260506,20260516,20270516,2026-05-06,2026-05-16,2027-05-16,Active,Monthly,Approved,Standard,10,6045.39,503.78,497000,0.0,0.0,0,0,0,0.0,None,,10,Agency,2026-09-18 14:31:34
2484,POL000002484,172,2,25,20240817,20240821,20250821,2024-08-17,2024-08-21,2025-08-21,Active,Monthly,Approved,Standard,4,1004.97,83.75,211000,1004.97,1004.97,1,0,0,0.0,None,,15,Agency,2025-07-06 15:05:35
2485,POL000002485,747,10,1,20230320,20230325,20240324,2023-03-20,2023-03-25,2024-03-24,Lapsed,Monthly,Approved,Low,5,2078.02,173.17,328000,2078.02,0.0,0,1,0,0.0,None,,15,Digital,2026-08-13 19:48:30
2486,POL000002486,665,1,1,20260815,20260818,20270818,2026-08-15,2026-08-18,2027-08-18,Active,Annual,Approved,Low,3,1990.49,165.87,955000,0.0,0.0,0,0,0,0.0,None,,1,Digital,2026-09-12 02:40:30
2487,POL000002487,652,3,18,20260204,20260208,20270208,2026-02-04,2026-02-08,2027-02-08,Active,Half-yearly,Approved,Standard,4,10500.35,875.03,698000,0.0,0.0,0,0,0,0.0,None,,20,Digital,2026-08-22 20:04:59
2488,POL000002488,477,7,1,20251006,20251013,20261013,2025-10-06,2025-10-13,2026-10-13,Active,Monthly,Approved,Standard,7,3849.73,320.81,256000,0.0,0.0,0,0,0,0.0,None,,25,Digital,2025-12-03 01:48:31
2489,POL000002489,286,8,3,20251227,20260118,20270118,2025-12-27,2026-01-18,2027-01-18,Cancelled,Monthly,Approved,Standard,22,2496.46,208.04,154000,0.0,0.0,0,0,0,0.0,None,,15,Broker / IFA,2026-01-18 11:23:39
2490,POL000002490,463,1,6,20230529,20230604,20240603,2023-05-29,2023-06-04,2024-06-03,Active,Annual,Approved,Standard,6,3407.1,283.92,881000,3407.1,3407.1,1,0,0,0.0,None,,20,Agency,2025-05-24 05:39:42
2491,POL000002491,630,5,19,20241022,20241026,20251026,2024-10-22,2024-10-26,2025-10-26,Claimed,Monthly,Approved with Loading,Elevated,4,6802.72,566.89,244000,6802.72,6802.72,1,0,1,58107.8,Paid,2025-10-10,15,Agency,2025-08-10 07:32:41
2492,POL000002492,574,10,4,20250626,20250705,20260705,2025-06-26,2025-07-05,2026-07-05,Active,Quarterly,Approved,Low,9,1234.44,102.87,158000,1234.44,1234.44,1,0,0,0.0,None,,10,Agency,2026-08-26 22:33:56
2493,POL000002493,598,1,1,20230219,20230228,20240228,2023-02-19,2023-02-28,2024-02-28,Matured,Monthly,Approved,Standard,9,1516.92,126.41,849000,1516.92,1516.92,1,0,0,0.0,None,,2,Digital,2026-07-03 16:09:15
2494,POL000002494,400,3,20,20240529,20240613,20250613,2024-05-29,2024-06-13,2025-06-13,Active,Monthly,Approved,Standard,15,6263.54,521.96,369000,6263.54,6263.54,1,0,0,0.0,None,,20,Agency,2024-07-08 01:30:49
2495,POL000002495,596,5,22,20260616,20260621,20270621,2026-06-16,2026-06-21,2027-06-21,Active,Monthly,Approved,Standard,5,1934.65,161.22,85000,0.0,0.0,0,0,0,0.0,None,,20,Bancassurance,2026-07-23 17:49:28
2496,POL000002496,227,7,3,20240307,20240328,20250328,2024-03-07,2024-03-28,2025-03-28,Lapsed,Annual,Approved,Standard,21,8477.28,706.44,382000,8477.28,0.0,0,1,0,0.0,None,,10,Broker / IFA,2024-09-16 02:28:41
2497,POL000002497,573,3,20,20230204,20230205,20240205,2023-02-04,2023-02-05,2024-02-05,Active,Monthly,Approved,Standard,1,10871.39,905.95,586000,10871.39,10871.39,1,0,0,0.0,None,,30,Agency,2026-09-08 02:41:39
2498,POL000002498,701,3,24,20240605,20240622,20250622,2024-06-05,2024-06-22,2025-06-22,Active,Monthly,Approved,Low,17,3658.17,304.85,363000,3658.17,3658.17,1,0,0,0.0,None,,30,Agency,2024-07-23 00:33:12
2499,POL000002499,352,3,10,20250605,20250616,20260616,2025-06-05,2025-06-16,2026-06-16,Active,Monthly,Approved,Standard,11,1701.08,141.76,197000,1701.08,1701.08,1,0,0,0.0,None,,20,Agency,2026-03-25 14:44:29
2500,POL000002500,287,9,18,20250630,20250701,20260701,2025-06-30,2025-07-01,2026-07-01,Active,Monthly,Approved,Standard,1,906.96,75.58,101000,906.96,906.96,1,0,0,0.0,None,,5,Digital,2025-11-16 11:54:16
